file_name,url,file_size,file_size_kilobytes,last_modified_date,author,subject,keywords,creation_date,producer,number_of_pages,number_of_tables,number_of_images,version,source,text_around_link,predicted_category,predicted_category_confidence
Microsoft Word - What Is APCD,https://apcd.georgia.gov/document/document/what-apcd-information-sheetpdf/download,635.4KB,635.359375,2022-01-21 08:03:04,melissa.barwick,,,2021-10-20 16:02:02,Microsoft: Print To PDF,2,0,1,PDF 1.7,"['https://apcd.georgia.gov/governance-0/advisory-committee/advisory-committee-meetings#main-content', 'https://apcd.georgia.gov/organization/about-all-payer-claims-database', 'https://apcd.georgia.gov/governance-0/advisory-committee/advisory-committee-meetings', 'https://apcd.georgia.gov/organization/about-all-payer-claims-database#main-content']","['What\n \nis an APCD? Information Sheet', '""What\n \nis an APCD?"" Information Sheet']",Brochure,0.2971281111240387
Georgia APCD Data Request Application,https://apcd.georgia.gov/media/1121/download,304.6KB,304.6416015625,2025-02-06 16:03:08,Qualtrics,,,2025-02-06 16:03:08,Adobe PDF Library 24.5.175,22,3,1,PDF 1.6,"['https://apcd.georgia.gov/data-reports/non-public-data', 'https://apcd.georgia.gov/data-reports/non-public-data#main-content']",['preview\n \nthe content of the application'],Form,0.4356735646724701
download,https://apcd.georgia.gov/document/document/georgia-all-payer-claims-database-2024-administrator-annual-reportpdf/download,2.3MB,2336.3486328125,2025-02-28 17:04:00,,,,2025-02-28 17:04:00,macOS Version 14.5 (Build 23F79) Quartz PDFContext,21,11,30,PDF 1.4,"['https://apcd.georgia.gov/governance#main-content', 'https://apcd.georgia.gov/governance']",['Administrator\n \nCY24 Annual Report'],Report,0.7375946044921875
Georgia All-Payer Claims Database 2023 Administrator Annual Report,https://apcd.georgia.gov/document/document/georgia-all-payer-claims-database-administrator-annual-report-calendar-year-2023/download,2.9MB,2970.4443359375,2024-02-29 06:05:04,"Duke, Jon",,,2024-02-28 22:04:03,macOS Version 14.3.1 (Build 23D60) Quartz PDFContext,16,9,31,PDF 1.4,"['https://apcd.georgia.gov/governance#main-content', 'https://apcd.georgia.gov/governance']",['Administrator\n \nCY23 Annual Report'],Report,0.9748934507369995
Microsoft Word - OHSC_FY22_APCD_Report_FINAL.docx,https://apcd.georgia.gov/document/document/ohscfy22apcdreportfinalpdf/download,894.9KB,894.9111328125,2022-12-16 19:00:06,,,,2022-12-16 19:00:06,macOS Version 12.6 (Build 21G115) Quartz PDFContext,15,0,20,PDF 1.4,"['https://apcd.georgia.gov/governance#main-content', 'https://apcd.georgia.gov/governance']",['OHSC\n \nFY22 Annual Report'],Report,0.9848365187644958
APCD Administrator Annual Report 3_1_2023,https://apcd.georgia.gov/document/document/georgia-all-payer-claims-database-administrator-annual-report-calendar-year-2022/download,595.4KB,595.40625,2023-02-28 19:05:03,"Duke, Jon",,,2023-02-28 19:05:03,macOS Version 13.1 (Build 22C65) Quartz PDFContext,14,11,2,PDF 1.4,"['https://apcd.georgia.gov/governance#main-content', 'https://apcd.georgia.gov/governance']",['Administrator\n \nCY22 Annual Report'],Report,0.9842901825904846
Microsoft Word - Enterprise Information Security Charter PS-08-005.01.doc,https://apcd.georgia.gov/document/document/georgia-all-payer-claims-database-advisory-committee-charter/download,86.7KB,86.705078125,2021-10-29 15:05:04,tmorris,,,2021-10-28 16:04:09,Microsoft® Word for Microsoft 365,6,1,1,PDF 1.7,"['https://apcd.georgia.gov/governance-0/advisory-committee/advisory-committee-meetings#main-content', 'https://apcd.georgia.gov/governance-0/advisory-committee', 'https://apcd.georgia.gov/governance-0/advisory-committee/advisory-committee-meetings', 'https://apcd.georgia.gov/governance-0/advisory-committee#main-content']","['Committee\n \nCharter', 'Committee\n \nCharter - Adopted']",Policy,0.5918668508529663
Microsoft Word - Recommendations to Advisory Committee - APCD Data Use 06.21.2022 Final.docx,https://apcd.georgia.gov/document/document/recommendations-advisory-committee-apcd-data-use-06212022-finalpdf/download,354.7KB,354.7431640625,2022-06-29 13:01:09,,,,2022-06-21 16:01:05,macOS Version 12.1 (Build 21C52) Quartz PDFContext,5,7,1,PDF 1.3,"['https://apcd.georgia.gov/governance-0/advisory-committee', 'https://apcd.georgia.gov/governance-0/advisory-committee#main-content']",['Recommendations\n \n- APCD Data Use'],Form,0.2780498266220093
Microsoft Word - Recommendations to Advisory Committee - Data Release 06.21.2022 Final.docx,https://apcd.georgia.gov/document/document/recommendations-advisory-committee-data-release-06212022/download,384.5KB,384.50390625,2022-06-29 13:01:09,,,,2022-06-21 16:01:02,macOS Version 12.1 (Build 21C52) Quartz PDFContext,5,9,1,PDF 1.3,"['https://apcd.georgia.gov/governance-0/advisory-committee', 'https://apcd.georgia.gov/governance-0/advisory-committee#main-content']",['Recommendations\n \n- Processes for Access and Release of Data'],Form,0.23778527975082397
Microsoft Word - Submitter Rules Notice and Adopted Rule_OHSC_FINAL.docx,https://apcd.georgia.gov/document/document/rule-11-submitting-entities/download,301.0KB,301.00390625,2023-02-01 22:03:01,,,,2023-02-01 22:03:01,macOS Version 13.1 (Build 22C65) Quartz PDFContext,9,0,3,PDF 1.4,"['https://apcd.georgia.gov/data-reports/submitters/submitter-rules', 'https://apcd.georgia.gov/data-reports/submitters/submitter-rules#main-content']",['Rule\n \n1.1 Submitting Entities'],Report,0.5996201038360596
Microsoft Word - Submitter Rules Comments and Responses_OHSC_FINAL.docx,https://apcd.georgia.gov/document/document/submitter-rules-comments-and-responses/download,310.0KB,309.9931640625,2023-02-01 22:02:09,,,,2023-02-01 22:02:09,macOS Version 13.1 (Build 22C65) Quartz PDFContext,8,8,1,PDF 1.3,"['https://apcd.georgia.gov/data-reports/submitters/submitter-rules', 'https://apcd.georgia.gov/data-reports/submitters/submitter-rules#main-content']",['Submitter\n \nRules Comments and Responses'],Report,0.4552045166492462
GAPCD_InfantHealth,https://apcd.georgia.gov/document/document/infant-health-outcomes-2018-2022-infographic/download,2.4MB,2469.3818359375,2024-06-07 18:01:08,Char H,,"DAGGisyAELg,BADsKkHsAwI",2024-06-07 18:01:08,Canva,1,0,10,PDF 1.4,"['https://apcd.georgia.gov/infant-health-outcomes', 'https://apcd.georgia.gov/infant-health-outcomes#main-content']",['Infant\xa0Health Outcomes (2018-2022) Infographic'],Flyer,0.363390177488327
UC11_write_up_v3.pdf,https://apcd.georgia.gov/document/document/low-value-care-opioids-low-back-painpdf/download,1.5MB,1545.267578125,2024-06-07 13:03:07,mdenham3,,,2024-06-03 14:03:05,Acrobat Distiller 24.0 (Windows),10,6,7,PDF 1.6,"['https://apcd.georgia.gov/low-value-care-opioids-low-back-pain#main-content', 'https://apcd.georgia.gov/low-value-care-opioids-low-back-pain']",['Low-Value\xa0Care- Opioids for Low Back Pain.pdf'],Report,0.28182023763656616
GAPCD_Avoidable_Emergency_Department_Costs,https://apcd.georgia.gov/document/document/avoidable-emergency-department-costs-2022--UNPUBLISHED-document--DO-NOT-SHARE-this-URL--/download,623.3KB,623.2900390625,2024-01-30 17:00:03,CH,,"DAF60IG66-s,BAFPcgpJE-g",2024-01-30 17:00:03,Canva,1,0,2,PDF 1.4,"['https://apcd.georgia.gov/avoidable-emergency-department-costs', 'https://apcd.georgia.gov/avoidable-emergency-department-costs#main-content']",['Georgia\xa0APCD Avoidable ED Costs (2022) Infographic'],Diagram,0.8378080725669861
Adherence to USPSTF Breast Cancer Screening Recommendations,https://apcd.georgia.gov/document/document/adherence-rates-us-preventive-services-breast-cancer-screening-recommendations/download,533.3KB,533.2587890625,2024-04-04 15:04:06,"Duke, Jon",,,2024-04-04 15:04:06,macOS Version 14.4.1 (Build 23E224) Quartz PDFContext,8,0,6,PDF 1.4,"['https://apcd.georgia.gov/breast-cancer-screening-rates', 'https://apcd.georgia.gov/breast-cancer-screening-rates#main-content']",['Adherence\xa0Rates to US Preventive Services Breast Cancer Screening  Recommendations'],Slides,0.36832019686698914
Georgia All Payer Claims Database Initiative,https://apcd.georgia.gov/document/document/apcdadvisory-committee-presentationmar2025finalpdf/download,2.8MB,2875.3125,2025-03-20 16:02:03,Carol Robinson,,,2025-03-20 16:02:03,Adobe PDF Library 25.1.211,36,5,82,PDF 1.6,"['https://apcd.georgia.gov/governance-0/advisory-committee/advisory-committee-meetings#main-content', 'https://apcd.georgia.gov/governance-0/advisory-committee/advisory-committee-meetings']",['Meeting\n \nPresentation'],Slides,0.8539016842842102
download,https://apcd.georgia.gov/document/document/apcd-advisory-committee-meeting-summary-action03122025pdf/download,176.2KB,176.1708984375,2025-03-20 16:03:08,Kassi Miller,,,2025-03-20 16:03:08,Microsoft® Word LTSC,1,1,1,PDF 1.7,"['https://apcd.georgia.gov/governance-0/advisory-committee/advisory-committee-meetings#main-content', 'https://apcd.georgia.gov/governance-0/advisory-committee/advisory-committee-meetings']",['Meeting\n \nSummary Action'],Diagram,0.2675166130065918
download,https://apcd.georgia.gov/document/document/apcdadvisory-committee-presentationjan2025pdf/download,952.3KB,952.3291015625,2025-01-07 07:03:05,,,,2025-01-07 07:03:05,,30,3,63,PDF 1.7,"['https://apcd.georgia.gov/governance-0/advisory-committee/advisory-committee-meetings#main-content', 'https://apcd.georgia.gov/governance-0/advisory-committee/advisory-committee-meetings']",['Meeting\n \nPresentation'],Slides,0.8443196415901184
download,https://apcd.georgia.gov/document/document/apcd-advisory-committee-meeting-minutes-01062025pdf/download,261.8KB,261.765625,2025-03-20 16:02:05,Srinivasa Thummala,,,2025-03-20 16:02:05,Adobe PDF Library 25.1.211,3,1,3,PDF 1.6,"['https://apcd.georgia.gov/governance-0/advisory-committee/advisory-committee-meetings#main-content', 'https://apcd.georgia.gov/governance-0/advisory-committee/advisory-committee-meetings']",['Meeting\n \nMinutes'],Agenda,0.3753221333026886
download,https://apcd.georgia.gov/document/document/apcd-advisory-committee-meeting-summary-action01062025pdf/download,217.6KB,217.63671875,2025-01-07 11:04:01,Kassi Miller,,,2025-01-07 11:04:01,Adobe PDF Library 24.5.96,1,1,1,PDF 1.6,"['https://apcd.georgia.gov/governance-0/advisory-committee/advisory-committee-meetings#main-content', 'https://apcd.georgia.gov/governance-0/advisory-committee/advisory-committee-meetings']",['Meeting\n \nSummary Action'],Agenda,0.37994471192359924
download,https://apcd.georgia.gov/document/document/apcdadvisory-committee-presentationoct2024finalpdf/download,1.8MB,1804.9833984375,2024-10-16 13:00:07,,,,2024-10-16 13:00:07,,38,5,59,PDF 1.7,"['https://apcd.georgia.gov/governance-0/advisory-committee/advisory-committee-meetings#main-content', 'https://apcd.georgia.gov/governance-0/advisory-committee/advisory-committee-meetings']",['Meeting\n \nPresentation'],Slides,0.8357614874839783
download,https://apcd.georgia.gov/document/document/finaladvisory-committee-meeting-minutes-10162024pdf/download,259.5KB,259.4736328125,2025-01-07 10:03:08,Srinivasa Thummala,,,2025-01-07 10:03:08,Microsoft® Word for Microsoft 365,3,1,3,PDF 1.7,"['https://apcd.georgia.gov/governance-0/advisory-committee/advisory-committee-meetings#main-content', 'https://apcd.georgia.gov/governance-0/advisory-committee/advisory-committee-meetings']",['Meeting\n \nMinutes'],Agenda,0.3754582107067108
Georgia All Payer Claims Database Initiative,https://apcd.georgia.gov/document/document/apcdadvisory-committee-presentationjul2024postedpdf/download,2.4MB,2435.794921875,2024-07-31 17:01:04,Carol Robinson,,,2024-07-31 17:01:03,Adobe PDF Library 24.2.229,39,6,59,PDF 1.6,"['https://apcd.georgia.gov/governance-0/advisory-committee/advisory-committee-meetings#main-content', 'https://apcd.georgia.gov/governance-0/advisory-committee/advisory-committee-meetings']",['Meeting\n \nPresentation'],Slides,0.8445656895637512
download,https://apcd.georgia.gov/document/document/finaladvisory-committee-meeting-minutes-73124pdf--UNPUBLISHED-document--DO-NOT-SHARE-this-URL--/download,398.2KB,398.1591796875,2024-10-16 13:01:00,Srinivasa Thummala,,,2024-10-16 13:01:00,,4,15,4,PDF 1.7,"['https://apcd.georgia.gov/governance-0/advisory-committee/advisory-committee-meetings#main-content', 'https://apcd.georgia.gov/governance-0/advisory-committee/advisory-committee-meetings']",['Meeting\n \nMinutes'],Agenda,0.34801578521728516
download,https://apcd.georgia.gov/document/document/apcd-advisory-committee-meeting-summary-action073124pdf/download,175.3KB,175.296875,2024-07-31 17:01:06,Kassi Miller,,,2024-07-31 17:01:06,Microsoft® Word LTSC,1,1,1,PDF 1.7,"['https://apcd.georgia.gov/governance-0/advisory-committee/advisory-committee-meetings#main-content', 'https://apcd.georgia.gov/governance-0/advisory-committee/advisory-committee-meetings']",['Meeting\n \nSummary Action'],Diagram,0.28299158811569214
Georgia All Payer Claims Database Initiative,https://apcd.georgia.gov/document/document/apcd-advisory-committee-presentation-april-2024/download,4.1MB,4191.796875,2024-04-10 17:01:00,Carol Robinson,,,2024-04-10 17:01:00,Adobe PDF Library 24.1.124,51,10,112,PDF 1.6,"['https://apcd.georgia.gov/governance-0/advisory-committee/advisory-committee-meetings#main-content', 'https://apcd.georgia.gov/governance-0/advisory-committee/advisory-committee-meetings']",['Meeting\n \nPresentation'],Slides,0.700995147228241
download,https://apcd.georgia.gov/document/document/apcd-advisory-committee-meeting-minutes-4102024/download,354.8KB,354.7763671875,2024-08-02 12:00:00,Srinivasa Thummala,,,2024-08-02 12:00:00,Adobe PDF Library 24.2.229,7,28,7,PDF 1.6,"['https://apcd.georgia.gov/governance-0/advisory-committee/advisory-committee-meetings#main-content', 'https://apcd.georgia.gov/governance-0/advisory-committee/advisory-committee-meetings']",['Meeting\n \nMinutes'],Policy,0.3996307849884033
download,https://apcd.georgia.gov/document/document/apcd-advisory-committee-meeting-summary-action-041024/download,211.6KB,211.619140625,2024-04-11 10:00:09,Kassi Miller,,,2024-04-11 10:00:09,Adobe PDF Library 24.1.124,1,1,1,PDF 1.6,"['https://apcd.georgia.gov/governance-0/advisory-committee/advisory-committee-meetings#main-content', 'https://apcd.georgia.gov/governance-0/advisory-committee/advisory-committee-meetings']",['Meeting\n \nSummary Action'],Agenda,0.3801521062850952
Georgia All Payer Claims Database Initiative,https://apcd.georgia.gov/document/document/apcdadvisory-committee-presentationnovember-2023pdf/download,2.1MB,2123.0107421875,2023-11-30 15:02:01,Carol Robinson,,,2023-11-30 11:05:01,Microsoft® PowerPoint® for Microsoft 365,46,20,59,PDF 1.7,"['https://apcd.georgia.gov/governance-0/advisory-committee/advisory-committee-meetings#main-content', 'https://apcd.georgia.gov/governance-0/advisory-committee/advisory-committee-meetings']",['Meeting\n \nPresentation'],Slides,0.6968256831169128
download,https://apcd.georgia.gov/document/document/apcd-advisory-committee-meeting-minutes-11302023/download,392.5KB,392.505859375,2024-04-10 17:01:05,Srinivasa Thummala,,,2024-04-10 17:01:05,Adobe PDF Library 24.1.124,7,5,7,PDF 1.6,"['https://apcd.georgia.gov/governance-0/advisory-committee/advisory-committee-meetings#main-content', 'https://apcd.georgia.gov/governance-0/advisory-committee/advisory-committee-meetings']",['Meeting\n \nMinutes'],Policy,0.398239403963089
download,https://apcd.georgia.gov/document/document/apcd-advisory-committee-meeting-summary-action11302023pdf/download,206.1KB,206.08203125,2023-11-30 15:02:00,Kassi Miller,,,2023-11-30 15:02:00,Microsoft® Word LTSC,1,1,1,PDF 1.7,"['https://apcd.georgia.gov/governance-0/advisory-committee/advisory-committee-meetings#main-content', 'https://apcd.georgia.gov/governance-0/advisory-committee/advisory-committee-meetings']",['Meeting\n \nSummary Action'],Agenda,0.3822134733200073
Georgia All Payer Claims Database Initiative,https://apcd.georgia.gov/document/document/apcdadvisory-committee-presentationaugust-2023pdf/download,1.4MB,1460.18359375,2023-08-11 10:03:00,Carol Robinson,,,2023-08-11 10:03:00,Microsoft® PowerPoint® for Microsoft 365,39,5,97,PDF 1.7,"['https://apcd.georgia.gov/governance-0/advisory-committee/advisory-committee-meetings#main-content', 'https://apcd.georgia.gov/governance-0/advisory-committee/advisory-committee-meetings']",['Meeting\n \nPresentation'],Slides,0.7906266450881958
download,https://apcd.georgia.gov/document/document/apcd-advisory-committee-meeting-minutes-08102023pdf/download,361.6KB,361.6123046875,2023-12-01 12:03:04,Srinivasa Thummala,,,2023-12-01 12:03:04,Microsoft® Word LTSC,15,53,15,PDF 1.7,"['https://apcd.georgia.gov/governance-0/advisory-committee/advisory-committee-meetings#main-content', 'https://apcd.georgia.gov/governance-0/advisory-committee/advisory-committee-meetings']",['Meeting\n \nMinutes'],Policy,0.3518317937850952
download,https://apcd.georgia.gov/document/document/apcd-advisory-committee-meeting-summary-action08102023pdf/download,222.7KB,222.7255859375,2023-08-11 14:01:08,Kassi Miller,,,2023-08-11 14:01:08,Adobe PDF Services,1,1,1,PDF 1.7,"['https://apcd.georgia.gov/governance-0/advisory-committee/advisory-committee-meetings#main-content', 'https://apcd.georgia.gov/governance-0/advisory-committee/advisory-committee-meetings']",['Meeting\n \nSummary Action'],Agenda,0.39641761779785156
download,https://apcd.georgia.gov/document/document/may-2023-advisory-committee-meeting-presentation/download,733.6KB,733.6005859375,2023-05-18 19:02:02,,,,2023-05-18 19:02:02,macOS Version 13.3.1 (a) (Build 22E772610a) Quartz PDFContext,28,8,60,PDF 1.4,"['https://apcd.georgia.gov/governance-0/advisory-committee/advisory-committee-meetings#main-content', 'https://apcd.georgia.gov/governance-0/advisory-committee/advisory-committee-meetings']",['Meeting\n \nPresentation'],Slides,0.8544953465461731
Microsoft Word - APCD Advisory Committee Meeting Minutes 05.18.2023.docx,https://apcd.georgia.gov/document/document/apcd-advisory-committee-meeting-minutes-05182023pdf/download,357.5KB,357.5146484375,2023-07-18 14:00:06,,,,2023-07-18 14:00:06,macOS Version 13.4.1 (c) (Build 22F770820d) Quartz PDFContext,10,1,10,PDF 1.3,"['https://apcd.georgia.gov/governance-0/advisory-committee/advisory-committee-meetings#main-content', 'https://apcd.georgia.gov/governance-0/advisory-committee/advisory-committee-meetings']",['Meeting\n \nMinutes'],Agenda,0.9942532181739807
Microsoft Word - APCD Advisory Committee Meeting Summary Action_05182023.docx,https://apcd.georgia.gov/document/document/may-2023-advisory-committee-meeting-summary-action/download,187.7KB,187.68359375,2023-05-18 19:04:06,,,,2023-05-18 19:04:06,macOS Version 13.3.1 (a) (Build 22E772610a) Quartz PDFContext,1,1,1,PDF 1.3,"['https://apcd.georgia.gov/governance-0/advisory-committee/advisory-committee-meetings#main-content', 'https://apcd.georgia.gov/governance-0/advisory-committee/advisory-committee-meetings']",['Meeting\n \nSummary Action'],Agenda,0.3528723418712616
download,https://apcd.georgia.gov/document/document/apcdadvisory-committee-presentationfebruary-2023pdf/download,659.2KB,659.2109375,2023-02-23 16:04:08,,,,2023-02-23 16:04:08,macOS Version 13.1 (Build 22C65) Quartz PDFContext,26,9,55,PDF 1.4,"['https://apcd.georgia.gov/governance-0/advisory-committee/advisory-committee-meetings#main-content', 'https://apcd.georgia.gov/governance-0/advisory-committee/advisory-committee-meetings']",['Meeting\n \nPresentation'],Slides,0.9196399450302124
Microsoft Word - APCD Advisory Committee Meeting Minutes 02.23.2023_APPROVED.docx,https://apcd.georgia.gov/document/document/apcd-advisory-committee-meeting-minutes-02232023approved4pdf/download,254.2KB,254.236328125,2023-05-18 19:04:01,,,,2023-05-18 19:04:01,macOS Version 13.3.1 (a) (Build 22E772610a) Quartz PDFContext,9,1,9,PDF 1.3,"['https://apcd.georgia.gov/governance-0/advisory-committee/advisory-committee-meetings#main-content', 'https://apcd.georgia.gov/governance-0/advisory-committee/advisory-committee-meetings']",['Meeting\n \nMinutes'],Agenda,0.9937257170677185
Microsoft Word - APCD Advisory Committee Meeting Summary Action_02232023.docx,https://apcd.georgia.gov/document/document/apcd-advisory-committee-meeting-summary-action02232023pdf/download,186.7KB,186.7119140625,2023-02-23 17:04:02,,,,2023-02-23 17:04:02,macOS Version 13.1 (Build 22C65) Quartz PDFContext,1,1,1,PDF 1.3,"['https://apcd.georgia.gov/governance-0/advisory-committee/advisory-committee-meetings#main-content', 'https://apcd.georgia.gov/governance-0/advisory-committee/advisory-committee-meetings']",['Meeting\n \nSummary Action'],Agenda,0.3528723418712616
download,https://apcd.georgia.gov/document/document/apcd-ac-meeting-presentation-111022pdf/download,4.1MB,4193.9384765625,2022-11-10 20:02:06,,,,2022-11-10 20:02:06,macOS Version 12.6 (Build 21G115) Quartz PDFContext,43,5,115,PDF 1.4,"['https://apcd.georgia.gov/governance-0/advisory-committee/advisory-committee-meetings#main-content', 'https://apcd.georgia.gov/governance-0/advisory-committee/advisory-committee-meetings']",['Meeting\n \nPresentation'],Slides,0.7420955896377563
Microsoft Word - APCD Advisory Committee Meeting 11.10.2022_Minutes Posted.docx,https://apcd.georgia.gov/document/document/apcd-advisory-committee-meeting-11102022minutes-posted-1-1pdf/download,292.8KB,292.8212890625,2022-12-28 15:01:00,,,,2022-12-28 15:01:00,macOS Version 12.6 (Build 21G115) Quartz PDFContext,12,1,24,PDF 1.4,"['https://apcd.georgia.gov/governance-0/advisory-committee/advisory-committee-meetings#main-content', 'https://apcd.georgia.gov/governance-0/advisory-committee/advisory-committee-meetings']",['Meeting\n \nMinutes'],Agenda,0.9931918978691101
Microsoft Word - APCD Advisory Committee Meeting Summary Action_11102022.docx,https://apcd.georgia.gov/document/document/apcd-advisory-committee-meeting-summary-action11102022pdf/download,283.1KB,283.0615234375,2022-11-10 20:05:04,,,,2022-11-10 20:05:04,macOS Version 12.6 (Build 21G115) Quartz PDFContext,1,1,1,PDF 1.3,"['https://apcd.georgia.gov/governance-0/advisory-committee/advisory-committee-meetings#main-content', 'https://apcd.georgia.gov/governance-0/advisory-committee/advisory-committee-meetings']",['Meeting\n \nSummary Action'],Agenda,0.3285917043685913
Microsoft Word - APCD Advisory Committee Meeting Agenda 06.23.22.docx,https://apcd.georgia.gov/document/document/apcd-advisory-committee-meeting-agenda-062322pdf/download,239.0KB,239.0205078125,2022-06-29 13:02:04,,,,2022-06-20 19:04:05,macOS Version 12.1 (Build 21C52) Quartz PDFContext,2,4,1,PDF 1.3,"['https://apcd.georgia.gov/governance-0/advisory-committee/advisory-committee-meetings#main-content', 'https://apcd.georgia.gov/governance-0/advisory-committee/advisory-committee-meetings']",['Meeting\n \nAgenda'],Agenda,0.9959873557090759
download,https://apcd.georgia.gov/document/document/apcd-advisory-council-meeting-presentation-06232022pdf/download,653.1KB,653.087890625,,,,,2022-06-29 13:03:07,PDFium,29,5,66,PDF 1.7,"['https://apcd.georgia.gov/governance-0/advisory-committee/advisory-committee-meetings#main-content', 'https://apcd.georgia.gov/governance-0/advisory-committee/advisory-committee-meetings']",['Meeting\n \nPresentation'],Slides,0.8544284701347351
Microsoft Word - APCD Advisory Committee Meeting 06.23.2022_Minutes_Final,https://apcd.georgia.gov/document/document/apcd-advisory-committee-june-23-2022minutespdf/download,1.2MB,1200.1572265625,2022-09-13 11:00:09,melissa.barwick,,,2022-09-13 11:00:09,Microsoft: Print To PDF,7,9,14,PDF 1.7,"['https://apcd.georgia.gov/governance-0/advisory-committee/advisory-committee-meetings#main-content', 'https://apcd.georgia.gov/governance-0/advisory-committee/advisory-committee-meetings']",['Meeting\n \nMinutes'],Agenda,0.9879133105278015
download,https://apcd.georgia.gov/document/document/advisory-committee-meeting-summary-action-corrected-06232022pdf/download,318.1KB,318.056640625,,,,,2022-07-12 10:03:05,PDFium,1,1,2,PDF 1.7,"['https://apcd.georgia.gov/governance-0/advisory-committee/advisory-committee-meetings#main-content', 'https://apcd.georgia.gov/governance-0/advisory-committee/advisory-committee-meetings']",['Meeting\n \nSummary Action (Corrected)'],Diagram,0.7856688499450684
Microsoft Word - APCD Advisory Committee Meeting Agenda 020422.docx,https://apcd.georgia.gov/document/document/apcd-advisory-committee-meeting-agenda-020422pdf/download,244.7KB,244.6875,2022-01-31 14:03:06,,,,2022-01-31 14:05:08,macOS Version 11.3 (Build 20E232) Quartz PDFContext,2,4,1,PDF 1.3,"['https://apcd.georgia.gov/governance-0/advisory-committee/advisory-committee-meetings#main-content', 'https://apcd.georgia.gov/governance-0/advisory-committee/advisory-committee-meetings']",['Meeting\n \nAgenda'],Agenda,0.99657142162323
Microsoft Word - APCD Advisory Committee Meeting Brief 020422.docx,https://apcd.georgia.gov/document/document/apcd-advisory-committee-meeting-brief-020422pdf/download,192.1KB,192.0849609375,2022-01-31 14:03:07,,,,2022-01-31 15:00:02,macOS Version 11.3 (Build 20E232) Quartz PDFContext,2,7,2,PDF 1.3,"['https://apcd.georgia.gov/governance-0/advisory-committee/advisory-committee-meetings#main-content', 'https://apcd.georgia.gov/governance-0/advisory-committee/advisory-committee-meetings']",['Meeting\n \nBrief'],Agenda,0.3869391679763794
Microsoft PowerPoint - APCD Advisory Meeting 020422 Presentation Final,https://apcd.georgia.gov/document/document/apcd-advisory-committee-meeting-presentation-020422pdf/download,1.4MB,1432.638671875,2022-02-09 09:02:06,melissa.barwick,,,2022-02-09 09:02:06,Microsoft: Print To PDF,32,15,179,PDF 1.7,"['https://apcd.georgia.gov/governance-0/advisory-committee/advisory-committee-meetings#main-content', 'https://apcd.georgia.gov/governance-0/advisory-committee/advisory-committee-meetings']",['Meeting\n \nPresentation'],Slides,0.9944052696228027
Microsoft Word - APCD Advisory Committee Meeting Minutes 02.04.2022_FINAL.docx,https://apcd.georgia.gov/document/document/apcd-advisory-committee-meeting-minutes-02042022finalpdf/download,226.9KB,226.9326171875,2022-06-29 13:02:02,,,,2022-06-20 19:04:04,macOS Version 12.1 (Build 21C52) Quartz PDFContext,4,1,8,PDF 1.4,"['https://apcd.georgia.gov/governance-0/advisory-committee/advisory-committee-meetings#main-content', 'https://apcd.georgia.gov/governance-0/advisory-committee/advisory-committee-meetings']",['Meeting\n \nMinutes'],Agenda,0.996127188205719
Microsoft Word - APCD Advisory Committee Meeting 2 Action Agenda Draft,https://apcd.georgia.gov/document/document/apcd-advisory-committee-summary-action-020422pdf/download,1.0MB,1033.953125,2022-02-09 09:02:09,melissa.barwick,,,2022-02-09 09:02:09,Microsoft: Print To PDF,1,1,2,PDF 1.7,"['https://apcd.georgia.gov/governance-0/advisory-committee/advisory-committee-meetings#main-content', 'https://apcd.georgia.gov/governance-0/advisory-committee/advisory-committee-meetings']",['Meeting\n \nSummary Action'],Agenda,0.9435341954231262
Microsoft PowerPoint - APCD Advisory Committee Meeting Presentation_FINAL2,https://apcd.georgia.gov/document/document/apcd-advisory-committee-meeting-presentation-0204222pdf/download,1.8MB,1885.02734375,2022-02-11 14:05:00,melissa.barwick,,,2022-02-11 14:05:00,Microsoft: Print To PDF,35,9,192,PDF 1.7,"['https://apcd.georgia.gov/governance-0/advisory-committee/advisory-committee-meetings#main-content', 'https://apcd.georgia.gov/governance-0/advisory-committee/advisory-committee-meetings']",['Meeting\n \nPresentation'],Slides,0.9948388934135437
Microsoft Word - APCD Advisory Committee Meeting Notes_Final Edits3,https://apcd.georgia.gov/document/document/gapcd-advisory-committee-meeting-minutes-adopted-102621pdf/download,1.0MB,1059.158203125,2022-02-09 09:03:01,melissa.barwick,,,2022-01-31 15:01:03,Microsoft: Print To PDF,4,1,8,PDF 1.7,"['https://apcd.georgia.gov/governance-0/advisory-committee/advisory-committee-meetings#main-content', 'https://apcd.georgia.gov/governance-0/advisory-committee/advisory-committee-meetings']",['Meeting\n \nMinutes - Approved'],Policy,0.23257705569267273
Microsoft Word - HCCI 2021 methodology,https://healthcostinstitute.org/images/pdfs/HCCUR_2021_Methodology.pdf,1.3MB,1339.23046875,2023-04-18 17:02:06,John Hargraves,,,2023-04-18 17:02:06,Microsoft: Print To PDF,23,11,26,PDF 1.7,"['https://apcd.georgia.gov/blog/2024-03-01/exploring-cost-data-georgia-apcd', 'https://apcd.georgia.gov/blog/2024-03-01/exploring-cost-data-georgia-apcd#main-content']",['Health Care Cost Institute'],Slides,0.49207520484924316
Microsoft Word - APCD Use Case Survey Details - Final 102522.docx,https://apcd.georgia.gov/document/document/georgia-apcd-use-case-survey-report-102922pdf/download,365.0KB,364.9716796875,2022-10-29 14:04:00,,,,2022-10-29 14:04:00,macOS Version 12.5.1 (Build 21G83) Quartz PDFContext,5,6,1,PDF 1.3,"['https://apcd.georgia.gov/data-reports/public-data/use-cases', 'https://apcd.georgia.gov/data-reports/public-data/use-cases#main-content']",['Use\n \nCase Survey Report'],Report,0.9537765979766846
Microsoft Word - APCD_Use Case Prioritization Final 102922.docx,https://apcd.georgia.gov/document/document/georgia-apcd-proposed-initial-use-cases-102922pdf/download,278.7KB,278.6845703125,2022-10-29 14:02:00,,,,2022-10-29 14:02:00,macOS Version 12.5.1 (Build 21G83) Quartz PDFContext,3,2,1,PDF 1.3,"['https://apcd.georgia.gov/data-reports/public-data/use-cases', 'https://apcd.georgia.gov/data-reports/public-data/use-cases#main-content']",['Georgia\n \nAPCD Proposed Initial Use Cases'],Brochure,0.6068528890609741
