file_name,url,file_size,file_size_kilobytes,last_modified_date,author,subject,keywords,creation_date,producer,number_of_pages,number_of_tables,number_of_images,version,source,text_around_link,predicted_category,predicted_category_confidence
download,https://shbp.georgia.gov/document/document/shbp-2025-active-member-decision-guide/download,8.3MB,8489.1103515625,2024-09-05 08:01:00,,,,2024-09-04 18:00:08,Adobe PDF Library 17.0,56,21,60,PDF 1.7,['https://shbp.georgia.gov'],['Active\xa0Member Decision Guide'],Report,0.621451735496521
download,https://shbp.georgia.gov/document/document/2025-retiree-decision-guide/download,6.8MB,6937.802734375,2024-08-15 22:01:03,,,,2024-08-15 22:01:03,Adobe PDF Library 17.0,56,23,48,PDF 1.7,['https://shbp.georgia.gov'],['Retiree\xa0Decision Guide'],Report,0.6535152792930603
download,https://shbp.georgia.gov/document/document/2019-preparing-shbp-retirement-coverage-presentation-eba-01052019pdf/download,1.6MB,1590.4794921875,2020-12-17 15:05:05,,,,2020-12-17 15:05:04,Adobe PDF Library 11.0,51,2,14,PDF 1.5,['https://shbp.georgia.gov'],['Planning\xa0to Retire?'],Report,0.5396099090576172
download,https://shbp.georgia.gov/document/document/2024-state-holidays/download,232.1KB,232.1015625,2023-07-10 12:00:01,,,,2023-07-10 12:00:09,SAVIN IM C3000,1,0,1,PDF 1.4,['https://shbp.georgia.gov'],['Office\xa0Closures'],Diagram,0.31060609221458435
