file_name,url,file_size,file_size_kilobytes,last_modified_date,author,subject,keywords,creation_date,producer,number_of_pages,number_of_tables,number_of_images,version,source,text_around_link,predicted_category,predicted_category_confidence
Layout 1,https://bsitf.georgia.gov/document/document/combined-application-fy2020rev2/download,2.7MB,2814.3603515625,2023-08-31 10:00:08,,,,2019-08-28 10:03:08,Adobe Acrobat Pro 9.0.0,30,4,12,PDF 1.7,"['https://bsitf.georgia.gov', 'https://bsitf.georgia.gov#main-content']",['Apply\xa0by Mail'],Slides,0.48275646567344666
download,https://bsitf.georgia.gov/document/document/2024-annual-report/download,2.2MB,2265.4228515625,2025-01-09 05:02:09,,,,2025-01-09 05:02:09,Adobe PDF Library 17.0,9,6,32,PDF 1.4,"['https://bsitf.georgia.gov', 'https://bsitf.georgia.gov#main-content']","['', 'View the Annual Report']",Report,0.9412327408790588
download,https://bsitf.georgia.gov/document/document/needs-assessmenttbireport-v10oct2812pmfinalcompressedpdf/download,22.3MB,22861.3759765625,2022-11-01 16:04:03,,,,2022-10-28 12:01:04,Adobe PDF Library 16.0.7,179,31,95,PDF 1.7,"['https://bsitf.georgia.gov', 'https://bsitf.georgia.gov#main-content']",['2022\xa0Needs Assessment Report'],Report,0.9768933653831482
download,https://bsitf.georgia.gov/document/document/2023-bsitf-annual-report/download,3.3MB,3347.927734375,2024-04-24 10:03:05,,,,2024-04-23 15:01:07,Adobe PDF Library 17.0,8,5,25,PDF 1.6,"['https://bsitf.georgia.gov', 'https://bsitf.georgia.gov#main-content']",['2023\xa0Annual Report'],Report,0.9556196331977844
download,https://bsitf.georgia.gov/document/document/service-civil-action-papers/download,45.0KB,45.0,2023-07-05 11:01:08,"Young, Craig",,,2023-07-05 11:01:08,Adobe PDF Library 20.5.3,1,0,0,PDF 1.6,"['https://bsitf.georgia.gov/events/2023-07-27/commission-meeting', 'https://bsitf.georgia.gov/events/executive-committee-meeting-3#main-content', 'https://bsitf.georgia.gov/events/commission-meeting-3#main-content', 'https://bsitf.georgia.gov/past-events?page=32#main-content', 'https://bsitf.georgia.gov/events/children-and-youth-committee-meeting#main-content', 'https://bsitf.georgia.gov/events/2024-06-18/distribution-committee-meeting', 'https://bsitf.georgia.gov/ssdi', 'https://bsitf.georgia.gov/events/2024-04-25/commission-meeting#main-content', 'https://bsitf.georgia.gov/events/2023-08-15/distribution-committee-meeting', 'https://bsitf.georgia.gov/private-insurance', 'https://bsitf.georgia.gov/events/2025-05-14/executive-committee-meeting#main-content', 'https://bsitf.georgia.gov/how-do-i-apply-grant#main-content', 'https://bsitf.georgia.gov/events/2024-11-11/office-closed-veterans-day-holiday-monday-november-11-2024#main-content', 'https://bsitf.georgia.gov/past-events?page=3', 'https://bsitf.georgia.gov/events/2024-10-16/executive-committee-meeting', 'https://bsitf.georgia.gov/news/2020-03-03/covid-19-information', 'https://bsitf.georgia.gov/us-department-health-and-human-services', 'https://bsitf.georgia.gov/weve-said-it-beforebrainlineorg-great-resource-individuals-and-their-families', 'https://bsitf.georgia.gov/events/executive-committee-meeting-0#main-content', 'https://bsitf.georgia.gov/events/2024-07-17/executive-committee-meeting', 'https://bsitf.georgia.gov/events/2024-01-23/advisory-committee-meeting', 'https://bsitf.georgia.gov/news/2021-10-06/housing-rental-assistance-ga-dept-community-affairs', 'https://bsitf.georgia.gov/events/2025-02-04/advisory-committee-meeting#main-content', 'https://bsitf.georgia.gov/events/2025-02-27/commission-meeting', 'https://bsitf.georgia.gov/events/2024-10-15/distribution-committee-meeting#main-content', 'https://bsitf.georgia.gov/how-apply/application-process', 'https://bsitf.georgia.gov/events/children-and-youth-committee-meeting-1', 'https://bsitf.georgia.gov/events/distribution-committee-meeting-5#main-content', 'https://bsitf.georgia.gov/contact-us', 'https://bsitf.georgia.gov/news/2020-03-31/trust-fund-grant-application-process-open', 'https://bsitf.georgia.gov/events/2024-11-29/office-closed-thanksgiving-holiday', 'https://bsitf.georgia.gov/events/2025-01-10/office-closed-friday-january-10-2025-inclement-weather', 'https://bsitf.georgia.gov/long-term-disability', 'https://bsitf.georgia.gov/application-process', 'https://bsitf.georgia.gov/events/executive-committee-meeting-7', 'https://bsitf.georgia.gov/events/distribution-committee-meeting-0', 'https://bsitf.georgia.gov/events/executive-committee-meeting-0', 'https://bsitf.georgia.gov/events/2024-06-19/executive-committee-meeting', 'https://bsitf.georgia.gov/events/children-and-youth-committee-meeting-2', 'https://bsitf.georgia.gov/events/children-and-youth-committee-meeting-2#main-content', 'https://bsitf.georgia.gov/news?page=0#main-content', 'https://bsitf.georgia.gov/news/2020-03-31/trust-fund-grant-application-process-open#main-content', 'https://bsitf.georgia.gov/past-events', 'https://bsitf.georgia.gov/events/2024-12-10/distribution-committee-meeting#main-content', 'https://bsitf.georgia.gov/news/2020-03-03/covid-19-information#main-content', 'https://bsitf.georgia.gov/events/2024-12-19/commission-meeting', 'https://bsitf.georgia.gov/past-events?page=31#main-content', 'https://bsitf.georgia.gov/events/2024-02-22/commission-meeting#main-content', 'https://bsitf.georgia.gov/events/2024-09-17/distribution-committee-meeting', 'https://bsitf.georgia.gov/how-do-i-apply-grant/distribution-policy#main-content', 'https://bsitf.georgia.gov/events/finance-committee-meeting', 'https://bsitf.georgia.gov/events/2019-12-19/commission-meeting', 'https://bsitf.georgia.gov/events/2024-06-27/commission-meeting#main-content', 'https://bsitf.georgia.gov/past-events?page=1', 'https://bsitf.georgia.gov/past-events?page=37#main-content', 'https://bsitf.georgia.gov/past-events?page=1#main-content', 'https://bsitf.georgia.gov/events/2025-01-23/commission-meeting#main-content', 'https://bsitf.georgia.gov/events/executive-committee-meeting-5#main-content', 'https://bsitf.georgia.gov/events/2019-08-15/communications-committee-meeting', 'https://bsitf.georgia.gov/events/2025-02-18/distribution-committee-meeting#main-content', 'https://bsitf.georgia.gov/events/2024-09-02/office-closed-labor-day-holiday-monday-september-2-2024#main-content', 'https://bsitf.georgia.gov/contacts/resource-specialist', 'https://bsitf.georgia.gov/events/communications-committee', 'https://bsitf.georgia.gov/past-events?page=6', 'https://bsitf.georgia.gov/events/2019-07-22/advisory-committee-meeting', 'https://bsitf.georgia.gov/medicaid', 'https://bsitf.georgia.gov/events/executive-committee-meeting-4', 'https://bsitf.georgia.gov/events/children-and-youth-committee-meeting-1#main-content', 'https://bsitf.georgia.gov/events/children-and-youth-committee-meeting-0', 'https://bsitf.georgia.gov/events/2024-08-22/commission-meeting#main-content', 'https://bsitf.georgia.gov/ssi#main-content', 'https://bsitf.georgia.gov/events/2019-11-13/executive-committee-meeting', 'https://bsitf.georgia.gov/facts-about-traumatic-brain-injury-tbi', 'https://bsitf.georgia.gov/events/2024-06-19/office-closed-state-holiday-juneteenth-wednesday-june-19-2024', 'https://bsitf.georgia.gov/compnow-waivers', 'https://bsitf.georgia.gov/events/2024-02-14/executive-committee-meeting', 'https://bsitf.georgia.gov/ssdi#main-content', 'https://bsitf.georgia.gov/events/2025-03-18/dar-committee-meeting#main-content', 'https://bsitf.georgia.gov/open-records-request-form#main-content', 'https://bsitf.georgia.gov/events/2025-02-04/advisory-committee-meeting', 'https://bsitf.georgia.gov/annual-reports', 'https://bsitf.georgia.gov/news/2023-06-01/notice-adoption-amendments-distribution-policies-brain-and-spinal-injury-trust-fund', 'https://bsitf.georgia.gov/events/2023-11-23/office-closed-thanksgiving-holiday-november-23-24-2023', 'https://bsitf.georgia.gov/announcement/2021-01-19/participants-wanted-univ-washington-research-study-concussion', 'https://bsitf.georgia.gov/resources/ga-aging-and-disability-resource-connection#main-content', 'https://bsitf.georgia.gov/veterans-administration', 'https://bsitf.georgia.gov/events/2025-03-18/dar-committee-meeting', 'https://bsitf.georgia.gov/events/2024-04-17/executive-committee-meeting', 'https://bsitf.georgia.gov/events/2025-03-27/commission-meeting#main-content', 'https://bsitf.georgia.gov/source-program', 'https://bsitf.georgia.gov/events/2024-11-12/distribution-and-application-review-dar-committee#main-content', 'https://bsitf.georgia.gov/events/communications-committee-meeting-2', 'https://bsitf.georgia.gov/events/2025-04-16/executive-committee-meeting', 'https://bsitf.georgia.gov/how-do-i-apply-grant/distribution-policy', 'https://bsitf.georgia.gov/events/children-and-youth-committee-meeting', 'https://bsitf.georgia.gov/events/2024-07-25/commission-meeting', 'https://bsitf.georgia.gov/events/2024-08-13/distribution-committee-meeting#main-content', 'https://bsitf.georgia.gov/events/2024-11-12/distribution-and-application-review-dar-committee', 'https://bsitf.georgia.gov/events/2024-11-12/distribution-committee-meeting#main-content', 'https://bsitf.georgia.gov/news?page=1', 'https://bsitf.georgia.gov/events/advisory-committee-meeting#main-content', 'https://bsitf.georgia.gov/events/2024-11-29/office-closed-thanksgiving-holiday#main-content', 'https://bsitf.georgia.gov/events/2024-11-11/office-closed-veterans-day-holiday-monday-november-11-2024', 'https://bsitf.georgia.gov/events/2023-11-08/executive-committee-meeting', 'https://bsitf.georgia.gov/events/2024-03-19/distribution-committee-meeting', 'https://bsitf.georgia.gov/past-events?page=32', 'https://bsitf.georgia.gov/events/2024-04-17/executive-committee-meeting#main-content', 'https://bsitf.georgia.gov/events/2025-05-13/distribution-and-application-review-dar-committee#main-content', 'https://bsitf.georgia.gov/past-events?page=9', 'https://bsitf.georgia.gov/past-events?page=7#main-content', 'https://bsitf.georgia.gov/events/2025-03-19/executive-committee-meeting', 'https://bsitf.georgia.gov/news', 'https://bsitf.georgia.gov/guide-getting-and-using-your-health-records', 'https://bsitf.georgia.gov/events/distribution-committee-meeting-6', 'https://bsitf.georgia.gov/how-do-i-apply-grant#hdi-11791-step-3', 'https://bsitf.georgia.gov/events/2024-08-01/commission-meeting', 'https://bsitf.georgia.gov/events/2024-12-11/executive-committee-meeting', 'https://bsitf.georgia.gov/events/2024-12-19/commission-meeting#main-content', 'https://bsitf.georgia.gov/past-events?page=10', 'https://bsitf.georgia.gov/news/2023-07-06/service-process#main-content', 'https://bsitf.georgia.gov/open-records-request-form', 'https://bsitf.georgia.gov/events/communications-committee-meeting-2#main-content', 'https://bsitf.georgia.gov/events/ad-hoc-committee-meeting', 'https://bsitf.georgia.gov/events/2024-11-13/executive-committee-meeting#main-content', 'https://bsitf.georgia.gov/apply-grant#main-content', 'https://bsitf.georgia.gov/long-term-disability#main-content', 'https://bsitf.georgia.gov/community-care-services', 'https://bsitf.georgia.gov/events/2023-12-21/commission-meeting#main-content', 'https://bsitf.georgia.gov/blog-post/2019-05-21/able-accounts-and-federal-housing-assistance#main-content', 'https://bsitf.georgia.gov/resources/able-savings-accounts#main-content', 'https://bsitf.georgia.gov/events/2025-03-18/distribution-committee-meeting', 'https://bsitf.georgia.gov/us-department-health-and-human-services#main-content', 'https://bsitf.georgia.gov/news/2023-01-06/preparing-employment', 'https://bsitf.georgia.gov/resources', 'https://bsitf.georgia.gov/events/2025-01-20/office-closed-martin-luther-king-jr-state-holiday#main-content', 'https://bsitf.georgia.gov/events/2023-11-10/office-closed-veterans-day-holiday', 'https://bsitf.georgia.gov/media-room', 'https://bsitf.georgia.gov/events/distribution-committee-meeting-7#main-content', 'https://bsitf.georgia.gov/events/2024-04-16/distribution-committee-meeting', 'https://bsitf.georgia.gov/events/2025-03-27/commission-meeting', 'https://bsitf.georgia.gov/success-stories', 'https://bsitf.georgia.gov/contacts/resource-specialist#main-content', 'https://bsitf.georgia.gov/past-events?page=30', 'https://bsitf.georgia.gov/events/2025-05-22/commission-meeting#main-content', 'https://bsitf.georgia.gov/events/2019-08-22/commission-meeting', 'https://bsitf.georgia.gov/events/2025-05-22/commission-meeting', 'https://bsitf.georgia.gov/events/2024-07-04/office-closed-4th-july-holiday-0', 'https://bsitf.georgia.gov/events/2023-09-21/children-and-youth-committee-meeting', 'https://bsitf.georgia.gov/resources/cdc-concussion-heads', 'https://bsitf.georgia.gov/independent-care-waiver-program', 'https://bsitf.georgia.gov/resources/resources-veterans-and-active-duty-military#main-content', 'https://bsitf.georgia.gov/facts-about-traumatic-brain-injury-tbi#main-content', 'https://bsitf.georgia.gov/private-insurance#main-content', 'https://bsitf.georgia.gov/events/2025-04-18/office-closed-state-holiday-good-friday-friday-april-18-2025#main-content', 'https://bsitf.georgia.gov/events/distribution-committee-meeting#main-content', 'https://bsitf.georgia.gov/how-do-i-apply-grant/am-i-eligible', 'https://bsitf.georgia.gov/about-us/commission/commission-meeting-minutes', 'https://bsitf.georgia.gov/weve-said-it-beforebrainlineorg-great-resource-individuals-and-their-families#main-content', 'https://bsitf.georgia.gov/events/2025-05-13/distribution-committee-meeting#main-content', 'https://bsitf.georgia.gov/events/2025-03-19/executive-committee-meeting#main-content', 'https://bsitf.georgia.gov/events/commission-meeting-2', 'https://bsitf.georgia.gov/past-events#main-content', 'https://bsitf.georgia.gov/events/communications-committee-meeting-0#main-content', 'https://bsitf.georgia.gov/events/2023-12-25/office-closed-christmas-holiday-december-25-26-2023', 'https://bsitf.georgia.gov/events/2024-10-15/distribution-committee-meeting', 'https://bsitf.georgia.gov/success-stories/2019-06-13/mollys-story#main-content', 'https://bsitf.georgia.gov/blog-post/2019-05-21/able-accounts-and-federal-housing-assistance', 'https://bsitf.georgia.gov/events/2023-12-13/executive-committee-meeting#main-content', 'https://bsitf.georgia.gov/events/children-and-youth-committee-meeting-0#main-content', 'https://bsitf.georgia.gov/events/public-policy-committee-meeting-0#main-content', 'https://bsitf.georgia.gov/veterans-administration#main-content', 'https://bsitf.georgia.gov/register-someone', 'https://bsitf.georgia.gov/events/public-policy-committee-meeting-1', 'https://bsitf.georgia.gov/news/2023-01-06/preparing-employment#main-content', 'https://bsitf.georgia.gov/events/2025-05-14/executive-committee-meeting', 'https://bsitf.georgia.gov/about-us/commission/commission-meeting-minutes#main-content', 'https://bsitf.georgia.gov/medicaid#main-content', 'https://bsitf.georgia.gov/events/executive-committee-meeting-6#main-content', 'https://bsitf.georgia.gov/events/2019-08-15/children-and-youth-committee-meeting', 'https://bsitf.georgia.gov/events/2019-07-18/children-and-youth-committee-meeting', 'https://bsitf.georgia.gov/events/2025-02-27/commission-meeting-0#main-content', 'https://bsitf.georgia.gov/events/2024-08-13/distribution-committee-meeting', 'https://bsitf.georgia.gov/events/2019-08-13/distribution-committee-meeting', 'https://bsitf.georgia.gov/events/2023-12-13/executive-committee-meeting', 'https://bsitf.georgia.gov/events/2024-07-25/commission-meeting#main-content', 'https://bsitf.georgia.gov/events#main-content', 'https://bsitf.georgia.gov/contacts/craig-young#main-content', 'https://bsitf.georgia.gov/events/children-and-youth-committee-meeting-3', 'https://bsitf.georgia.gov/news/2023-06-01/notice-adoption-amendments-distribution-policies-brain-and-spinal-injury-trust-fund#main-content', 'https://bsitf.georgia.gov/events/advisory-committee-meeting-0#main-content', 'https://bsitf.georgia.gov/events/2024-08-14/executive-committee-meeting', 'https://bsitf.georgia.gov/events/2024-10-16/executive-committee-meeting#main-content', 'https://bsitf.georgia.gov/about-us/collections-process#main-content', 'https://bsitf.georgia.gov/events/2023-08-08/advisory-committee-meeting', 'https://bsitf.georgia.gov/events/2024-09-18/executive-committee-meeting#main-content', 'https://bsitf.georgia.gov/about-us#main-content', 'https://bsitf.georgia.gov/events/distribution-committee-meeting-0#main-content', 'https://bsitf.georgia.gov/medicare', 'https://bsitf.georgia.gov/events/2019-08-14/executive-committee-meeting', 'https://bsitf.georgia.gov/events/2024-02-14/executive-committee-meeting#main-content', 'https://bsitf.georgia.gov/events/distribution-committee-meeting-6#main-content', 'https://bsitf.georgia.gov/events/2025-02-27/commission-meeting-0', 'https://bsitf.georgia.gov/events/2024-03-20/executive-committee-meeting#main-content', 'https://bsitf.georgia.gov/about-us/commission', 'https://bsitf.georgia.gov/events/advisory-committee-meeting-3', 'https://bsitf.georgia.gov/events/ad-hoc-committee-meeting#main-content', 'https://bsitf.georgia.gov/events/2025-01-20/office-closed-martin-luther-king-jr-state-holiday', 'https://bsitf.georgia.gov/community-care-services#main-content', 'https://bsitf.georgia.gov/events/executive-committee-meeting-3', 'https://bsitf.georgia.gov/events/commission-meeting#main-content', 'https://bsitf.georgia.gov/events/2025-02-18/distribution-and-application-review-dar-committee', 'https://bsitf.georgia.gov/contacts/craig-young', 'https://bsitf.georgia.gov/events/2019-07-16/distribution-committee-meeting', 'https://bsitf.georgia.gov/events/2024-11-21/commission-meeting', 'https://bsitf.georgia.gov/medicare#main-content', 'https://bsitf.georgia.gov/past-events?page=34#main-content', 'https://bsitf.georgia.gov/application-process#main-content', 'https://bsitf.georgia.gov/past-events?page=0', 'https://bsitf.georgia.gov/events/2023-12-12/distribution-committee-meeting#main-content', 'https://bsitf.georgia.gov/events/2023-11-28/advisory-committee-meeting', 'https://bsitf.georgia.gov/past-events?page=37', 'https://bsitf.georgia.gov/past-events?page=33', 'https://bsitf.georgia.gov/brain-injury-information-brain-injury-association-america', 'https://bsitf.georgia.gov/events/2025-01-22/office-closed-wednesday-january-22-2025#main-content', 'https://bsitf.georgia.gov/donate-bsitf#main-content', 'https://bsitf.georgia.gov/events/2024-11-21/commission-meeting#main-content', 'https://bsitf.georgia.gov/events/communications-committee-meeting-0', 'https://bsitf.georgia.gov/paralysis-resource-guide#main-content', 'https://bsitf.georgia.gov/success-stories/2019-06-13/annalyns-story', 'https://bsitf.georgia.gov/events/commission-meeting-3', 'https://bsitf.georgia.gov/events/commission-meeting-6', 'https://bsitf.georgia.gov/stories/send-us-your-story#main-content', 'https://bsitf.georgia.gov/looking-concussion-traumatic-brain-injury-or-spinal-cord-injury-information#main-content', 'https://bsitf.georgia.gov/what-central-registry/central-registry-letter-survey', 'https://bsitf.georgia.gov/past-events?page=34', 'https://bsitf.georgia.gov/blog-post/2018-02-08/christopher-and-dana-reeve-foundation-paralysis-resource-center', 'https://bsitf.georgia.gov/events/distribution-committee-meeting-3#main-content', 'https://bsitf.georgia.gov/donate-bsitf', 'https://bsitf.georgia.gov/lead-agency-traumatic-brain-and-spinal-injuries', 'https://bsitf.georgia.gov/about-us/collections-process', 'https://bsitf.georgia.gov/annual-reports#main-content', 'https://bsitf.georgia.gov/events/2024-03-20/executive-committee-meeting', 'https://bsitf.georgia.gov/events/2024-06-19/office-closed-state-holiday-juneteenth-wednesday-june-19-2024#main-content', 'https://bsitf.georgia.gov/events/public-policy-committee-meeting-1#main-content', 'https://bsitf.georgia.gov/how-do-i-apply-grant/frequently-asked-questions', 'https://bsitf.georgia.gov/how-do-i-apply-grant/am-i-eligible#main-content', 'https://bsitf.georgia.gov/events/executive-committee-meeting-7#main-content', 'https://bsitf.georgia.gov/news?page=1#main-content', 'https://bsitf.georgia.gov/events/2024-04-25/commission-meeting', 'https://bsitf.georgia.gov/events/executive-committee-meeting-2', 'https://bsitf.georgia.gov/media-room/facts-about-spinal-cord-injury#main-content', 'https://bsitf.georgia.gov/events/2025-04-18/office-closed-state-holiday-good-friday-friday-april-18-2025', 'https://bsitf.georgia.gov/events/communications-committee-meeting', 'https://bsitf.georgia.gov/news/2019-12-23/remembrance-james-h-shepherd-jr#main-content', 'https://bsitf.georgia.gov/news?page=2', 'https://bsitf.georgia.gov/how-do-i-apply-grant#hdi-11791-step-2', 'https://bsitf.georgia.gov/past-events?page=0#main-content', 'https://bsitf.georgia.gov/events/2024-02-22/commission-meeting', 'https://bsitf.georgia.gov/vocational-rehabilitation#main-content', 'https://bsitf.georgia.gov/events/commission-meeting', 'https://bsitf.georgia.gov/events/executive-committee-meeting-4#main-content', 'https://bsitf.georgia.gov/events/2023-12-25/office-closed-christmas-holiday-december-25-26-2023#main-content', 'https://bsitf.georgia.gov/events/communications-committee-meeting-3', 'https://bsitf.georgia.gov/events/distribution-committee-meeting-4', 'https://bsitf.georgia.gov/events/2025-04-15/distribution-and-application-review-dar-committee#main-content', 'https://bsitf.georgia.gov/events/distribution-committee-meeting-4#main-content', 'https://bsitf.georgia.gov/past-events?page=35#main-content', 'https://bsitf.georgia.gov/events/2024-03-28/commission-meeting#main-content', 'https://bsitf.georgia.gov/events/2024-09-26/commission-meeting', 'https://bsitf.georgia.gov/events/advisory-committee-meeting-3#main-content', 'https://bsitf.georgia.gov/media-room#main-content', 'https://bsitf.georgia.gov/events/commission-meeting-1#main-content', 'https://bsitf.georgia.gov/events/commission-meeting-4', 'https://bsitf.georgia.gov/how-apply/guidelines', 'https://bsitf.georgia.gov/events/2024-02-13/distribution-committee-meeting', 'https://bsitf.georgia.gov/events/advisory-committee-meeting-2#main-content', 'https://bsitf.georgia.gov/past-events?page=31', 'https://bsitf.georgia.gov/events/distribution-committee-meeting-2#main-content', 'https://bsitf.georgia.gov/contact-us#main-content', 'https://bsitf.georgia.gov/events/2024-11-28/office-closed-thanksgiving-holiday#main-content', 'https://bsitf.georgia.gov/past-events?page=2', 'https://bsitf.georgia.gov#main-content', 'https://bsitf.georgia.gov/events/2024-01-25/commission-meeting', 'https://bsitf.georgia.gov/events/distribution-committee-meeting-2', 'https://bsitf.georgia.gov/how-we-help', 'https://bsitf.georgia.gov/events/executive-committee-meeting', 'https://bsitf.georgia.gov/events/2019-07-17/executive-committee-meeting', 'https://bsitf.georgia.gov/kelly-brush-foundations-grants-adaptive-sports-equipment', 'https://bsitf.georgia.gov/how-do-i-apply-grant/frequently-asked-questions#main-content', 'https://bsitf.georgia.gov/success-stories/2019-06-13/mollys-story', 'https://bsitf.georgia.gov/events/2024-09-02/office-closed-labor-day-holiday-monday-september-2-2024', 'https://bsitf.georgia.gov/events/2024-06-19/executive-committee-meeting#main-content', 'https://bsitf.georgia.gov/resources/georgia-federal-and-other-resources-individuals-traumatic-brain-and-spinal-cord-injury#main-content', 'https://bsitf.georgia.gov/looking-concussion-traumatic-brain-injury-or-spinal-cord-injury-information', 'https://bsitf.georgia.gov/what-central-registry/central-registry-letter-survey#main-content', 'https://bsitf.georgia.gov/events/2025-04-15/distribution-committee-meeting#main-content', 'https://bsitf.georgia.gov/events/2019-11-14/communications-committee-meeting', 'https://bsitf.georgia.gov/events/2025-05-13/distribution-committee-meeting', 'https://bsitf.georgia.gov/events/2024-01-25/commission-meeting#main-content', 'https://bsitf.georgia.gov/vocational-rehabilitation', 'https://bsitf.georgia.gov/events/2019-11-12/distribution-and-application-revision-committee-meeting', 'https://bsitf.georgia.gov/past-events?page=8', 'https://bsitf.georgia.gov/events/executive-committee-meeting#main-content', 'https://bsitf.georgia.gov/events/distribution-committee-meeting-7', 'https://bsitf.georgia.gov/events/executive-committee-meeting-6', 'https://bsitf.georgia.gov/events/2024-03-19/distribution-committee-meeting#main-content', 'https://bsitf.georgia.gov/events/2023-12-12/distribution-committee-meeting', 'https://bsitf.georgia.gov/past-events?page=3#main-content', 'https://bsitf.georgia.gov/events/2024-10-24/commission-meeting#main-content', 'https://bsitf.georgia.gov/events/2025-02-18/distribution-and-application-review-dar-committee#main-content', 'https://bsitf.georgia.gov/what-central-registry#main-content', 'https://bsitf.georgia.gov/past-events?page=6#main-content', 'https://bsitf.georgia.gov/resources/ga-aging-and-disability-resource-connection', 'https://bsitf.georgia.gov/about-us', 'https://bsitf.georgia.gov/events/2025-04-15/distribution-committee-meeting', 'https://bsitf.georgia.gov/events/2024-09-26/commission-meeting#main-content', 'https://bsitf.georgia.gov/events/commission-meeting-4#main-content', 'https://bsitf.georgia.gov/resources#main-content', 'https://bsitf.georgia.gov/events/executive-committee-meeting-5', 'https://bsitf.georgia.gov/events/public-policy-committee-meeting-0', 'https://bsitf.georgia.gov/media-room/facts-about-spinal-cord-injury', 'https://bsitf.georgia.gov/events/distribution-committee-meeting-3', 'https://bsitf.georgia.gov/events/2019-11-28/office-closed', 'https://bsitf.georgia.gov/register-someone#main-content', 'https://bsitf.georgia.gov/events/2025-02-27/commission-meeting#main-content', 'https://bsitf.georgia.gov/events/2019-11-21/commission-meeting', 'https://bsitf.georgia.gov/events/2025-01-10/office-closed-friday-january-10-2025-inclement-weather#main-content', 'https://bsitf.georgia.gov/events/distribution-committee-meeting-5', 'https://bsitf.georgia.gov/blog-post/2018-02-08/christopher-and-dana-reeve-foundation-paralysis-resource-center#main-content', 'https://bsitf.georgia.gov/compnow-waivers#main-content', 'https://bsitf.georgia.gov/events/2025-05-13/distribution-and-application-review-dar-committee', 'https://bsitf.georgia.gov/past-events?page=29', 'https://bsitf.georgia.gov/events/2024-02-15/children-and-youth-committee-meeting', 'https://bsitf.georgia.gov/past-events?page=35', 'https://bsitf.georgia.gov/events/advisory-committee-meeting-0', 'https://bsitf.georgia.gov/events/distribution-committee-meeting', 'https://bsitf.georgia.gov/events/2024-08-01/commission-meeting#main-content', 'https://bsitf.georgia.gov/source-program#main-content', 'https://bsitf.georgia.gov/events/2023-08-16/finance-committee-meeting', 'https://bsitf.georgia.gov/events/communications-committee-meeting-3#main-content', 'https://bsitf.georgia.gov/past-events?page=36', 'https://bsitf.georgia.gov/events/2023-10-26/commission-meeting', 'https://bsitf.georgia.gov/events/2023-08-17/children-and-youth-committee-meeting', 'https://bsitf.georgia.gov/events/2024-07-17/executive-committee-meeting#main-content', 'https://bsitf.georgia.gov', 'https://bsitf.georgia.gov/events/2025-03-18/distribution-committee-meeting#main-content', 'https://bsitf.georgia.gov/success-stories#main-content', 'https://bsitf.georgia.gov/searching-information-about-brain#main-content', 'https://bsitf.georgia.gov/events/2023-11-16/brain-and-spinal-injury-trust-fund-commission-meeting', 'https://bsitf.georgia.gov/searching-information-about-brain', 'https://bsitf.georgia.gov/events/2024-06-27/commission-meeting', 'https://bsitf.georgia.gov/events/2019-11-12/distribution-committee-meeting', 'https://bsitf.georgia.gov/events/2023-10-19/children-and-youth-committee-meeting', 'https://bsitf.georgia.gov/stories/send-us-your-story', 'https://bsitf.georgia.gov/news?page=2#main-content', 'https://bsitf.georgia.gov/victims-compensation-fund', 'https://bsitf.georgia.gov/resources/able-savings-accounts', 'https://bsitf.georgia.gov/events/advisory-committee-meeting-1#main-content', 'https://bsitf.georgia.gov/past-events?page=8#main-content', 'https://bsitf.georgia.gov/events/2024-03-28/commission-meeting', 'https://bsitf.georgia.gov/events/2023-09-19/distribution-committee-meeting', 'https://bsitf.georgia.gov/events/communications-committee-meeting-1#main-content', 'https://bsitf.georgia.gov/events/finance-committee-meeting#main-content', 'https://bsitf.georgia.gov/events/2023-08-24/commission-meeting', 'https://bsitf.georgia.gov/events/2024-11-13/executive-committee-meeting', 'https://bsitf.georgia.gov/events/2023-09-28/commission-meeting', 'https://bsitf.georgia.gov/events/commission-meeting-5', 'https://bsitf.georgia.gov/events/advisory-committee-meeting-2', 'https://bsitf.georgia.gov/victims-compensation-fund#main-content', 'https://bsitf.georgia.gov/past-events?page=4#main-content', 'https://bsitf.georgia.gov/guide-getting-and-using-your-health-records#main-content', 'https://bsitf.georgia.gov/events/commission-meeting-2#main-content', 'https://bsitf.georgia.gov/resources/georgia-federal-and-other-resources-individuals-traumatic-brain-and-spinal-cord-injury', 'https://bsitf.georgia.gov/past-events?page=33#main-content', 'https://bsitf.georgia.gov/past-events?page=7', 'https://bsitf.georgia.gov/events/2024-07-04/office-closed-4th-july-holiday-0#main-content', 'https://bsitf.georgia.gov/about-us/commission#main-content', 'https://bsitf.georgia.gov/events/2024-12-10/distribution-committee-meeting', 'https://bsitf.georgia.gov/events/2025-04-24/commission-meeting#main-content', 'https://bsitf.georgia.gov/events/2024-08-14/executive-committee-meeting#main-content', 'https://bsitf.georgia.gov/events/public-policy-committee-meeting#main-content', 'https://bsitf.georgia.gov/events/2019-11-28/commission-offices-are-closed-thanksgiving-day-holidays', 'https://bsitf.georgia.gov/past-events?page=4', 'https://bsitf.georgia.gov/events/2025-04-24/commission-meeting', 'https://bsitf.georgia.gov/resources/youtube-webinars-children-tbi', 'https://bsitf.georgia.gov/past-events?page=2#main-content', 'https://bsitf.georgia.gov/kelly-brush-foundations-grants-adaptive-sports-equipment#main-content', 'https://bsitf.georgia.gov/events/2024-07-04/office-closed-4th-july-holiday#main-content', 'https://bsitf.georgia.gov/events/2024-07-04/office-closed-4th-july-holiday', 'https://bsitf.georgia.gov/events/advisory-committee-meeting-1', 'https://bsitf.georgia.gov/events/2024-07-16/distribution-committee-meeting', 'https://bsitf.georgia.gov/how-apply/application-process#main-content', 'https://bsitf.georgia.gov/events/2025-01-23/commission-meeting', 'https://bsitf.georgia.gov/past-events?page=36#main-content', 'https://bsitf.georgia.gov/events/2023-10-17/distribution-committee-meeting', 'https://bsitf.georgia.gov/how-apply/guidelines#main-content', 'https://bsitf.georgia.gov/what-central-registry', 'https://bsitf.georgia.gov/events/2024-07-16/distribution-committee-meeting#main-content', 'https://bsitf.georgia.gov/news#main-content', 'https://bsitf.georgia.gov/events/public-policy-committee-meeting', 'https://bsitf.georgia.gov/events/2024-09-18/executive-committee-meeting', 'https://bsitf.georgia.gov/events/2024-11-28/office-closed-thanksgiving-holiday', 'https://bsitf.georgia.gov/success-stories/2019-06-13/laquans-story#main-content', 'https://bsitf.georgia.gov/events/commission-meeting-5#main-content', 'https://bsitf.georgia.gov/events/2024-02-13/distribution-committee-meeting#main-content', 'https://bsitf.georgia.gov/resources/youtube-webinars-children-tbi#main-content', 'https://bsitf.georgia.gov/how-do-i-apply-grant#hdi-11791-step-1', 'https://bsitf.georgia.gov/events/communications-committee-meeting#main-content', 'https://bsitf.georgia.gov/events/communications-committee-meeting-1', 'https://bsitf.georgia.gov/events/2023-12-21/commission-meeting', 'https://bsitf.georgia.gov/events/2024-02-15/children-and-youth-committee-meeting#main-content', 'https://bsitf.georgia.gov/events/advisory-committee-meeting', 'https://bsitf.georgia.gov/independent-care-waiver-program#main-content', 'https://bsitf.georgia.gov/announcement/2021-01-19/participants-wanted-univ-washington-research-study-concussion#main-content', 'https://bsitf.georgia.gov/events/2024-04-16/distribution-committee-meeting#main-content', 'https://bsitf.georgia.gov/brain-injury-information-brain-injury-association-america#main-content', 'https://bsitf.georgia.gov/success-stories/2019-06-13/laquans-story', 'https://bsitf.georgia.gov/past-events?page=5', 'https://bsitf.georgia.gov/news?page=0', 'https://bsitf.georgia.gov/lead-agency-traumatic-brain-and-spinal-injuries#main-content', 'https://bsitf.georgia.gov/events/2023-10-18/executive-committee-meeting', 'https://bsitf.georgia.gov/events/2019-07-25/commission-meeting', 'https://bsitf.georgia.gov/events', 'https://bsitf.georgia.gov/events/2024-11-12/distribution-committee-meeting', 'https://bsitf.georgia.gov/paralysis-resource-guide', 'https://bsitf.georgia.gov/events/2024-09-17/distribution-committee-meeting#main-content', 'https://bsitf.georgia.gov/past-events?page=5#main-content', 'https://bsitf.georgia.gov/success-stories/2019-06-13/annalyns-story#main-content', 'https://bsitf.georgia.gov/news/2021-10-06/housing-rental-assistance-ga-dept-community-affairs#main-content', 'https://bsitf.georgia.gov/events/2025-02-18/distribution-committee-meeting', 'https://bsitf.georgia.gov/events/executive-committee-meeting-2#main-content', 'https://bsitf.georgia.gov/ssi', 'https://bsitf.georgia.gov/apply-grant', 'https://bsitf.georgia.gov/how-do-i-apply-grant', 'https://bsitf.georgia.gov/news/2019-12-23/remembrance-james-h-shepherd-jr', 'https://bsitf.georgia.gov/events/commission-meeting-1', 'https://bsitf.georgia.gov/events/2025-04-16/executive-committee-meeting#main-content', 'https://bsitf.georgia.gov/resources/resources-veterans-and-active-duty-military', 'https://bsitf.georgia.gov/events/2024-08-22/commission-meeting', 'https://bsitf.georgia.gov/events/2024-06-18/distribution-committee-meeting#main-content', 'https://bsitf.georgia.gov/events/2025-04-15/distribution-and-application-review-dar-committee', 'https://bsitf.georgia.gov/events/2024-01-23/advisory-committee-meeting#main-content', 'https://bsitf.georgia.gov/news/2023-07-06/service-process', 'https://bsitf.georgia.gov/events/2025-01-22/office-closed-wednesday-january-22-2025', 'https://bsitf.georgia.gov/events/2024-10-24/commission-meeting', 'https://bsitf.georgia.gov/events/2023-09-20/executive-committee-meeting', 'https://bsitf.georgia.gov/events/2024-12-11/executive-committee-meeting#main-content', 'https://bsitf.georgia.gov/how-we-help#main-content', 'https://bsitf.georgia.gov/events/communications-committee#main-content', 'https://bsitf.georgia.gov/events/2023-08-16/executive-committee-meeting', 'https://bsitf.georgia.gov/resources/cdc-concussion-heads#main-content']",['Service of Process'],Notice,0.6739327907562256
Layout 1,https://bsitf.georgia.gov/media/1896/download,2.7MB,2814.3603515625,2023-08-31 10:00:08,,,,2019-08-28 10:03:08,Adobe Acrobat Pro 9.0.0,30,4,12,PDF 1.7,"['https://bsitf.georgia.gov/how-do-i-apply-grant#hdi-11791-step-3', 'https://bsitf.georgia.gov/apply-grant', 'https://bsitf.georgia.gov/how-do-i-apply-grant/am-i-eligible#main-content', 'https://bsitf.georgia.gov/how-do-i-apply-grant#hdi-11791-step-1', 'https://bsitf.georgia.gov/how-do-i-apply-grant', 'https://bsitf.georgia.gov/how-do-i-apply-grant/am-i-eligible', 'https://bsitf.georgia.gov/how-do-i-apply-grant#main-content', 'https://bsitf.georgia.gov/how-do-i-apply-grant#hdi-11791-step-2', 'https://bsitf.georgia.gov/apply-grant#main-content']","['download\n \nthe paper application kit.', 'print', 'our\n \npaper application']",Slides,0.48498404026031494
Print,https://bsitf.georgia.gov/document/document/grant-award-possibilities-sci-tbi/download,1.0MB,1050.431640625,2019-07-02 07:05:03,,,,2019-06-25 23:02:03,Adobe PDF library 10.01,2,2,0,PDF 1.5,"['https://bsitf.georgia.gov/how-do-i-apply-grant#hdi-11791-step-3', 'https://bsitf.georgia.gov/how-do-i-apply-grant#hdi-11791-step-1', 'https://bsitf.georgia.gov/how-do-i-apply-grant', 'https://bsitf.georgia.gov/how-do-i-apply-grant#main-content', 'https://bsitf.georgia.gov/how-do-i-apply-grant#hdi-11791-step-2', 'https://bsitf.georgia.gov/how-we-help#main-content', 'https://bsitf.georgia.gov/how-we-help']","['Common\xa0Requests by People with TBI and or SCI', 'Grant\xa0Award Possibilities - SCI & TBI']",Brochure,0.7221336960792542
download,https://bsitf.georgia.gov/document/document/distribution-policies/download,644.6KB,644.6025390625,2023-06-30 10:04:07,,,,2016-12-16 12:04:02,Acrobat Distiller 9.5.5 (Windows),30,0,1,PDF 1.7,"['https://bsitf.georgia.gov/how-do-i-apply-grant/distribution-policy', 'https://bsitf.georgia.gov/how-do-i-apply-grant/distribution-policy#main-content']",['Distribution\xa0Policies'],Report,0.4979594647884369
A Fact Sheet for Sports Officials,https://www.cdc.gov/heads-up/media/pdfs/youthsports/HEADS_UP_Youth_Sports_Officials-a.pdf,802.8KB,802.7724609375,2022-09-02 10:04:00,,,,2022-08-20 10:03:01,Adobe PDF Library 16.0.5,2,0,1,PDF 1.7,"['https://bsitf.georgia.gov/resources/cdc-concussion-heads#main-content', 'https://bsitf.georgia.gov/resources/cdc-concussion-heads']",['Sports Officials'],Brochure,0.781582236289978
create_an_account_cdc-train_headsup.pdf,https://www.cdc.gov/heads-up/media/pdfs/youthsports/create_an_account_cdc-train_headsup.pdf?CDC_AAref_Val=https://www.cdc.gov/headsup/pdfs/youthsports/Create_an_Account_CDC-TRAIN_HEADSUP.pdf,864.7KB,864.7158203125,2020-02-13 10:03:09,"Willis, Rhonda (CDC/OSELS/SEPDPO) (CTR)",,,2020-02-13 10:03:09,Adobe PDF Library 15.0,4,0,11,PDF 1.5,"['https://bsitf.georgia.gov/resources/cdc-concussion-heads#main-content', 'https://bsitf.georgia.gov/resources/cdc-concussion-heads']",['How to Create an Account in CDC Train pdf icon[PDF – 865 KB]'],Brochure,0.7643464803695679
Georgia Disability Resources,https://bsitf.georgia.gov/document/document/georgia-disability-resources-reeve-foundation/download,387.8KB,387.7705078125,2019-08-09 08:01:02,prcasst,,,2019-08-09 08:01:02,Microsoft® Word for Office 365,25,10,1,PDF 1.7,"['https://bsitf.georgia.gov/blog-post/2018-02-08/christopher-and-dana-reeve-foundation-paralysis-resource-center#main-content', 'https://bsitf.georgia.gov/blog-post/2018-02-08/christopher-and-dana-reeve-foundation-paralysis-resource-center']",['/document/document/georgia-disability-resources-reeve-foundation/download'],Report,0.25335267186164856
download,https://bsitf.georgia.gov/document/document/georgia-federal-and-other-resources/download,50.5KB,50.4921875,2020-10-22 10:01:09,,,,2017-10-20 10:01:05,Acrobat Distiller 9.5.5 (Windows),2,0,0,PDF 1.5,"['https://bsitf.georgia.gov/resources/georgia-federal-and-other-resources-individuals-traumatic-brain-and-spinal-cord-injury', 'https://bsitf.georgia.gov/resources/georgia-federal-and-other-resources-individuals-traumatic-brain-and-spinal-cord-injury#main-content']",['Georgia\xa0Federal and other Resources'],Policy,0.2650300860404968
download,https://bsitf.georgia.gov/media/461/download,42.9KB,42.9287109375,2017-12-29 09:01:08,,,,2017-12-29 09:01:08,Acrobat Distiller 9.5.5 (Windows),1,0,0,PDF 1.5,"['https://bsitf.georgia.gov/resources/youtube-webinars-children-tbi#main-content', 'https://bsitf.georgia.gov/resources/youtube-webinars-children-tbi']",['Eight\xa0webinars on traumatic brain injury in children and youth.pdf'],Notice,0.34156981110572815
Brain and Spinal Injury Trust Fund Commission,https://bsitf.georgia.gov/document/publication/2021-register-someone-form/download,91.8KB,91.7978515625,2023-08-23 11:00:06,djdeadwyler,,,2023-08-23 11:00:06,Microsoft® Word for Microsoft 365,4,0,0,PDF 1.7,"['https://bsitf.georgia.gov/register-someone#main-content', 'https://bsitf.georgia.gov/register-someone']",['2023\xa0Register Someone Form'],Form,0.40416011214256287
download,https://bsitf.georgia.gov/document/document/grant-application-process/download,1.7MB,1726.166015625,2019-07-02 08:05:00,,,,2019-07-01 23:00:00,Adobe PDF Library 15.0,2,1,1,PDF 1.5,"['https://bsitf.georgia.gov/how-we-help#main-content', 'https://bsitf.georgia.gov/how-we-help']",['Grant\xa0Application Process'],Form,0.5060814023017883
Microsoft Word - Open_Records_Request_Form[1],http://www.ciclt.net/ul/bsitf/openrecordsrequestform.pdf,68.7KB,68.69140625,2011-03-30 22:00:08,Richard,,,2011-03-30 22:00:08,Acrobat Distiller 8.2.6 (Windows),1,0,2,PDF 1.4,"['https://bsitf.georgia.gov/contact-us', 'https://bsitf.georgia.gov/contact-us#main-content']",['Print Request Form'],Form,0.9940999150276184
download,https://bsitf.georgia.gov/document/document/ada-public-notice-and-grievance-process-brain-and-spinal-injury-trust-fund/download,171.6KB,171.6279296875,2024-02-21 10:03:05,"Young, Craig",,,2024-02-21 10:03:05,Microsoft® Word for Microsoft 365,2,0,0,PDF 1.7,"['https://bsitf.georgia.gov/contact-us', 'https://bsitf.georgia.gov/contact-us#main-content']",['ADA\xa0Public Notice and Grievance Process for the Brain and Spinal Injury Trust Fund Commission_2024.pdf'],Brochure,0.46644356846809387
download,https://bsitf.georgia.gov/document/document/2021-annual-report/download,6.8MB,6971.2744140625,2022-03-02 08:04:07,,,,2022-02-28 18:04:04,Adobe PDF Library 16.0.5,11,4,21,PDF 1.4,"['https://bsitf.georgia.gov/annual-reports#main-content', 'https://bsitf.georgia.gov/annual-reports']",['2021\n \nAnnual Report'],Report,0.9811230301856995
download,https://bsitf.georgia.gov/document/document/2020-annual-report/download,3.2MB,3302.99609375,2021-02-16 13:00:05,,,,2021-02-12 10:04:00,Adobe PDF Library 15.0,11,4,26,PDF 1.4,"['https://bsitf.georgia.gov/annual-reports#main-content', 'https://bsitf.georgia.gov/annual-reports']",['2020\n \nAnnual Report'],Report,0.9786397218704224
download,https://bsitf.georgia.gov/document/document/2019-annual-report/download,3.5MB,3568.033203125,2020-03-11 11:00:01,,,,2020-03-03 14:05:03,Adobe PDF Library 15.0,9,1,55,PDF 1.5,"['https://bsitf.georgia.gov/annual-reports#main-content', 'https://bsitf.georgia.gov/annual-reports']",['2019\n \nAnnual Report'],Report,0.9746645092964172
download,https://bsitf.georgia.gov/document/document/bsitfc-2018-annual-reportfinal-proofpdf/download,13.3MB,13627.4833984375,2019-01-04 15:00:07,,,,2019-01-04 15:00:07,Mac OS X 10.10.5 Quartz PDFContext,9,1,71,PDF 1.4,"['https://bsitf.georgia.gov/annual-reports#main-content', 'https://bsitf.georgia.gov/annual-reports']",['2018\n \nAnnual Report'],Report,0.9754875898361206
download,https://bsitf.georgia.gov/document/document/2017-bsitf-annual-reportfinal10pdf/download,10.7MB,10909.599609375,2017-12-21 09:01:03,,,,2017-12-21 07:01:07,Adobe PDF Library 15.0,9,0,33,PDF 1.4,"['https://bsitf.georgia.gov/annual-reports#main-content', 'https://bsitf.georgia.gov/annual-reports']",['2017\n \nAnnual Report'],Report,0.9771236777305603
download,https://bsitf.georgia.gov/media/401/download,6.6MB,6730.55859375,2017-02-15 08:04:03,,,,2017-02-14 17:00:02,Adobe PDF Library 15.0,9,3,38,PDF 1.5,"['https://bsitf.georgia.gov/annual-reports#main-content', 'https://bsitf.georgia.gov/annual-reports']",['2016\n \nAnnual Report'],Report,0.9791162610054016
27391_Report.indd,https://bsitf.georgia.gov/document/document/2015-annual-report/download,13.7MB,14020.931640625,2019-10-23 06:05:00,,,,2015-12-29 08:03:01,Adobe PDF Library 15.0,16,9,58,PDF 1.3,"['https://bsitf.georgia.gov/annual-reports#main-content', 'https://bsitf.georgia.gov/annual-reports']",['2015\n \nAnnual Report'],Report,0.9832867383956909
download,https://bsitf.georgia.gov/media/541/download,4.3MB,4394.7177734375,2015-01-06 09:04:03,,,,2014-12-17 19:05:06,Adobe PDF Library 11.0,9,0,35,PDF 1.3,"['https://bsitf.georgia.gov/annual-reports#main-content', 'https://bsitf.georgia.gov/annual-reports']",['2014\n \nAnnual Report'],Report,0.9784433841705322
download,https://bsitf.georgia.gov/document/document/fy2013-annual-report/download,1.6MB,1671.484375,2019-10-23 06:05:01,,,,2013-12-10 13:01:01,Adobe PDF Library 9.0,9,3,29,PDF 1.5,"['https://bsitf.georgia.gov/annual-reports#main-content', 'https://bsitf.georgia.gov/annual-reports']",['2013\n \nAnnual Report'],Report,0.9776418805122375
download,https://bsitf.georgia.gov/media/546/download,2.0MB,2000.4306640625,2012-12-13 09:05:03,,,,2012-12-13 09:05:03,Adobe PDF Library 9.0,9,2,29,PDF 1.5,"['https://bsitf.georgia.gov/annual-reports#main-content', 'https://bsitf.georgia.gov/annual-reports']",['2012\n \nAnnual Report'],Report,0.9765806198120117
download,https://bsitf.georgia.gov/media/551/download,2.0MB,2071.88671875,2012-03-06 10:00:08,,,,2012-03-06 10:00:08,Adobe PDF Library 9.0,9,9,41,PDF 1.5,"['https://bsitf.georgia.gov/annual-reports#main-content', 'https://bsitf.georgia.gov/annual-reports']",['2011\n \nAnnual Report'],Report,0.9750612378120422
download,https://bsitf.georgia.gov/media/556/download,1.0MB,1025.6201171875,2011-04-04 15:05:07,,,,2011-04-04 15:05:07,Adobe PDF Library 9.0,11,3,26,PDF 1.5,"['https://bsitf.georgia.gov/annual-reports#main-content', 'https://bsitf.georgia.gov/annual-reports']",['2010\n \nAnnual Report'],Report,0.9794175028800964
download,https://bsitf.georgia.gov/media/561/download,1.3MB,1373.9716796875,2010-06-23 23:03:06,,,,2010-06-15 09:00:08,Adobe PDF Library 9.0,13,4,34,PDF 1.5,"['https://bsitf.georgia.gov/annual-reports#main-content', 'https://bsitf.georgia.gov/annual-reports']",['2009\n \nAnnual Report'],Report,0.976426362991333
Layout 1,https://bsitf.georgia.gov/media/566/download,575.4KB,575.4443359375,2009-06-16 17:00:03,,,,2009-06-02 16:01:04,QuarkXPress(tm) 6.52,24,3,25,PDF 1.3,"['https://bsitf.georgia.gov/annual-reports#main-content', 'https://bsitf.georgia.gov/annual-reports']",['2008\n \nAnnual Report'],Report,0.9435083270072937
download,https://bsitf.georgia.gov/media/571/download,2.0MB,2056.310546875,2008-04-01 12:03:07,,,,2008-03-31 09:03:03,Creo Normalizer JTP,32,2,41,PDF 1.5,"['https://bsitf.georgia.gov/annual-reports#main-content', 'https://bsitf.georgia.gov/annual-reports']",['2007\n \nAnnual Report'],Report,0.9095165133476257
Layout 1,https://bsitf.georgia.gov/media/576/download,776.5KB,776.466796875,2007-04-24 15:04:09,,,,2007-03-13 12:05:04,QuarkXPress(tm) 6.52,24,5,36,PDF 1.6,"['https://bsitf.georgia.gov/annual-reports#main-content', 'https://bsitf.georgia.gov/annual-reports']",['2006\n \nAnnual Report'],Report,0.9421756267547607
untitled,https://bsitf.georgia.gov/media/581/download,3.2MB,3301.0224609375,2006-02-10 13:00:08,,,,2005-11-09 14:05:05,Acrobat Distiller 6.0.1 for Macintosh,24,4,24,PDF 1.3,"['https://bsitf.georgia.gov/annual-reports#main-content', 'https://bsitf.georgia.gov/annual-reports']",['2004-2005\n \nAnnual Report'],Report,0.878734827041626
AR03,https://bsitf.georgia.gov/media/586/download,6.3MB,6491.591796875,2005-07-11 12:02:07,,,,2005-07-11 12:02:05,QuarkXPress(tm) 6.5,16,5,15,PDF 1.4,"['https://bsitf.georgia.gov/annual-reports#main-content', 'https://bsitf.georgia.gov/annual-reports']",['2003\n \nAnnual Report'],Report,0.9702343344688416
Brain and Spinal Injury Trust Fund Commission,https://bsitf.georgia.gov/document/document/commission-minutes-11-21-19-final/download,115.6KB,115.583984375,2019-12-19 15:01:05,clyoung,,,2019-12-19 15:01:05,Microsoft® Word for Office 365,4,0,0,PDF 1.7,"['https://bsitf.georgia.gov/about-us/commission/commission-meeting-minutes#main-content', 'https://bsitf.georgia.gov/about-us/commission/commission-meeting-minutes']",['Commission\xa0Minutes 11-21-19 Final'],Policy,0.7337295413017273
Brain and Spinal Injury Trust Fund Commission,https://bsitf.georgia.gov/document/document/commissionminutes10-24-19pdf/download,113.4KB,113.3828125,2019-11-21 13:04:03,clyoung,,,2019-11-21 13:04:03,Microsoft® Word for Office 365,3,0,0,PDF 1.7,"['https://bsitf.georgia.gov/about-us/commission/commission-meeting-minutes#main-content', 'https://bsitf.georgia.gov/about-us/commission/commission-meeting-minutes']",['commission_minutes_10-24-19.pdf'],Policy,0.7241271138191223
Brain and Spinal Injury Trust Fund Commission,https://bsitf.georgia.gov/document/document/commission-meeting-minutes-9-26-19/download,112.3KB,112.2744140625,2019-10-28 13:02:09,clyoung,,,2019-10-28 13:02:09,Microsoft® Word for Office 365,3,0,0,PDF 1.7,"['https://bsitf.georgia.gov/about-us/commission/commission-meeting-minutes#main-content', 'https://bsitf.georgia.gov/about-us/commission/commission-meeting-minutes']",['Commission\xa0Meeting Minutes 9-26-19'],Policy,0.6869449615478516
Brain and Spinal Injury Trust Fund Commission,https://bsitf.georgia.gov/document/document/commission-minutes-8-22-19/download,112.6KB,112.6171875,2019-09-26 15:01:08,clyoung,,,2019-09-26 15:01:08,Microsoft® Word for Office 365,3,0,0,PDF 1.7,"['https://bsitf.georgia.gov/about-us/commission/commission-meeting-minutes#main-content', 'https://bsitf.georgia.gov/about-us/commission/commission-meeting-minutes']",['Commission\xa0Minutes 8-22-19'],Policy,0.7241271138191223
Brain and Spinal Injury Trust Fund Commission,https://bsitf.georgia.gov/document/document/commissionminutes7-25-19revpdf/download,101.7KB,101.7412109375,2019-08-26 11:00:08,clyoung,,,2019-08-26 10:02:02,Microsoft® Word for Office 365,3,0,0,PDF 1.7,"['https://bsitf.georgia.gov/about-us/commission/commission-meeting-minutes#main-content', 'https://bsitf.georgia.gov/about-us/commission/commission-meeting-minutes']",['commission_minutes_7-25-19_rev.pdf'],Policy,0.7110389471054077
download,https://bsitf.georgia.gov/document/document/amendment-bsitfc-distribution-policy-effective-july-1-2023-1pdf/download,80.1KB,80.0830078125,2023-05-31 14:02:02,"Young, Craig",,,2023-05-31 14:02:02,Microsoft® Word for Microsoft 365,1,0,0,PDF 1.7,"['https://bsitf.georgia.gov/news/2023-06-01/notice-adoption-amendments-distribution-policies-brain-and-spinal-injury-trust-fund#main-content', 'https://bsitf.georgia.gov/news/2023-06-01/notice-adoption-amendments-distribution-policies-brain-and-spinal-injury-trust-fund']",['/document/document/amendment-bsitfc-distribution-policy-effective-july-1-2023-1pdf/download'],Policy,0.3809049725532532
download,https://bsitf.georgia.gov/media/381/download,4.0MB,4052.31640625,2008-07-16 08:03:03,,,,2008-07-15 15:05:05,Adobe PDF Library 8.0,43,21,20,PDF 1.4,"['https://bsitf.georgia.gov/media-room#main-content', 'https://bsitf.georgia.gov/media-room']",['State\n \nPlan and Needs Assessment - Summary'],Report,0.8812244534492493
download,https://bsitf.georgia.gov/media/391/download,1.9MB,1944.96484375,2008-07-17 16:03:03,Sarah Jones,,,2008-07-16 15:05:08,Mac OS X 10.4.11 Quartz PDFContext,80,1,9,PDF 1.4,"['https://bsitf.georgia.gov/media-room#main-content', 'https://bsitf.georgia.gov/media-room']",['State\n \nPlan and Needs Assessment - Full Version'],Report,0.6329856514930725
Brain and Spinal Injury Trust Fund Commission,https://bsitf.georgia.gov/document/document/agenda-commission-meeting2-27-25pdf/download,97.7KB,97.685546875,2025-02-26 13:01:08,clyoung,,,2025-02-26 13:01:08,Microsoft® Word for Microsoft 365,1,1,1,PDF 1.7,"['https://bsitf.georgia.gov/events/2025-02-27/commission-meeting-0#main-content', 'https://bsitf.georgia.gov/events/2025-02-27/commission-meeting-0']",['AGENDA\xa0- Commission meeting_2-27-25.pdf'],Policy,0.27591249346733093
