file_name,url,file_size,file_size_kilobytes,last_modified_date,author,subject,keywords,creation_date,producer,number_of_pages,number_of_tables,number_of_images,version,source,text_around_link,predicted_category,predicted_category_confidence
download,https://childsupport.georgia.gov/document/document/dcss-overview-fact-sheet-2025/download,57.7KB,57.6796875,2025-02-25 13:01:02,,,,2025-02-11 14:02:04,Adobe PDF Library 17.0,1,0,1,PDF 1.6,"['https://childsupport.georgia.gov/about-us/understanding-child-support#main-content', 'https://childsupport.georgia.gov/about-us/understanding-child-support']",['DCSS\n \nOverview Fact Sheet'],Brochure,0.43992939591407776
Child Support Handbook: Foreward,https://www.acf.hhs.gov/sites/default/files/documents/ocse/child_support_handbook_with_toc.pdf,1.3MB,1330.640625,2013-08-28 13:00:01,Office of Child Support Enforcement,,,2013-03-13 14:00:08,Adobe PDF Library 10.0.1,45,0,45,PDF 1.7,"['https://childsupport.georgia.gov/publications#main-content', 'https://childsupport.georgia.gov/about-us/news', 'http://childsupport.georgia.gov/my-case#main-content', 'http://childsupport.georgia.gov/about-us/news', 'http://childsupport.georgia.gov/my-case', 'https://childsupport.georgia.gov/my-case#main-content', 'https://childsupport.georgia.gov/publications', 'https://childsupport.georgia.gov/my-case', 'http://childsupport.georgia.gov/about-us/news#main-content', 'https://childsupport.georgia.gov/about-us/news#main-content']",['Child Support Handbook'],Report,0.5214968919754028
download,https://childsupport.georgia.gov/document/document/dcssenglishpacketi/download,584.3KB,584.2685546875,2025-02-07 08:01:07,dhruser,,,2025-02-07 08:01:07,Microsoft® Word for Microsoft 365,18,12,4,PDF 1.7,"['https://childsupport.georgia.gov/application-child-support-services', 'https://childsupport.georgia.gov/programs-services/application-child-support-services#main-content', 'https://childsupport.georgia.gov/programs-services/application-child-support-services', 'http://childsupport.georgia.gov/application-child-support-services', 'http://childsupport.georgia.gov/programs-services/application-child-support-services#main-content', 'http://childsupport.georgia.gov/application-child-support-services#main-content', 'https://childsupport.georgia.gov/application-child-support-services#main-content', 'http://childsupport.georgia.gov/programs-services/application-child-support-services']",['Packet\n \nI English (17 Pages)'],Slides,0.32199689745903015
download,https://childsupport.georgia.gov/document/document/dcssspanishpacketi/download,564.5KB,564.52734375,2025-02-07 09:00:01,dhruser,,,2025-02-07 09:00:01,Microsoft® Word for Microsoft 365,17,12,4,PDF 1.7,"['https://childsupport.georgia.gov/application-child-support-services', 'https://childsupport.georgia.gov/programs-services/application-child-support-services#main-content', 'https://childsupport.georgia.gov/programs-services/application-child-support-services', 'http://childsupport.georgia.gov/application-child-support-services', 'http://childsupport.georgia.gov/programs-services/application-child-support-services#main-content', 'http://childsupport.georgia.gov/application-child-support-services#main-content', 'https://childsupport.georgia.gov/application-child-support-services#main-content', 'http://childsupport.georgia.gov/programs-services/application-child-support-services']",['Packet\n \nI Spanish'],Slides,0.32778534293174744
download,https://childsupport.georgia.gov/document/document/dcssenglishpacketii/download,630.0KB,629.9873046875,2025-02-07 08:04:06,dhruser,,,2025-02-07 08:04:06,Microsoft® Word for Microsoft 365,20,16,4,PDF 1.7,"['https://childsupport.georgia.gov/application-child-support-services', 'https://childsupport.georgia.gov/programs-services/application-child-support-services#main-content', 'https://childsupport.georgia.gov/programs-services/application-child-support-services', 'http://childsupport.georgia.gov/application-child-support-services', 'http://childsupport.georgia.gov/programs-services/application-child-support-services#main-content', 'http://childsupport.georgia.gov/application-child-support-services#main-content', 'https://childsupport.georgia.gov/application-child-support-services#main-content', 'http://childsupport.georgia.gov/programs-services/application-child-support-services']",['Packet\n \nII English (19 Pages)'],Slides,0.494269996881485
download,https://childsupport.georgia.gov/document/document/dcssspanishpacketii/download,638.7KB,638.7060546875,2025-02-07 09:00:09,dhruser,,,2025-02-07 09:00:09,Microsoft® Word for Microsoft 365,19,16,4,PDF 1.7,"['https://childsupport.georgia.gov/application-child-support-services', 'https://childsupport.georgia.gov/programs-services/application-child-support-services#main-content', 'https://childsupport.georgia.gov/programs-services/application-child-support-services', 'http://childsupport.georgia.gov/application-child-support-services', 'http://childsupport.georgia.gov/programs-services/application-child-support-services#main-content', 'http://childsupport.georgia.gov/application-child-support-services#main-content', 'https://childsupport.georgia.gov/application-child-support-services#main-content', 'http://childsupport.georgia.gov/programs-services/application-child-support-services']",['Packet\n \nII Spanish'],Slides,0.5198410153388977
download,https://childsupport.georgia.gov/document/document/dcssenglishpacketiii/download,773.2KB,773.2236328125,2025-02-07 08:05:05,dhruser,,,2025-02-07 08:05:05,Microsoft® Word for Microsoft 365,30,37,4,PDF 1.7,"['https://childsupport.georgia.gov/application-child-support-services', 'https://childsupport.georgia.gov/programs-services/application-child-support-services#main-content', 'https://childsupport.georgia.gov/programs-services/application-child-support-services', 'http://childsupport.georgia.gov/application-child-support-services', 'http://childsupport.georgia.gov/programs-services/application-child-support-services#main-content', 'http://childsupport.georgia.gov/application-child-support-services#main-content', 'https://childsupport.georgia.gov/application-child-support-services#main-content', 'http://childsupport.georgia.gov/programs-services/application-child-support-services']",['Packet\n \nIII English (30 Pages)'],Report,0.37749043107032776
download,https://childsupport.georgia.gov/document/document/dcssspanishpacketiii/download,637.4KB,637.3603515625,2025-02-07 09:01:01,dhruser,,,2025-02-07 09:01:01,Microsoft® Word for Microsoft 365,19,16,4,PDF 1.7,"['https://childsupport.georgia.gov/application-child-support-services', 'https://childsupport.georgia.gov/programs-services/application-child-support-services#main-content', 'https://childsupport.georgia.gov/programs-services/application-child-support-services', 'http://childsupport.georgia.gov/application-child-support-services', 'http://childsupport.georgia.gov/programs-services/application-child-support-services#main-content', 'http://childsupport.georgia.gov/application-child-support-services#main-content', 'https://childsupport.georgia.gov/application-child-support-services#main-content', 'http://childsupport.georgia.gov/programs-services/application-child-support-services']",['Packet\n \nIII Spanish'],Slides,0.5198410153388977
L:\MEXICO\COREL_FORMS\ESP_ING_TESTIMONY.PDF,https://childsupport.georgia.gov/document/document/dcssspanishpacketiii-testimoniogeneral/download,1.4MB,1436.451171875,2003-03-21 15:01:02,C25SCAN,,,2002-07-16 12:00:04,Acrobat PDFWriter 4.0 for Windows,20,28,0,PDF 1.3,"['https://childsupport.georgia.gov/application-child-support-services', 'https://childsupport.georgia.gov/programs-services/application-child-support-services#main-content', 'https://childsupport.georgia.gov/programs-services/application-child-support-services', 'http://childsupport.georgia.gov/application-child-support-services', 'http://childsupport.georgia.gov/programs-services/application-child-support-services#main-content', 'http://childsupport.georgia.gov/application-child-support-services#main-content', 'https://childsupport.georgia.gov/application-child-support-services#main-content', 'http://childsupport.georgia.gov/programs-services/application-child-support-services']",['General\n \nTestimony Spanish'],Slides,0.5376202464103699
Microsoft Word - Creditcardpaymentformdds100_2_.doc,https://dds.georgia.gov/sites/dds.georgia.gov/files/related_files/document/creditcardauthform.pdf,58.1KB,58.064453125,2009-01-07 09:01:03,lsims,,,2009-01-07 09:01:03,Acrobat Distiller 8.1.0 (Windows),1,0,0,PDF 1.4,"['http://childsupport.georgia.gov/programs-services/drivers-license-reinstatement#main-content', 'https://childsupport.georgia.gov/programs-services/drivers-license-reinstatement', 'http://childsupport.georgia.gov/programs-services/drivers-license-reinstatement', 'https://childsupport.georgia.gov/programs-services/drivers-license-reinstatement#main-content']",['Credit Card Authorization Form'],Form,0.9751346111297607
download,https://childsupport.georgia.gov/document/document/paternity-acknowledgement-brochure-2024-english/download,1007.2KB,1007.1982421875,2024-02-26 16:02:01,,,,2024-02-26 16:02:01,Adobe PDF Library 17.0,2,4,9,PDF 1.4,"['http://childsupport.georgia.gov/programs-services/paternity-establishment', 'http://childsupport.georgia.gov/paternity-establishment#main-content', 'http://childsupport.georgia.gov/paternity-establishment', 'https://childsupport.georgia.gov/programs-services/paternity-establishment', 'https://childsupport.georgia.gov/paternity-establishment#main-content', 'https://childsupport.georgia.gov/programs-services/paternity-establishment#main-content', 'https://childsupport.georgia.gov/paternity-establishment', 'http://childsupport.georgia.gov/programs-services/paternity-establishment#main-content']",['Paternity\n \nAcknowledgement Brochure – English'],Brochure,0.7411486506462097
download,https://childsupport.georgia.gov/document/document/paternity-acknowledgement-brochure-2024-spanish/download,826.7KB,826.6640625,2024-01-19 15:01:09,,,,2024-01-19 15:01:09,Adobe PDF Library 17.0,2,2,9,PDF 1.4,"['http://childsupport.georgia.gov/programs-services/paternity-establishment', 'http://childsupport.georgia.gov/paternity-establishment#main-content', 'http://childsupport.georgia.gov/paternity-establishment', 'https://childsupport.georgia.gov/programs-services/paternity-establishment', 'https://childsupport.georgia.gov/paternity-establishment#main-content', 'https://childsupport.georgia.gov/programs-services/paternity-establishment#main-content', 'https://childsupport.georgia.gov/paternity-establishment', 'http://childsupport.georgia.gov/programs-services/paternity-establishment#main-content']",['Paternity\n \nAcknowledgement Brochure – Spanish'],Brochure,0.6008123159408569
download,https://childsupport.georgia.gov/document/document/paternity-acknowledgement-poster-2023/download,2.5MB,2513.419921875,2023-02-20 13:04:00,,,,2023-02-20 13:04:00,Adobe PDF Library 17.0,1,1,8,PDF 1.4,"['http://childsupport.georgia.gov/programs-services/paternity-establishment', 'http://childsupport.georgia.gov/paternity-establishment#main-content', 'http://childsupport.georgia.gov/paternity-establishment', 'https://childsupport.georgia.gov/programs-services/paternity-establishment', 'https://childsupport.georgia.gov/paternity-establishment#main-content', 'https://childsupport.georgia.gov/programs-services/paternity-establishment#main-content', 'https://childsupport.georgia.gov/paternity-establishment', 'http://childsupport.georgia.gov/programs-services/paternity-establishment#main-content']",['Paternity\n \nAcknowledgement Poster – English'],Flyer,0.31139451265335083
download,https://childsupport.georgia.gov/document/document/paternity-acknowledgement-poster-2023-spanish/download,1.9MB,1990.4755859375,2023-02-20 13:02:05,,,,2023-02-20 13:02:05,Adobe PDF Library 17.0,1,1,8,PDF 1.4,"['http://childsupport.georgia.gov/programs-services/paternity-establishment', 'http://childsupport.georgia.gov/paternity-establishment#main-content', 'http://childsupport.georgia.gov/paternity-establishment', 'https://childsupport.georgia.gov/programs-services/paternity-establishment', 'https://childsupport.georgia.gov/paternity-establishment#main-content', 'https://childsupport.georgia.gov/programs-services/paternity-establishment#main-content', 'https://childsupport.georgia.gov/paternity-establishment', 'http://childsupport.georgia.gov/programs-services/paternity-establishment#main-content']",['Paternity\n \nAcknowledgement Poster – Spanish'],Diagram,0.45928317308425903
download,https://childsupport.georgia.gov/media/2326/download,168.0KB,167.9873046875,2023-11-03 13:05:04,"Traylor, Kamilah M",,,2023-11-03 13:05:04,Adobe PDF Library 23.6.136,7,0,0,PDF 1.6,"['http://childsupport.georgia.gov/programs-services/paternity-establishment', 'http://childsupport.georgia.gov/paternity-establishment#main-content', 'http://childsupport.georgia.gov/paternity-establishment', 'https://childsupport.georgia.gov/programs-services/paternity-establishment', 'https://childsupport.georgia.gov/paternity-establishment#main-content', 'https://childsupport.georgia.gov/programs-services/paternity-establishment#main-content', 'https://childsupport.georgia.gov/paternity-establishment', 'http://childsupport.georgia.gov/programs-services/paternity-establishment#main-content']",['Paternity\n \nEstablishment FAQ'],Policy,0.326354444026947
download,https://childsupport.georgia.gov/document/document/dcss-fatherhood-fact-sheet-2025/download,75.1KB,75.1376953125,2025-02-25 08:05:09,,,,2025-02-25 08:05:06,Adobe PDF Library 17.0,1,0,1,PDF 1.4,"['https://childsupport.georgia.gov/fatherhood-program#main-content', 'http://childsupport.georgia.gov/programs-services/fatherhood-program', 'https://childsupport.georgia.gov/programs-services/fatherhood-program', 'https://childsupport.georgia.gov/programs-services/fatherhood-program#main-content', 'https://childsupport.georgia.gov/fatherhood-program', 'http://childsupport.georgia.gov/fatherhood-program#main-content', 'http://childsupport.georgia.gov/fatherhood-program', 'http://childsupport.georgia.gov/programs-services/fatherhood-program#main-content']",['Fatherhood\n \nFact Sheet'],Brochure,0.33786165714263916
download,https://childsupport.georgia.gov/document/document/dcss-pac-fact-sheet-2025/download,537.5KB,537.533203125,2025-02-27 12:04:07,,,,2025-02-11 15:00:04,Adobe PDF Library 17.0,1,0,2,PDF 1.4,"['https://childsupport.georgia.gov/problem-solving-courtparental-accountability-courts', 'https://childsupport.georgia.gov/programs-services/parental-accountability-court-program', 'http://childsupport.georgia.gov/programs-services/parental-accountability-court-program#main-content', 'http://childsupport.georgia.gov/parental-accountability-court-program', 'http://childsupport.georgia.gov/programs-services/parental-accountability-court-program', 'https://childsupport.georgia.gov/programs-services/parental-accountability-court-program#main-content', 'https://childsupport.georgia.gov/problem-solving-courtparental-accountability-courts#main-content', 'https://childsupport.georgia.gov/parental-accountability-court-program', 'https://childsupport.georgia.gov/parental-accountability-court-program#main-content', 'http://childsupport.georgia.gov/parental-accountability-court-program#main-content']",['Parental\n \nAccountability Court Fact Sheet'],Diagram,0.5620580911636353
PAC Judicial Circuit Map 2025,https://childsupport.georgia.gov/document/document/pac-judicial-circuit-map-2025/download,924.4KB,924.3671875,2025-03-04 15:01:05,,,,2025-03-04 15:01:05,Adobe PDF library 17.00,1,0,2,PDF 1.6,"['https://childsupport.georgia.gov/problem-solving-courtparental-accountability-courts', 'https://childsupport.georgia.gov/programs-services/parental-accountability-court-program', 'https://childsupport.georgia.gov/programs-services/parental-accountability-court-program#main-content', 'https://childsupport.georgia.gov/problem-solving-courtparental-accountability-courts#main-content', 'https://childsupport.georgia.gov/parental-accountability-court-program', 'https://childsupport.georgia.gov/parental-accountability-court-program#main-content']",['Parental\n \nAccountability Court Map'],Diagram,0.9786607027053833
download,https://childsupport.georgia.gov/document/document/pac-procedural-justice-summary/download,101.2KB,101.1796875,2022-05-09 16:01:08,"Parker, Wende",,,2022-05-09 16:01:08,Microsoft® Word for Microsoft 365,3,0,0,PDF 1.7,"['https://childsupport.georgia.gov/problem-solving-courtparental-accountability-courts', 'https://childsupport.georgia.gov/programs-services/parental-accountability-court-program', 'http://childsupport.georgia.gov/programs-services/parental-accountability-court-program#main-content', 'http://childsupport.georgia.gov/parental-accountability-court-program', 'http://childsupport.georgia.gov/programs-services/parental-accountability-court-program', 'https://childsupport.georgia.gov/programs-services/parental-accountability-court-program#main-content', 'https://childsupport.georgia.gov/problem-solving-courtparental-accountability-courts#main-content', 'https://childsupport.georgia.gov/parental-accountability-court-program', 'https://childsupport.georgia.gov/parental-accountability-court-program#main-content', 'http://childsupport.georgia.gov/parental-accountability-court-program#main-content']",['PAC\n \nProcedural Justice Summary'],Brochure,0.3110355734825134
download,https://childsupport.georgia.gov/document/document/pac-evaluation-memo-2023/download,275.3KB,275.3203125,2023-08-10 15:00:03,Christopher Hansard,,,2023-08-10 15:00:03,Microsoft® Word for Microsoft 365,13,25,1,PDF 1.7,"['https://childsupport.georgia.gov/problem-solving-courtparental-accountability-courts', 'https://childsupport.georgia.gov/programs-services/parental-accountability-court-program', 'http://childsupport.georgia.gov/programs-services/parental-accountability-court-program#main-content', 'http://childsupport.georgia.gov/parental-accountability-court-program', 'http://childsupport.georgia.gov/programs-services/parental-accountability-court-program', 'https://childsupport.georgia.gov/programs-services/parental-accountability-court-program#main-content', 'https://childsupport.georgia.gov/problem-solving-courtparental-accountability-courts#main-content', 'https://childsupport.georgia.gov/parental-accountability-court-program', 'https://childsupport.georgia.gov/parental-accountability-court-program#main-content', 'http://childsupport.georgia.gov/parental-accountability-court-program#main-content']",['PAC\n \nEvaluation Memo'],Report,0.3150773048400879
download,https://childsupport.georgia.gov/document/document/access-and-visitation-fact-sheet-2024/download,224.6KB,224.5615234375,2024-02-08 14:03:00,,,,2024-01-23 08:04:02,Adobe PDF Library 17.0,1,0,7,PDF 1.4,"['https://childsupport.georgia.gov/programs-services/access-visitation#main-content', 'http://childsupport.georgia.gov/programs-services/access-visitation', 'https://childsupport.georgia.gov/child-access-visitation', 'https://childsupport.georgia.gov/child-access-visitation#main-content', 'https://childsupport.georgia.gov/programs-services/access-visitation', 'http://childsupport.georgia.gov/child-access-visitation', 'http://childsupport.georgia.gov/child-access-visitation#main-content', 'http://childsupport.georgia.gov/programs-services/access-visitation#main-content']",['Access\n \nand Visitation Program Fact Sheet'],Brochure,0.6657241582870483
download,https://childsupport.georgia.gov/document/document/dcss-access-and-visitation-brochure-english-0/download,942.8KB,942.75,2024-02-28 15:00:00,,,,2024-02-28 14:04:00,Adobe PDF Library 17.0,2,0,10,PDF 1.4,"['https://childsupport.georgia.gov/programs-services/access-visitation#main-content', 'http://childsupport.georgia.gov/programs-services/access-visitation', 'https://childsupport.georgia.gov/child-access-visitation', 'https://childsupport.georgia.gov/child-access-visitation#main-content', 'https://childsupport.georgia.gov/programs-services/access-visitation', 'http://childsupport.georgia.gov/child-access-visitation', 'http://childsupport.georgia.gov/child-access-visitation#main-content', 'http://childsupport.georgia.gov/programs-services/access-visitation#main-content']",['Access\n \nand Visitation Brochure - English'],Brochure,0.8955858945846558
download,https://childsupport.georgia.gov/document/document/dcss-access-and-visitation-brochure-spanish-0/download,952.8KB,952.8271484375,2024-02-28 15:01:01,,,,2024-02-28 14:04:00,Adobe PDF Library 17.0,2,0,10,PDF 1.4,"['https://childsupport.georgia.gov/programs-services/access-visitation#main-content', 'http://childsupport.georgia.gov/programs-services/access-visitation', 'https://childsupport.georgia.gov/child-access-visitation', 'https://childsupport.georgia.gov/child-access-visitation#main-content', 'https://childsupport.georgia.gov/programs-services/access-visitation', 'http://childsupport.georgia.gov/child-access-visitation', 'http://childsupport.georgia.gov/child-access-visitation#main-content', 'http://childsupport.georgia.gov/programs-services/access-visitation#main-content']",['Access\n \nand Visitation Brochure - Spanish'],Brochure,0.849181056022644
A&V Service Provider Map 3-8-2024,https://childsupport.georgia.gov/document/document/av-service-provider-map/download,724.4KB,724.41015625,2024-03-08 08:04:02,,,,2024-03-08 08:04:02,Adobe PDF library 17.00,1,1,1,PDF 1.6,"['https://childsupport.georgia.gov/programs-services/access-visitation#main-content', 'http://childsupport.georgia.gov/programs-services/access-visitation', 'https://childsupport.georgia.gov/child-access-visitation', 'https://childsupport.georgia.gov/child-access-visitation#main-content', 'https://childsupport.georgia.gov/programs-services/access-visitation', 'http://childsupport.georgia.gov/child-access-visitation', 'http://childsupport.georgia.gov/child-access-visitation#main-content', 'http://childsupport.georgia.gov/programs-services/access-visitation#main-content']",['Access\n \nand Visitation Service Provider Map'],Diagram,0.9737623333930969
download,https://cjcc.georgia.gov/document/document/sfy23-state-certified-dv-shelterspdf/download,273.1KB,273.072265625,2022-10-07 12:00:06,Mitzi Navarra,,,2022-07-13 17:00:06,Adobe PDF Library 20.5.126,7,0,14,PDF 1.6,"['https://childsupport.georgia.gov/programs-services/georgia-saves#main-content', 'https://childsupport.georgia.gov/programs-services/georgia-saves', 'http://childsupport.georgia.gov/programs-services/georgia-saves', 'http://childsupport.georgia.gov/programs-services/georgia-saves#main-content']",['Download now'],Form,0.2956897020339966
"If someone needs help or information regarding child support, then contact…",https://childsupport.georgia.gov/document/document/private-child-support-order-registration-form-0/download,297.2KB,297.17578125,2024-11-05 09:02:04,radwinj,,,2019-02-01 11:02:06,Microsoft® Word for Office 365,1,4,0,PDF 1.7,"['http://childsupport.georgia.gov/my-case/family-support-registry#main-content', 'https://childsupport.georgia.gov/my-case/family-support-registry#main-content', 'https://childsupport.georgia.gov/family-support-registry#main-content', 'https://childsupport.georgia.gov/my-case/family-support-registry', 'https://childsupport.georgia.gov/family-support-registry', 'https://childsupport.georgia.gov/node/80', 'https://childsupport.georgia.gov/node/80#main-content', 'http://childsupport.georgia.gov/my-case/family-support-registry']",['Private\n \nChild Support Order Registration Form'],Form,0.41908323764801025
download,https://childsupport.georgia.gov/document/document/request-review-child-support-order/download,241.8KB,241.845703125,2025-02-07 09:02:05,Tahni Segars,,,2025-02-07 09:02:05,Microsoft® Word for Microsoft 365,11,8,0,PDF 1.7,"['http://childsupport.georgia.gov/my-case/review-modification-support-order#main-content', 'https://childsupport.georgia.gov/my-case/review-modification-support-order#main-content', 'http://childsupport.georgia.gov/review-modification-support-order#main-content', 'https://childsupport.georgia.gov/request-review-support-order', 'http://childsupport.georgia.gov/review-modification-support-order', 'https://childsupport.georgia.gov/my-case/review-modification-support-order', 'https://childsupport.georgia.gov/review-modification-support-order', 'http://childsupport.georgia.gov/my-case/review-modification-support-order', 'https://childsupport.georgia.gov/review-modification-support-order#main-content', 'https://childsupport.georgia.gov/request-review-support-order#main-content']",['click\n \non this link.'],Procurement,0.5773663520812988
Re:  Interstate Documents Required by Kentucky to Process a UIFSA Request,https://childsupport.georgia.gov/document/document/georgia-uifsa-requirementspdf/download,141.6KB,141.5859375,2020-11-13 11:05:04,family,,,2020-11-13 11:05:04,Microsoft® Word for Microsoft 365,4,0,0,PDF 1.7,"['https://childsupport.georgia.gov/intergovernmental-agencies#main-content', 'http://childsupport.georgia.gov/legal-resources/georgia-uifsa-requirements', 'https://childsupport.georgia.gov/legal-resources/georgia-uifsa-requirements#main-content', 'https://childsupport.georgia.gov/intergovernmental-agencies', 'http://childsupport.georgia.gov/legal-resources/georgia-uifsa-requirements#main-content', 'https://childsupport.georgia.gov/legal-resources/georgia-uifsa-requirements']",['Georgia\n \nUIFSA Requirements'],Brochure,0.34831157326698303
download,https://childsupport.georgia.gov/document/document/instructionstofilepetitionpdf/download,346.2KB,346.1650390625,2023-05-26 11:04:00,"Pettersson, Brian",,,2022-07-27 08:02:03,Adobe PDF Library 22.1.201,7,10,0,PDF 1.6,"['http://childsupport.georgia.gov/legal-resources/pregnancy-related-expenses#main-content', 'https://childsupport.georgia.gov/legal-resources/pregnancy-related-expenses#main-content', 'https://childsupport.georgia.gov/legal-resources/pregnancy-related-expenses', 'http://childsupport.georgia.gov/legal-resources/pregnancy-related-expenses']",['Instructions\n \nto File Petition to Establish Paternity and Child Support'],Brochure,0.30176612734794617
download,https://childsupport.georgia.gov/document/document/generalcivildomesticdispositionformfillable2023pdf/download,265.3KB,265.3173828125,2023-05-26 11:02:04,,,,2020-01-21 16:00:04,,2,0,0,PDF 1.6,"['http://childsupport.georgia.gov/legal-resources/pregnancy-related-expenses#main-content', 'https://childsupport.georgia.gov/legal-resources/pregnancy-related-expenses#main-content', 'https://childsupport.georgia.gov/legal-resources/pregnancy-related-expenses', 'http://childsupport.georgia.gov/legal-resources/pregnancy-related-expenses']",['General\n \nCivil and Domestic Relations Case Disposition Form Instructions'],Form,0.4758756160736084
Microsoft Word - domestic_intake_worksheet.Paterninty,https://childsupport.georgia.gov/document/document/domesticintakeworksheetpaternityfillable2023pdf/download,249.0KB,249.041015625,2023-05-26 11:00:09,Brian.Pettersson1,,,2022-07-25 17:02:09,Acrobat Distiller 22.0 (Windows),2,0,0,PDF 1.6,"['http://childsupport.georgia.gov/legal-resources/pregnancy-related-expenses#main-content', 'https://childsupport.georgia.gov/legal-resources/pregnancy-related-expenses#main-content', 'https://childsupport.georgia.gov/legal-resources/pregnancy-related-expenses', 'http://childsupport.georgia.gov/legal-resources/pregnancy-related-expenses']",['Domestic\n \nIntake Worksheet'],Brochure,0.6930747032165527
DOMESTIC RELATIONS FINANCIAL AFFIDAVIT,https://childsupport.georgia.gov/document/document/domesticrelationsfinancialaffidavitfillable2023pdf/download,151.8KB,151.837890625,2023-05-23 16:03:03,Laureen Adams,,,2006-11-28 10:05:04,Acrobat Distiller 6.0 (Windows),8,1,0,PDF 1.6,"['http://childsupport.georgia.gov/legal-resources/pregnancy-related-expenses#main-content', 'https://childsupport.georgia.gov/legal-resources/pregnancy-related-expenses#main-content', 'https://childsupport.georgia.gov/legal-resources/pregnancy-related-expenses', 'http://childsupport.georgia.gov/legal-resources/pregnancy-related-expenses']",['Domestic\n \nRelations Financial Affidavit'],Policy,0.5634378790855408
download,https://childsupport.georgia.gov/document/document/petitiontoestablishpaternityandchildsupportfillable2023pdf/download,167.5KB,167.5185546875,2023-05-26 12:01:00,"Pettersson, Brian",,,2022-07-27 07:01:07,Adobe PDF Library 22.1.201,3,0,0,PDF 1.6,"['http://childsupport.georgia.gov/legal-resources/pregnancy-related-expenses#main-content', 'https://childsupport.georgia.gov/legal-resources/pregnancy-related-expenses#main-content', 'https://childsupport.georgia.gov/legal-resources/pregnancy-related-expenses', 'http://childsupport.georgia.gov/legal-resources/pregnancy-related-expenses']",['Petition\n \nto Establish Paternity and Child Support'],Brochure,0.6431522369384766
download,https://childsupport.georgia.gov/document/document/paternitysummons2023pdf/download,48.9KB,48.94921875,2023-05-26 12:00:02,,,,2010-08-19 16:00:06,Adobe Acrobat 8.0 Paper Capture Plug-in,1,0,1,PDF 1.6,"['http://childsupport.georgia.gov/legal-resources/pregnancy-related-expenses#main-content', 'https://childsupport.georgia.gov/legal-resources/pregnancy-related-expenses#main-content', 'https://childsupport.georgia.gov/legal-resources/pregnancy-related-expenses', 'http://childsupport.georgia.gov/legal-resources/pregnancy-related-expenses']",['Paternity\n \nSummons'],Brochure,0.19496029615402222
download,https://childsupport.georgia.gov/document/document/rulenisifillable2023pdf/download,44.9KB,44.9189453125,2023-05-23 16:04:03,"Pettersson, Brian",,,2022-07-27 08:01:03,Adobe PDF Library 22.1.201,1,0,0,PDF 1.6,"['http://childsupport.georgia.gov/legal-resources/pregnancy-related-expenses#main-content', 'https://childsupport.georgia.gov/legal-resources/pregnancy-related-expenses#main-content', 'https://childsupport.georgia.gov/legal-resources/pregnancy-related-expenses', 'http://childsupport.georgia.gov/legal-resources/pregnancy-related-expenses']",['Rule\n \nNisi'],Brochure,0.18961039185523987
download,https://childsupport.georgia.gov/document/document/pregnancy-related-expenses-flyer/download,56.2KB,56.2265625,2023-09-27 10:00:08,,,,2023-09-27 10:00:08,Adobe PDF Library 17.0,1,0,1,PDF 1.4,"['http://childsupport.georgia.gov/legal-resources/pregnancy-related-expenses#main-content', 'https://childsupport.georgia.gov/legal-resources/pregnancy-related-expenses#main-content', 'https://childsupport.georgia.gov/legal-resources/pregnancy-related-expenses', 'http://childsupport.georgia.gov/legal-resources/pregnancy-related-expenses']",['Pregnancy-related\n \nExpenses Flyer'],Form,0.35939380526542664
DHS-OLAO_Fatherhood_PAC_Flyer_8.5x11_v5.pdf,https://childsupport.georgia.gov/document/document/fatherhood-program-flyer/download,702.7KB,702.720703125,2021-06-03 14:01:04,TaRuss1,,,2021-04-01 11:04:00,Microsoft: Print To PDF,1,0,0,PDF 1.7,"['https://childsupport.georgia.gov/having-trouble-paying-child-support', 'http://childsupport.georgia.gov/having-trouble-paying-child-support#main-content', 'http://childsupport.georgia.gov/having-trouble-paying-child-support', 'https://childsupport.georgia.gov/having-trouble-paying-child-support#main-content']",['click\n \nhere'],Flyer,0.44530725479125977
download,https://childsupport.georgia.gov/media/2461/download,564.5KB,564.52734375,2025-02-07 09:00:01,dhruser,,,2025-02-07 09:00:01,Microsoft® Word for Microsoft 365,17,12,4,PDF 1.7,"['https://childsupport.georgia.gov/programs-services/application-child-support-services/application-services-spanish', 'https://childsupport.georgia.gov/programs-services/application-child-support-services/application-services-spanish#main-content', 'http://childsupport.georgia.gov/programs-services/application-child-support-services/application-services-spanish', 'http://childsupport.georgia.gov/programs-services/application-child-support-services/application-services-spanish#main-content', 'https://childsupport.georgia.gov/application-services-spanish', 'https://childsupport.georgia.gov/application-services-spanish#main-content']",['Packet\n \nI (17 páginas)'],Slides,0.32778534293174744
download,https://childsupport.georgia.gov/media/2471/download,638.7KB,638.7060546875,2025-02-07 09:00:09,dhruser,,,2025-02-07 09:00:09,Microsoft® Word for Microsoft 365,19,16,4,PDF 1.7,"['https://childsupport.georgia.gov/programs-services/application-child-support-services/application-services-spanish', 'https://childsupport.georgia.gov/programs-services/application-child-support-services/application-services-spanish#main-content', 'http://childsupport.georgia.gov/programs-services/application-child-support-services/application-services-spanish', 'http://childsupport.georgia.gov/programs-services/application-child-support-services/application-services-spanish#main-content', 'https://childsupport.georgia.gov/application-services-spanish', 'https://childsupport.georgia.gov/application-services-spanish#main-content']",['Packet\n \nII (20 páginas)'],Slides,0.5198410153388977
download,https://childsupport.georgia.gov/media/2466/download,637.4KB,637.3603515625,2025-02-07 09:01:01,dhruser,,,2025-02-07 09:01:01,Microsoft® Word for Microsoft 365,19,16,4,PDF 1.7,"['https://childsupport.georgia.gov/programs-services/application-child-support-services/application-services-spanish', 'https://childsupport.georgia.gov/programs-services/application-child-support-services/application-services-spanish#main-content', 'http://childsupport.georgia.gov/programs-services/application-child-support-services/application-services-spanish', 'http://childsupport.georgia.gov/programs-services/application-child-support-services/application-services-spanish#main-content', 'https://childsupport.georgia.gov/application-services-spanish', 'https://childsupport.georgia.gov/application-services-spanish#main-content']",['Packet\n \nIII (31 páginas)'],Slides,0.5198410153388977
download,https://childsupport.georgia.gov/document/document/fidm-reimbursement-request-form/download,160.9KB,160.8837890625,2023-05-17 15:03:06,"Segars, Tahni",,,2023-05-17 15:03:06,Adobe PDF Library 23.1.206,1,1,1,PDF 1.6,"['https://childsupport.georgia.gov/information-and-forms', 'https://childsupport.georgia.gov/information-and-forms#main-content']",['FIDM\xa0Reimbursement Request Form'],Form,0.8407455682754517
download,https://childsupport.georgia.gov/document/document/ga-fidm-agreementdocx/download,118.4KB,118.4150390625,2023-05-17 15:03:07,"Tolbert, Holly",,,2023-05-17 15:03:07,Adobe PDF Library 23.1.206,3,0,0,PDF 1.6,"['https://childsupport.georgia.gov/information-and-forms', 'https://childsupport.georgia.gov/information-and-forms#main-content']",['DHS\xa0Financial Institution Agreement'],Form,0.23107455670833588
FINANCIAL INSTITUTION DATA MATCH,https://childsupport.georgia.gov/document/document/financial-institution-data-match-fidm-set-form/download,72.2KB,72.1962890625,2023-05-17 15:03:06,Lorrie Winters,,,2023-05-17 15:03:06,Adobe PDF Library 23.1.206,2,0,0,PDF 1.6,"['https://childsupport.georgia.gov/information-and-forms', 'https://childsupport.georgia.gov/information-and-forms#main-content']",['Financial Institution Data Match (FIDM) Set Up Form'],Form,0.8871797323226929
Multistate Financial Institution Data Match Specifications Handbook,https://childsupport.georgia.gov/document/document/gasetupinfxelpdf-1/download,925.6KB,925.5634765625,2021-01-27 14:01:06,OCSE,Multistate Financial Institution Data Match Specifications Handbook,Multistate Financial Institution Data Match Specifications Handbook,2021-01-26 15:04:06,,33,27,0,PDF 1.6,"['https://childsupport.georgia.gov/information-and-forms', 'https://childsupport.georgia.gov/information-and-forms#main-content']",['Federal Financial Institution Data Match Handbook'],Report,0.43222346901893616
download,http://childsupport.georgia.gov/document/document/dcss-overview-fact-sheet-2025/download,57.7KB,57.6796875,2025-02-25 13:01:02,,,,2025-02-11 14:02:04,Adobe PDF Library 17.0,1,0,1,PDF 1.6,"['http://childsupport.georgia.gov/about-us/understanding-child-support', 'http://childsupport.georgia.gov/about-us/understanding-child-support#main-content']",['DCSS\n \nOverview Fact Sheet'],Brochure,0.43992939591407776
PAC Judicial Circuit Map 2025,http://childsupport.georgia.gov/document/document/pac-judicial-circuit-map-2025/download,924.4KB,924.3671875,2025-03-04 15:01:05,,,,2025-03-04 15:01:05,Adobe PDF library 17.00,1,0,2,PDF 1.6,"['http://childsupport.georgia.gov/programs-services/parental-accountability-court-program#main-content', 'http://childsupport.georgia.gov/parental-accountability-court-program', 'http://childsupport.georgia.gov/programs-services/parental-accountability-court-program', 'http://childsupport.georgia.gov/parental-accountability-court-program#main-content']",['Parental\n \nAccountability Court Map'],Diagram,0.9786607027053833
