file_name,url,file_size,file_size_kilobytes,last_modified_date,author,subject,keywords,creation_date,producer,number_of_pages,number_of_tables,number_of_images,version,source,text_around_link,predicted_category,predicted_category_confidence
Copy of DCS Agency Brochure 2024,https://dcs.georgia.gov/document/publication/dcs-agency-brochurepdf/download,16.4MB,16841.697265625,2024-08-15 17:04:05,Sarah Huff Moore,,"DAGHM__tvUI,BADnd1BbKnc",2024-08-15 17:04:05,Canva,2,0,56,PDF 1.4,"['https://dcs.georgia.gov/dcs-careers#main-content', 'https://dcs.georgia.gov/dcs-careers']",['DCS\xa0Agency Brochure.pdf'],Brochure,0.8401052355766296
Field Office Locations,https://dcs.georgia.gov/document/document/dcs-field-office-locationspdf/download,1.5MB,1565.533203125,,Sarah-Huff Lombardo,,"DAE8ewOVHN0,BADnd1BbKnc",2024-12-31 18:03:02,Canva,1,0,1,PDF 1.4,"['https://dcs.georgia.gov/felony-supervision#main-content', 'https://dcs.georgia.gov/felony-supervision']",['DCS\xa0Field Office Locations.pdf'],Diagram,0.5585637092590332
Reentry Partnership Housing FAQ Handout,https://dcs.georgia.gov/document/document/reentry-partnership-housing-faq-handoutpdf--UNPUBLISHED-document--DO-NOT-SHARE-this-URL--/download,72.0KB,72.0458984375,,,,,,Skia/PDF m107 Google Docs Renderer,2,0,0,PDF 1.4,"['https://dcs.georgia.gov/reentry-services/housing-programs#main-content', 'https://dcs.georgia.gov/reentry-services/housing-programs']",['Download\n \nRPH FAQs'],Brochure,0.6891260147094727
download,https://dcs.georgia.gov/document/publication/2017-2018-criminal-justice-reform-council-report/download,2.0MB,2057.9814453125,2018-02-14 09:04:09,Jenifer Warren,,,2018-02-14 09:04:09,Microsoft® Word 2013,82,6,14,PDF 1.5,"['https://dcs.georgia.gov/important-links/georgia-council-criminal-justice-reform', 'https://dcs.georgia.gov/important-links/georgia-council-criminal-justice-reform#main-content']",['2017\xa0- 2018 Criminal Justice Reform Council Report'],Report,0.8408163785934448
download,https://dcs.georgia.gov/document/publication/2016-2017-criminal-justice-reform-council-report/download,1.9MB,1916.1171875,2017-02-20 12:05:01,Jenifer Warren,,,2017-02-20 12:05:01,Microsoft® Word 2013,56,3,11,PDF 1.5,"['https://dcs.georgia.gov/important-links/georgia-council-criminal-justice-reform', 'https://dcs.georgia.gov/important-links/georgia-council-criminal-justice-reform#main-content']",['2016\xa0- 2017 Criminal Justice Reform Council Report'],Report,0.8449548482894897
Report of the Georgia Council on Criminal Justice Reform,https://dcs.georgia.gov/document/publication/2015-2016-criminal-justice-reform-council-report/download,2.1MB,2196.916015625,2016-02-02 10:02:07,Jenifer Warren,,,2016-02-02 10:02:07,Microsoft® Word 2010,72,7,15,PDF 1.5,"['https://dcs.georgia.gov/important-links/georgia-council-criminal-justice-reform', 'https://dcs.georgia.gov/important-links/georgia-council-criminal-justice-reform#main-content']",['2015\xa0- 2016 Criminal Justice Reform Council Report'],Report,0.918879508972168
download,https://dcs.georgia.gov/document/publication/2014-2015-criminal-justice-reform-council-report/download,2.3MB,2335.1357421875,2015-02-06 09:05:06,Jenifer Warren,,,2015-02-06 09:05:06,Microsoft® Word 2010,72,15,9,PDF 1.5,"['https://dcs.georgia.gov/important-links/georgia-council-criminal-justice-reform', 'https://dcs.georgia.gov/important-links/georgia-council-criminal-justice-reform#main-content']",['2014-2015\xa0Criminal Justice Reform Council Report'],Report,0.8585456013679504
download,https://dcs.georgia.gov/document/publication/2014-csj-justice-center-recidivism-report-0/download,517.2KB,517.16015625,2014-06-11 11:01:04,,,,2014-06-11 11:01:04,Adobe PDF Library 10.0.1,24,25,2,PDF 1.4,"['https://dcs.georgia.gov/important-links/georgia-council-criminal-justice-reform', 'https://dcs.georgia.gov/important-links/georgia-council-criminal-justice-reform#main-content']",['2014\xa0CSJ Justice Center Recidivism Report'],Report,0.9316709637641907
download,https://dcs.georgia.gov/document/publication/2013-2014-criminal-justice-reform-council-report/download,1.4MB,1454.14453125,2014-01-10 12:05:07,Jenifer Warren,,,2014-01-10 12:05:07,Microsoft® Word 2010,41,0,11,PDF 1.5,"['https://dcs.georgia.gov/important-links/georgia-council-criminal-justice-reform', 'https://dcs.georgia.gov/important-links/georgia-council-criminal-justice-reform#main-content']",['2013\xa0- 2014 Criminal Justice Reform Council Report'],Report,0.924253523349762
download,https://dcs.georgia.gov/document/publication/2012-2013-criminal-justice-reform-council-report/download,766.6KB,766.6171875,2015-01-07 09:05:02,Sonja Hallum,,,2012-12-18 13:03:03,Microsoft® Word 2010,33,4,4,PDF 1.5,"['https://dcs.georgia.gov/important-links/georgia-council-criminal-justice-reform', 'https://dcs.georgia.gov/important-links/georgia-council-criminal-justice-reform#main-content']",['2012\xa0- 2013 Criminal Justice Reform Council Report'],Report,0.9010565876960754
download,https://dcs.georgia.gov/document/publication/2011-2012-criminal-justice-reform-council-report/download,363.4KB,363.4248046875,2011-11-17 14:03:00,ztowns,,,2011-11-17 14:03:00,Microsoft® Office Word 2007,25,2,2,PDF 1.5,"['https://dcs.georgia.gov/important-links/georgia-council-criminal-justice-reform', 'https://dcs.georgia.gov/important-links/georgia-council-criminal-justice-reform#main-content']",['2011\xa0- 2012 Criminal Justice Reform Council Report'],Report,0.9330676794052124
03.20.25 DCS Board Meeting Agenda - Updated,https://dcs.georgia.gov/document/document/032025-dcs-board-meeting-agenda-updatedpdf/download,225.9KB,225.923828125,,,,,,Skia/PDF m135 Google Docs Renderer,1,1,1,PDF 1.4,"['https://dcs.georgia.gov/about-us/our-board/board-meetings#main-content', 'https://dcs.georgia.gov/about-us/our-board/board-meetings']",['Proposed Board Meeting Agenda'],Agenda,0.9761216640472412
09.19.24 DCS Board Meeting Agenda,https://dcs.georgia.gov/document/document/091924-dcs-board-meeting-agendapdf--UNPUBLISHED-document--DO-NOT-SHARE-this-URL--/download,187.5KB,187.50390625,,,,,,Skia/PDF m129 Google Docs Renderer,1,1,1,PDF 1.4,"['https://dcs.georgia.gov/about-us/our-board/board-meetings#main-content', 'https://dcs.georgia.gov/about-us/our-board/board-meetings']",['Proposed\n \nBoard Meeting Agenda'],Agenda,0.9698899388313293
06.20.24 DCS Board Meeting Agenda,https://dcs.georgia.gov/document/document/062024-dcs-board-meeting-agendapdf--UNPUBLISHED-document--DO-NOT-SHARE-this-URL--/download,186.8KB,186.818359375,,,,,,Skia/PDF m127 Google Docs Renderer,1,1,1,PDF 1.4,"['https://dcs.georgia.gov/about-us/our-board/board-meetings#main-content', 'https://dcs.georgia.gov/about-us/our-board/board-meetings']",['Proposed\xa0Board\n \nMeeting Agenda'],Agenda,0.9698899388313293
09.21.23 Proposed DCS Board Meeting Agenda,https://dcs.georgia.gov/document/document/092123-proposed-dcs-board-meeting-agendapdf--UNPUBLISHED-document--DO-NOT-SHARE-this-URL--/download,186.6KB,186.5517578125,,,,,,Skia/PDF m118 Google Docs Renderer,1,0,1,PDF 1.4,"['https://dcs.georgia.gov/about-us/our-board/board-meetings#main-content', 'https://dcs.georgia.gov/about-us/our-board/board-meetings']",['Proposed\n \nBoard Meeting Agenda'],Agenda,0.9700034260749817
06.15.23 Proposed DCS Board Meeting Agenda,https://dcs.georgia.gov/document/document/061523-proposed-dcs-board-meeting-agendapdf--UNPUBLISHED-document--DO-NOT-SHARE-this-URL--/download,187.2KB,187.1982421875,,,,,,Skia/PDF m115 Google Docs Renderer,1,0,1,PDF 1.4,"['https://dcs.georgia.gov/about-us/our-board/board-meetings#main-content', 'https://dcs.georgia.gov/about-us/our-board/board-meetings']",['Proposed\n \nBoard Meeting Agenda'],Agenda,0.9698899388313293
05.18.23 Proposed DCS Board Meeting Agenda,https://dcs.georgia.gov/document/document/051823-proposed-dcs-board-meeting-agendapdf--UNPUBLISHED-document--DO-NOT-SHARE-this-URL--/download,180.2KB,180.1669921875,,,,,,Skia/PDF m114 Google Docs Renderer,1,0,1,PDF 1.4,"['https://dcs.georgia.gov/about-us/our-board/board-meetings#main-content', 'https://dcs.georgia.gov/about-us/our-board/board-meetings']",['Proposed\n \nBoard Meeting Agenda'],Agenda,0.9673352837562561
06.16.22 Proposed DCS Board Meeting Agenda,https://dcs.georgia.gov/document/document/061622-proposed-dcs-board-meeting-agendapdf--UNPUBLISHED-document--DO-NOT-SHARE-this-URL--/download,186.2KB,186.171875,,,,,,Skia/PDF m104 Google Docs Renderer,1,0,1,PDF 1.4,"['https://dcs.georgia.gov/about-us/our-board/board-meetings#main-content', 'https://dcs.georgia.gov/about-us/our-board/board-meetings']",['Proposed\n \nBoard Meeting Agenda'],Agenda,0.9700034260749817
05.05.22 Proposed DCS Board Emergency Meeting Agenda,https://dcs.georgia.gov/document/document/050522-proposed-dcs-board-emergency-meeting-agendapdf--UNPUBLISHED-document--DO-NOT-SHARE-this-URL--/download,178.4KB,178.44140625,,,,,,Skia/PDF m102 Google Docs Renderer,1,0,1,PDF 1.4,"['https://dcs.georgia.gov/about-us/our-board/board-meetings#main-content', 'https://dcs.georgia.gov/about-us/our-board/board-meetings']",['Proposed\n \nDCS Board Emergency Meeting Agenda'],Agenda,0.9674181938171387
03.17.22 Proposed DCS Board Meeting Agenda,https://dcs.georgia.gov/document/document/031722-proposed-dcs-board-meeting-agendapdf/download,185.6KB,185.5625,,,,,,Skia/PDF m101 Google Docs Renderer,1,0,1,PDF 1.4,"['https://dcs.georgia.gov/about-us/our-board/board-meetings#main-content', 'https://dcs.georgia.gov/about-us/our-board/board-meetings']",['Proposed\n \nBoard Meeting Agenda'],Agenda,0.9700034260749817
09.15.22 Proposed DCS Board Meeting Agenda,https://dcs.georgia.gov/document/document/091522-proposed-dcs-board-meeting-agenda-1pdf--UNPUBLISHED-document--DO-NOT-SHARE-this-URL--/download,186.1KB,186.091796875,,,,,,Skia/PDF m107 Google Docs Renderer,1,0,1,PDF 1.4,"['https://dcs.georgia.gov/about-us/our-board/board-meetings#main-content', 'https://dcs.georgia.gov/about-us/our-board/board-meetings']",['Proposed\n \nBoard Meeting Agenda'],Agenda,0.9700034260749817
12.15.22 Proposed DCS Board Meeting Agenda,https://dcs.georgia.gov/document/document/121522-proposed-dcs-board-meeting-agendapdf--UNPUBLISHED-document--DO-NOT-SHARE-this-URL--/download,186.5KB,186.4560546875,,,,,,Skia/PDF m110 Google Docs Renderer,1,0,1,PDF 1.4,"['https://dcs.georgia.gov/about-us/our-board/board-meetings#main-content', 'https://dcs.georgia.gov/about-us/our-board/board-meetings']",['Proposed\n \nBoard Meeting Agenda'],Agenda,0.9700034260749817
download,https://dcs.georgia.gov/document/document/community-supervision-week-proclamation/download,489.9KB,489.876953125,2020-07-17 09:04:00,,,,2020-07-17 09:04:00,SAVIN IM C3000,1,0,1,PDF 1.4,['https://dcs.georgia.gov/press-releases/2020-07-17/georgia-governor-brian-p-kemp-proclaims-july-19-25-2020-community'],['Click\n \nHere to View Proclamation'],Diagram,0.7448564767837524
