file_name,url,file_size,file_size_kilobytes,last_modified_date,author,subject,keywords,creation_date,producer,number_of_pages,number_of_tables,number_of_images,version,source,text_around_link,predicted_category,predicted_category_confidence
BCW_digiTrifold_ENG_relFINAL8.21,https://dhhpathways.georgia.gov/document/document/babies-cant-wait-transition-brochure-english/download,446.4KB,446.4033203125,2019-08-21 15:05:00,,,,2019-08-21 15:05:00,Adobe PDF library 15.00,2,0,2,PDF 1.5,"['https://dhhpathways.georgia.gov/pathways-birth-through-school/transition-school', 'https://dhhpathways.georgia.gov/pathways-birth-through-school/transition-school#main-content']","[""Babies\xa0Can't Wait Transition Brochure - English""]",Brochure,0.8091381788253784
BCW_Trifold_SPA_W,https://dhhpathways.georgia.gov/document/document/babies-cant-wait-transition-brochure-spanish/download,203.4KB,203.3642578125,2019-09-03 15:05:08,,,,2019-09-03 15:05:08,Adobe PDF library 15.00,2,0,2,PDF 1.5,"['https://dhhpathways.georgia.gov/pathways-birth-through-school/transition-school', 'https://dhhpathways.georgia.gov/pathways-birth-through-school/transition-school#main-content']","[""Babies\xa0Can't Wait Transition Brochure - Spanish""]",Brochure,0.6169723272323608
BCW_digiBKLT_ENG_relFINAL8.21,https://dhhpathways.georgia.gov/document/document/babies-cant-wait-transition-booklet-english/download,2.3MB,2304.4013671875,2019-08-21 16:03:06,,,,2019-08-21 16:03:02,Adobe PDF library 15.00,9,0,6,PDF 1.6,"['https://dhhpathways.georgia.gov/pathways-birth-through-school/transition-school', 'https://dhhpathways.georgia.gov/pathways-birth-through-school/transition-school#main-content']","[""Babies\xa0Can't Wait Transition Booklet - English""]",Spreadsheet,0.2140326201915741
BCW_BKLT_SPA_FINAL_W,https://dhhpathways.georgia.gov/document/document/babies-cant-wait-transition-booklet-spanish/download,1.3MB,1341.2900390625,2019-09-03 15:05:08,,,,2019-09-03 15:05:07,Adobe PDF library 15.00,9,1,6,PDF 1.6,"['https://dhhpathways.georgia.gov/pathways-birth-through-school/transition-school', 'https://dhhpathways.georgia.gov/pathways-birth-through-school/transition-school#main-content']","[""Babies\xa0Can't Wait Transition Booklet - Spanish""]",Report,0.2635025680065155
download,https://dhhpathways.georgia.gov/document/document/habit-cards/download,3.7MB,3810.3076171875,2019-08-22 20:02:01,,,,2018-06-27 13:00:00,Adobe PDF Library 15.0,20,10,0,PDF 1.4,"['https://dhhpathways.georgia.gov/programs-partners/georgia-mobile-audiology/habit-cards', 'https://dhhpathways.georgia.gov/learning-language-home', 'https://dhhpathways.georgia.gov/learning-language-home#main-content', 'https://dhhpathways.georgia.gov/programs-partners/georgia-mobile-audiology/habit-cards#main-content']",['Download\xa0Now!'],Slides,0.7678316235542297
download,https://dhhpathways.georgia.gov/document/document/georgia-hearing-aid-loaner-bank/download,1.8MB,1889.5869140625,2017-07-31 09:03:00,,,,2017-07-31 09:03:00,Adobe PDF Scan Library 3.2,9,0,9,PDF 1.3,"['https://dhhpathways.georgia.gov/programs-partners/georgia-pines/ski-hi', 'https://dhhpathways.georgia.gov/programs-partners/georgia-pines/ski-hi#main-content', 'https://dhhpathways.georgia.gov/hearing-assistive-technology/hearing-aids#main-content', 'https://dhhpathways.georgia.gov/hearing-assistive-technology/hearing-aids']",['Georgia\xa0Hearing Aid Loaner Bank'],Brochure,0.2266167551279068
download,https://dhhpathways.georgia.gov/document/document/hearing-aid-handout/download,157.3KB,157.2529296875,2020-10-19 11:02:07,"Newman, Jessica L",,,2020-10-19 11:02:07,Microsoft® Word for Office 365,1,0,2,PDF 1.7,"['https://dhhpathways.georgia.gov/programs-partners/georgia-pines/ski-hi', 'https://dhhpathways.georgia.gov/programs-partners/georgia-pines/ski-hi#main-content', 'https://dhhpathways.georgia.gov/hearing-assistive-technology/hearing-aids#main-content', 'https://dhhpathways.georgia.gov/hearing-assistive-technology/hearing-aids']",['Hearing\xa0Aid Handout'],Diagram,0.3364119231700897
download,https://dhhpathways.georgia.gov/document/document/cochlear-implant-handout/download,376.7KB,376.712890625,2019-02-28 10:03:06,"Newman, Jessica L",,,2017-03-06 11:03:09,Microsoft® Word 2013,1,0,2,PDF 1.5,"['https://dhhpathways.georgia.gov/hearing-assistive-technology/cochlear-implants', 'https://dhhpathways.georgia.gov/hearing-assistive-technology/cochlear-implants#main-content']",['Cochlear\xa0Implant Handout'],Diagram,0.7961376905441284
download,https://dhhpathways.georgia.gov/document/document/bone-anchored-implant-handout/download,367.6KB,367.5556640625,2017-12-05 11:04:09,"Newman, Jessica L",,,2017-12-05 11:04:09,Microsoft® Word 2013,1,0,3,PDF 1.5,"['https://dhhpathways.georgia.gov/hearing-assistive-technology/baha', 'https://dhhpathways.georgia.gov/hearing-assistive-technology/baha#main-content']",['Bone\xa0Anchored Hearing Handout'],Diagram,0.7961376905441284
download,https://dhhpathways.georgia.gov/document/document/remote-microphone-systems-classroom/download,557.4KB,557.365234375,2016-06-09 13:03:08,"Stiles, Derek",,,2016-06-09 13:03:08,Microsoft® Word 2013,3,0,10,PDF 1.5,"['https://dhhpathways.georgia.gov/hearing-assistive-technology/remote-microphone-systems#main-content', 'https://dhhpathways.georgia.gov/hearing-assistive-technology/remote-microphone-systems']",['Personal\xa0and Soundfield Remote Microphone Systems in the Classroom'],Brochure,0.561370849609375
download,https://dhhpathways.georgia.gov/document/document/social-story-visit-georgia-mobile-audiology/download,36.4MB,37298.2998046875,,,,,,,13,1,17,PDF 1.3,"['https://dhhpathways.georgia.gov/programs-partners/georgia-mobile-audiology#main-content', 'https://dhhpathways.georgia.gov/programs-partners/georgia-mobile-audiology']",['Learn\xa0more'],Report,0.438598096370697
download,https://dhhpathways.georgia.gov/document/document/terms-and-definitions-english-and-spanish/download,3.4MB,3499.0751953125,2017-07-31 09:04:01,,,,2017-07-31 09:04:01,Adobe PDF Scan Library 3.2,15,0,15,PDF 1.3,"['https://dhhpathways.georgia.gov/about-us/important-terms', 'https://dhhpathways.georgia.gov/about-us/important-terms#main-content']",['Terms\xa0and Definitions English and Spanish'],Report,0.2471245974302292
download,https://dhhpathways.georgia.gov/document/document/ferpa-notice-english/download,66.6KB,66.5546875,2015-01-26 21:03:04,Alice,,,2015-01-26 21:03:03,Microsoft® Office Word 2007,5,0,0,PDF 1.5,"['https://dhhpathways.georgia.gov/about-us/ferpa', 'https://dhhpathways.georgia.gov/about-us/ferpa#main-content']",['FERPA\xa0Notice - English'],Policy,0.3250446915626526
download,https://dhhpathways.georgia.gov/document/document/ferpa-notice-spanish/download,139.5KB,139.4892578125,2015-02-10 12:04:03,Alice,,,2015-02-10 12:04:02,Microsoft® Office Word 2007,6,0,0,PDF 1.5,"['https://dhhpathways.georgia.gov/about-us/ferpa', 'https://dhhpathways.georgia.gov/about-us/ferpa#main-content']",['FERPA\xa0Notice - Spanish'],Policy,0.40050798654556274
"GaDOE Letterhead - Richard Woods, Georgia's School Superintendent",https://dhhpathways.georgia.gov/document/document/ferpa-notice-acknowledgement-parent-sign/download,508.9KB,508.912109375,2015-01-28 10:01:02,caink,,,2015-01-28 10:01:02,Microsoft® Office Word 2007,1,1,1,PDF 1.5,"['https://dhhpathways.georgia.gov/about-us/ferpa', 'https://dhhpathways.georgia.gov/about-us/ferpa#main-content']",['FERPA\xa0Notice Acknowledgement (Parent to Sign)'],Diagram,0.7420361638069153
Microsoft Word - Toddler Program Flyer 3.docx,https://dhhpathways.georgia.gov/document/document/toddler-program-aasd-flyerpdf/download,1.6MB,1648.27734375,2022-07-06 11:02:04,,,,2022-07-06 11:02:04,macOS Version 12.4 (Build 21F79) Quartz PDFContext,1,1,6,PDF 1.4,"['https://dhhpathways.georgia.gov/programs-partners/georgia-pines/deaf-mentor', 'https://dhhpathways.georgia.gov/programs-partners/georgia-pines/deaf-mentor#main-content']",['here'],Flyer,0.860699474811554
DM Training 2024 Flyer,https://dhhpathways.georgia.gov/document/form/dm-training-2024-flyer/download,129.1KB,129.05078125,2024-01-03 11:00:02,Kimberly ,,"DAF41kCCG-8,BAE4nE2wHII",2024-01-03 14:03:09,Canva,1,0,2,PDF 1.4,"['https://dhhpathways.georgia.gov/programs-partners/georgia-pines/pines-provider-training#main-content', 'https://dhhpathways.georgia.gov/programs-partners/georgia-pines/pines-provider-training']",['/document/form/dm-training-2024-flyer/download'],Flyer,0.8813299536705017
