file_name,url,file_size,file_size_kilobytes,last_modified_date,author,subject,keywords,creation_date,producer,number_of_pages,number_of_tables,number_of_images,version,source,text_around_link,predicted_category,predicted_category_confidence
download,https://dso.georgia.gov/document/publication/odso-posterrevised-august-2014pdf/download,388.3KB,388.34375,2014-08-15 09:02:05,gov,,,2014-08-15 09:02:05,Microsoft® Office Word 2007,1,0,1,PDF 1.5,"['https://dso.georgia.gov', 'https://dso.georgia.gov#main-content']",['ODSO\xa0Poster'],Diagram,0.7961376905441284
download,https://dso.georgia.gov/document/biennial-report/fy-2012-2013-odso-biennial-report/download,7.1MB,7277.5224609375,2013-10-07 15:04:05,,,,2013-09-06 10:05:04,Adobe Acrobat Pro 9.5.1,42,14,13,PDF 1.6,"['https://dso.georgia.gov/biennial-reports-0#main-content', 'https://dso.georgia.gov/biennial-reports-0']",['FY\xa02012-2013 ODSO Biennial Report'],Report,0.9815660715103149
Governor’s Office of Disability Services Ombudsman,https://dso.georgia.gov/document/biennial-report/fy-2014-2015-odso-biennial-report/download,6.0MB,6095.1171875,2016-03-03 14:02:03,adash,,www.odso.georgia.gov,2016-03-01 13:03:07,Adobe PDF Library 11.0,25,12,11,PDF 1.6,"['https://dso.georgia.gov/biennial-reports-0#main-content', 'https://dso.georgia.gov/biennial-reports-0']",['FY\xa02014-2015 ODSO Biennial Report'],Report,0.6958009600639343
Governor’s Office of Disability Services Ombudsman,https://dso.georgia.gov/document/biennial-report/fy-2016-2017-odso-biennial-report/download,1.9MB,1908.1630859375,2018-04-10 11:04:00,adash,,www.odso.georgia.gov,2018-04-04 15:05:04,Adobe PDF Library 11.0,23,26,9,PDF 1.6,"['https://dso.georgia.gov/biennial-reports-0#main-content', 'https://dso.georgia.gov/biennial-reports-0']",['FY\xa02016-2017 ODSO Biennial Report'],Report,0.7105308175086975
Governor’s Office of Disability Services Ombudsman,https://dso.georgia.gov/document/biennial-report/fy-2018-2019-odso-biennial-report-0/download,631.1KB,631.1279296875,2022-07-07 14:05:05,adash,,www.odso.georgia.gov,2022-07-07 14:05:05,Microsoft® Word for Microsoft 365,23,15,4,PDF 1.7,"['https://dso.georgia.gov/biennial-reports-0#main-content', 'https://dso.georgia.gov/biennial-reports-0']",['FY\xa02018-2019 ODSO Biennial Report'],Report,0.8303424715995789
Governor’s Office of Disability Services Ombudsman,https://dso.georgia.gov/document/biennial-report/fy-2020-2021-odso-biennial-report/download,619.3KB,619.30859375,2022-07-07 14:04:02,adash,,www.odso.georgia.gov,2022-07-07 14:04:02,Microsoft® Word for Microsoft 365,21,7,4,PDF 1.7,"['https://dso.georgia.gov/biennial-reports-0#main-content', 'https://dso.georgia.gov/biennial-reports-0']",['FY\xa02020-2021 ODSO Biennial Report'],Report,0.7409672737121582
Governor’s Office of Disability Services Ombudsman,https://dso.georgia.gov/document/biennial-report/fy-2022-2023-odso-biennial-report/download,587.0KB,586.9921875,2024-06-25 14:00:06,adash,,www.odso.georgia.gov,2024-06-25 14:00:06,Microsoft® Word for Microsoft 365,21,7,4,PDF 1.7,"['https://dso.georgia.gov/biennial-reports-0#main-content', 'https://dso.georgia.gov/biennial-reports-0']",['FY\xa02022-2023 ODSO Biennial Report'],Report,0.7410941123962402
