file_name,url,file_size,file_size_kilobytes,last_modified_date,author,subject,keywords,creation_date,producer,number_of_pages,number_of_tables,number_of_images,version,source,text_around_link,predicted_category,predicted_category_confidence
download,https://gcfv.georgia.gov/document/document/guidelinesforin-persongroupspdf/download,33.4KB,33.421875,,,,,,Skia/PDF m85,2,0,0,PDF 1.5,"['https://gcfv.georgia.gov/family-violence-intervention-programs/fvip-updates', 'https://gcfv.georgia.gov/family-violence-intervention-programs/fvip-updates#main-content']","[""GCFV's\n \nGuidelines for In-Person Classes""]",Spreadsheet,0.20888152718544006
download,https://gcfv.georgia.gov/document/document/gcfvguidelinesforvirtualclassespdf/download,63.2KB,63.193359375,,,,,,Skia/PDF m85,2,0,0,PDF 1.5,"['https://gcfv.georgia.gov/family-violence-intervention-programs/fvip-updates', 'https://gcfv.georgia.gov/family-violence-intervention-programs/fvip-updates#main-content']","[""GCFV's\n \nGuidelines for Virtual Classes""]",Form,0.40910428762435913
FVIP LIST by COUNTY 1/28/2025.docx,https://gcfv.georgia.gov/document/document/fvip-list-county-1-28-25/download,614.2KB,614.2236328125,,,,,,Skia/PDF m134 Google Docs Renderer,25,3,50,PDF 1.4,"['https://gcfv.georgia.gov/family-violence-intervention-programs/enroll-family-violence-intervention-program#main-content', 'https://gcfv.georgia.gov/enroll-family-violence-intervention-program#main-content', 'https://gcfv.georgia.gov/enroll-family-violence-intervention-program', 'https://gcfv.georgia.gov/family-violence-intervention-programs/enroll-family-violence-intervention-program']",['2025\xa0Certified FVIP Provider List by County'],Report,0.42950332164764404
Certified FVIP Facilitators - 11/12/24.docx,https://gcfv.georgia.gov/document/document/certified-fvip-facilitators-11-12-24/download,248.8KB,248.8349609375,,,,,,Skia/PDF m132 Google Docs Renderer,12,12,24,PDF 1.4,"['https://gcfv.georgia.gov/family-violence-intervention-programs/fvip-certification', 'https://gcfv.georgia.gov/family-violence-intervention-programs/fvip-certification/find-certified-fvip-facilitator#main-content', 'https://gcfv.georgia.gov/family-violence-intervention-programs/fvip-certification/find-certified-fvip-facilitator', 'https://gcfv.georgia.gov/family-violence-intervention-programs/fvip-certification#main-content']","['Certified\n \nFVIP Facilitators', 'Certified\n \nFVIP Facilitator Directory']",Report,0.2284768521785736
download,https://gcfv.georgia.gov/document/publication/fvip-rules-2019pdf/download,504.1KB,504.1357421875,2018-09-20 15:00:02,Jennifer Thomas,,,2018-09-20 15:00:02,Microsoft® Word 2016,28,3,0,PDF 1.7,"['https://gcfv.georgia.gov/family-violence-intervention-programs/fvip-certification', 'https://gcfv.georgia.gov/family-violence-intervention-programs/fvip-certification#main-content', 'https://gcfv.georgia.gov/family-violence-intervention-programs/fvip-rules-procedures#main-content', 'https://gcfv.georgia.gov/family-violence-intervention-programs/fvip-rules-procedures', 'https://gcfv.georgia.gov/fvip-certification', 'https://gcfv.georgia.gov/fvip-certification#main-content']","['FVIP\xa0Rules 2019.pdf', 'Rules\xa0for Family Violence Intervention Programs']",Report,0.46784475445747375
New Facilitator Certification Process (External).pdf,https://gcfv.georgia.gov/document/publication/new-facilitator-certification-process-workflow-2019pdf/download,134.0KB,134.0458984375,2019-02-08 19:05:04,,Lucidchart,,2019-02-08 19:05:04,Lucid Software Inc.,1,0,0,PDF 1.7,"['https://gcfv.georgia.gov/family-violence-intervention-programs/fvip-certification', 'https://gcfv.georgia.gov/fvip-certification#main-content', 'https://gcfv.georgia.gov/fvip-certification', 'https://gcfv.georgia.gov/family-violence-intervention-programs/fvip-certification#main-content']",['New\xa0Facilitator Certification Process Workflow 2019.pdf'],Diagram,0.418129026889801
FVIP Code of Ethics,https://gcfv.georgia.gov/document/publication/fvip-code-ethicspdf/download,119.4KB,119.3525390625,2019-01-02 17:02:02,Jenny Aszman,,"DADNkayk5Zc,BACNQMC6kcY",2019-01-02 17:02:02,Canva,1,1,1,PDF 1.4,"['https://gcfv.georgia.gov/family-violence-intervention-programs/fvip-certification', 'https://gcfv.georgia.gov/fvip-certification#main-content', 'https://gcfv.georgia.gov/fvip-certification', 'https://gcfv.georgia.gov/family-violence-intervention-programs/fvip-certification#main-content']",['FVIP\xa0Code of Ethics.pdf'],Spreadsheet,0.3362833261489868
FVIP Principles of Practice,https://gcfv.georgia.gov/document/publication/fvip-principles-practicepdf/download,62.4KB,62.4033203125,2019-01-02 17:01:03,Jenny Aszman,,"DADE3NdDSDc,BACNQMC6kcY",2019-01-02 17:01:03,Canva,1,0,1,PDF 1.4,"['https://gcfv.georgia.gov/family-violence-intervention-programs/fvip-certification', 'https://gcfv.georgia.gov/fvip-certification#main-content', 'https://gcfv.georgia.gov/fvip-certification', 'https://gcfv.georgia.gov/family-violence-intervention-programs/fvip-certification#main-content']",['FVIP\xa0Principles of Practice.pdf'],Spreadsheet,0.3684538006782532
download,https://gcfv.georgia.gov/document/publication/differences-between-fvip-and-anger-management-pdf/download,169.2KB,169.2021484375,2016-01-09 18:04:05,varnerla,,,2016-01-09 18:04:05,Microsoft® Word 2010,1,1,0,PDF 1.5,"['https://gcfv.georgia.gov/court-watch-committee#main-content', 'https://gcfv.georgia.gov/family-violence-intervention-programs/fvip-certification', 'https://gcfv.georgia.gov/family-violence-intervention-programs/fvip-certification#main-content', 'https://gcfv.georgia.gov/fvip-certification', 'https://gcfv.georgia.gov/court-watch-committee', 'https://gcfv.georgia.gov/fvip-certification#main-content']","['anger\n \nmanagement', 'Differences\xa0Between FVIP and Anger Management .pdf']",Diagram,0.30681607127189636
download,https://gcfv.georgia.gov/document/document/fvip-suicide-protocol/download,135.8KB,135.7763671875,,,,,,Skia/PDF m84,5,0,1,PDF 1.5,"['https://gcfv.georgia.gov/family-violence-intervention-programs/fvip-rules-procedures#main-content', 'https://gcfv.georgia.gov/family-violence-intervention-programs/fvip-rules-procedures']",['FVIP\xa0Suicide Protocol'],Spreadsheet,0.2815003991127014
download,https://gcfv.georgia.gov/document/document/gcfv-approved-training-application/download,319.1KB,319.11328125,,,,,,Skia/PDF m73,7,6,1,PDF 1.5,"['https://gcfv.georgia.gov/family-violence-intervention-programs/fvip-training#main-content', 'https://gcfv.georgia.gov/family-violence-intervention-programs/fvip-training']",['GCFV\xa0Approved Training Application'],Form,0.8464720249176025
download,https://gcfv.georgia.gov/document/publication/working-deaf-or-hard-hearing-persons-and-language-interpreters-courtroompdf/download,151.5KB,151.453125,2016-10-25 09:05:09,,,,2016-10-25 09:05:06,Adobe PDF Library 15.0,2,1,0,PDF 1.4,"['https://gcfv.georgia.gov/family-violence-intervention-programs/fvip-resources#main-content', 'https://gcfv.georgia.gov/family-violence-intervention-programs/fvip-resources']",['Working\xa0with Deaf or Hard of Hearing Persons and Language Interpreters in the C…'],Brochure,0.26503050327301025
download,https://gcfv.georgia.gov/document/publication/class-observation-and-monitoring-formpdf/download,606.4KB,606.41015625,2019-01-03 18:02:01,,,,2019-01-03 18:02:01,PDF Mergy - http://pdfmerge.w69b.com,16,29,4,PDF 1.4,"['https://gcfv.georgia.gov/family-violence-intervention-programs/fvip-monitoring-compliance#main-content', 'https://gcfv.georgia.gov/family-violence-intervention-programs/fvip-monitoring-compliance']",['Class\xa0Observation and Monitoring Form.pdf'],Form,0.5939410328865051
download,https://gcfv.georgia.gov/document/publication/sample-corrective-action-plan-1pdf/download,367.1KB,367.08203125,2019-04-29 10:01:06,Nancy Stepp,,,2019-04-29 10:01:06,Microsoft® Word 2016,2,0,0,PDF 1.5,"['https://gcfv.georgia.gov/family-violence-intervention-programs/fvip-monitoring-compliance#main-content', 'https://gcfv.georgia.gov/family-violence-intervention-programs/fvip-monitoring-compliance']",['Sample\xa0Corrective Action Plan (1).pdf'],Brochure,0.6341584324836731
download,https://gcfv.georgia.gov/document/publication/releasenotes-georgiacommissiononfamilyviolenceportalpdf/download,2.9MB,2932.3115234375,,,,,,Skia/PDF m54,29,1,31,PDF 1.5,"['https://gcfv.georgia.gov/family-violence-intervention-programs/gcfv-portal', 'https://gcfv.georgia.gov/family-violence-intervention-programs/gcfv-portal#main-content']",['ReleaseNotes-GeorgiaCommissiononFamilyViolencePortal.pdf'],Slides,0.5131762027740479
download,https://gcfv.georgia.gov/document/publication/georgia-commission-family-violence-it-lunch-and-learn-92016-2pdf/download,2.8MB,2843.1904296875,,,,,,,41,1,43,PDF 1.4,"['https://gcfv.georgia.gov/family-violence-intervention-programs/gcfv-portal', 'https://gcfv.georgia.gov/family-violence-intervention-programs/gcfv-portal#main-content']",['Georgia\xa0Commission on Family Violence IT Lunch and Learn 9_20_16 (2).pdf'],Report,0.6904758810997009
Task Force List 2025 ,https://gcfv.georgia.gov/document/document/task-force-list-2025/download,323.9KB,323.8828125,,,,,,Skia/PDF m135 Google Docs Renderer,5,0,5,PDF 1.4,"['https://gcfv.georgia.gov/family-violence-task-forces', 'https://gcfv.georgia.gov/family-violence-task-forces#main-content']",['Task\xa0Force List 2025'],Policy,0.17618854343891144
Support For Survivors of Murder-Suicide,https://gcfv.georgia.gov/document/document/support-survivors-domestic-violence-murder-suicide/download,5.3MB,5425.775390625,2017-09-15 17:03:07,Jenny Aszman,,DACcWusMSlQ,2017-09-15 17:03:07,Canva,2,1,5,PDF 1.4,"['https://gcfv.georgia.gov/support-survivors-murder-suicide', 'https://gcfv.georgia.gov/ssms#main-content', 'https://gcfv.georgia.gov/ssms', 'https://gcfv.georgia.gov/support-survivors-murder-suicide#main-content']",['Support\n \nfor Survivors of Domestic Violence Murder-Suicide'],Brochure,0.37122780084609985
Traumatic Grief Factsheet,https://gcfv.georgia.gov/document/publication/childhood-traumatic-grief-and-murder-suicide-factsheetpdf/download,1022.6KB,1022.5654296875,2018-09-19 13:05:03,Jenny Aszman,,DADBvqNOG3Q,2018-09-19 13:05:03,Canva,1,0,3,PDF 1.4,"['https://gcfv.georgia.gov/support-survivors-murder-suicide', 'https://gcfv.georgia.gov/ssms#main-content', 'https://gcfv.georgia.gov/ssms', 'https://gcfv.georgia.gov/support-survivors-murder-suicide#main-content']",['Childhood\xa0Traumatic Grief and Murder-Suicide Factsheet.pdf'],Diagram,0.3706969916820526
Children's Responses Factsheet,https://gcfv.georgia.gov/document/publication/childrens-responses-after-murder-suicide-factsheetpdf/download,1.0MB,1031.4755859375,2018-09-19 13:05:07,Jenny Aszman,,DADBwCntHBc,2018-09-19 13:05:07,Canva,1,0,3,PDF 1.4,"['https://gcfv.georgia.gov/support-survivors-murder-suicide', 'https://gcfv.georgia.gov/ssms#main-content', 'https://gcfv.georgia.gov/ssms', 'https://gcfv.georgia.gov/support-survivors-murder-suicide#main-content']","[""Children's\xa0Responses After Murder-Suicide Factsheet.pdf""]",Diagram,0.36465904116630554
DV MS and Animals Fact Sheet,https://gcfv.georgia.gov/document/publication/domestic-violence-murder-suicide-and-animals-fact-sheetpdf/download,1004.9KB,1004.892578125,2018-09-19 13:05:08,Jenny Aszman,,DADBSP2FucA,2018-09-19 13:05:08,Canva,1,0,3,PDF 1.4,"['https://gcfv.georgia.gov/support-survivors-murder-suicide', 'https://gcfv.georgia.gov/ssms#main-content', 'https://gcfv.georgia.gov/ssms', 'https://gcfv.georgia.gov/support-survivors-murder-suicide#main-content']",['Domestic\xa0Violence Murder-Suicide and Animals Fact Sheet.pdf'],Diagram,0.3812424838542938
Family Dynamics Fact Sheet,https://gcfv.georgia.gov/document/publication/family-dynamics-following-murder-suicide-fact-sheetpdf/download,1022.1KB,1022.05078125,2018-09-19 13:05:09,Jenny Aszman,,DADBStBZeDw,2018-09-19 13:05:09,Canva,1,0,3,PDF 1.4,"['https://gcfv.georgia.gov/support-survivors-murder-suicide', 'https://gcfv.georgia.gov/ssms#main-content', 'https://gcfv.georgia.gov/ssms', 'https://gcfv.georgia.gov/support-survivors-murder-suicide#main-content']",['Family\xa0Dynamics Following A Murder-Suicide Fact Sheet.pdf'],Brochure,0.35230955481529236
Book Suggestion Factsheet,https://gcfv.georgia.gov/document/publication/helpful-books-adults-children-and-adolescents-factsheetpdf/download,1022.3KB,1022.2666015625,2018-09-20 20:04:09,Jenny Aszman,,DADD1NrLEOA,2018-09-20 20:04:09,Canva,1,0,3,PDF 1.4,"['https://gcfv.georgia.gov/support-survivors-murder-suicide', 'https://gcfv.georgia.gov/ssms#main-content', 'https://gcfv.georgia.gov/ssms', 'https://gcfv.georgia.gov/support-survivors-murder-suicide#main-content']","['Helpful\xa0Books for Adults, Children and Adolescents Factsheet.pdf']",Diagram,0.3315187692642212
Helpful Resources Factsheet,https://gcfv.georgia.gov/document/publication/helpful-resources-caregivers-children-and-adolescents-factsheetpdf/download,1.0MB,1025.3017578125,2018-09-20 20:04:03,Jenny Aszman,,DADD1Gh_Kjc,2018-09-20 20:04:03,Canva,1,0,3,PDF 1.4,"['https://gcfv.georgia.gov/support-survivors-murder-suicide', 'https://gcfv.georgia.gov/ssms#main-content', 'https://gcfv.georgia.gov/ssms', 'https://gcfv.georgia.gov/support-survivors-murder-suicide#main-content']","['Helpful\xa0Resources for Caregivers, Children and Adolescents Factsheet.pdf']",Diagram,0.3365917503833771
How to Help Children Heal Factsheet,https://gcfv.georgia.gov/document/publication/how-help-children-heal-after-murder-suicide-factsheetpdf/download,1022.1KB,1022.1455078125,2018-09-19 15:04:02,Jenny Aszman,,DADBv05Rbdc,2018-09-19 15:04:02,Canva,1,0,3,PDF 1.4,"['https://gcfv.georgia.gov/support-survivors-murder-suicide', 'https://gcfv.georgia.gov/ssms#main-content', 'https://gcfv.georgia.gov/ssms', 'https://gcfv.georgia.gov/support-survivors-murder-suicide#main-content']",['How\xa0to Help Children Heal After A Murder-Suicide Factsheet.pdf'],Brochure,0.32866787910461426
Probate Court After Murder Suicide Fact Sheet,https://gcfv.georgia.gov/document/publication/probating-estate-after-murder-suicide-fact-sheetpdf/download,955.6KB,955.5849609375,2018-09-19 14:01:00,Jenny Aszman,,DADDKOL5vWs,2018-09-19 14:01:00,Canva,1,0,3,PDF 1.4,"['https://gcfv.georgia.gov/support-survivors-murder-suicide', 'https://gcfv.georgia.gov/ssms#main-content', 'https://gcfv.georgia.gov/ssms', 'https://gcfv.georgia.gov/support-survivors-murder-suicide#main-content']",['Probating\xa0an Estate After a Murder-Suicide Fact Sheet.pdf'],Diagram,0.7773640155792236
Self Care and Healing for Caregivers and Families Factsheet,https://gcfv.georgia.gov/document/publication/self-care-and-healing-caregivers-and-families-after-murder-suicide/download,1.0MB,1031.4755859375,2018-09-19 17:01:02,Jenny Aszman,,DADBwMmc79Q,2018-09-19 17:01:02,Canva,1,0,3,PDF 1.4,"['https://gcfv.georgia.gov/support-survivors-murder-suicide', 'https://gcfv.georgia.gov/ssms#main-content', 'https://gcfv.georgia.gov/ssms', 'https://gcfv.georgia.gov/support-survivors-murder-suicide#main-content']",['Self\xa0Care and Healing for Caregivers and Families after a Murder-Suicide Factsh…'],Diagram,0.30262142419815063
Self Care and Healing for Children Factsheet,https://gcfv.georgia.gov/document/publication/self-care-and-healing-children-after-murder-suicide-factsheetpdf/download,1.0MB,1030.982421875,2018-09-19 17:01:02,Jenny Aszman,,DADBv3BQyNc,2018-09-19 17:01:02,Canva,1,0,3,PDF 1.4,"['https://gcfv.georgia.gov/support-survivors-murder-suicide', 'https://gcfv.georgia.gov/ssms#main-content', 'https://gcfv.georgia.gov/ssms', 'https://gcfv.georgia.gov/support-survivors-murder-suicide#main-content']",['Self\xa0Care and Healing for Children After a Murder-Suicide Factsheet.pdf'],Diagram,0.30262142419815063
Talking to Children Factsheet,https://gcfv.georgia.gov/document/publication/talking-children-about-murder-suicide-factsheetpdf/download,1.0MB,1027.279296875,2018-09-19 13:05:05,Jenny Aszman,,DADBvZL4nfY,2018-09-19 13:05:06,Canva,1,0,3,PDF 1.4,"['https://gcfv.georgia.gov/support-survivors-murder-suicide', 'https://gcfv.georgia.gov/ssms#main-content', 'https://gcfv.georgia.gov/ssms', 'https://gcfv.georgia.gov/support-survivors-murder-suicide#main-content']",['Talking\xa0to Children About Murder-Suicide Factsheet.pdf'],Brochure,0.33695313334465027
SSMS Community Protocol,https://gcfv.georgia.gov/document/document/ssmscommunityprotocol31920pdf/download,639.9KB,639.87109375,,,,,,Skia/PDF m97 Google Docs Renderer,13,2,1,PDF 1.4,"['https://gcfv.georgia.gov/support-survivors-murder-suicide', 'https://gcfv.georgia.gov/ssms#main-content', 'https://gcfv.georgia.gov/ssms', 'https://gcfv.georgia.gov/support-survivors-murder-suicide#main-content']",['SSMS\xa0Community Protocol'],Report,0.3043845593929291
12.29.23 Walking the Line: Navigating Duty and Discretion in Responding to Family Violence,https://gcfv.georgia.gov/document/document/walking-line-navigating-duty-and-discretion-responding-family-violence/download,22.3MB,22813.8193359375,2024-01-29 09:04:09,Carolynn Brooks,,"DAF3ttccv1c,BAFn-Igrnb8",2023-12-29 17:03:09,Canva,28,0,30,PDF 1.4,"['https://gcfv.georgia.gov/law-enforcement-education-program/resources/reports#main-content', 'https://gcfv.georgia.gov/resources/annual-report', 'https://gcfv.georgia.gov/law-enforcement-education-program/resources/reports', 'https://gcfv.georgia.gov/resources/data#main-content', 'https://gcfv.georgia.gov/family-violence-fatality-review/current-publications#main-content', 'https://gcfv.georgia.gov/resources/annual-report#main-content', 'https://gcfv.georgia.gov/law-enforcement-education-program/resources#main-content', 'https://gcfv.georgia.gov/law-enforcement-education-program/resources', 'https://gcfv.georgia.gov/resources/data', 'https://gcfv.georgia.gov/family-violence-fatality-review/current-publications']","['Walking\n \nthe Line', 'Walking\n \nthe Line: Navigating Duty and Discretion in Responding to Family Violence']",Report,0.698521077632904
FAMILY VIOLENCE GUIDELINES,https://gcfv.georgia.gov/document/publication/law-enforcement-protocolpdf/download,377.6KB,377.6416015625,2017-02-07 14:05:04,gdcuser,,,2017-02-07 14:05:04,Microsoft® Word 2010,18,0,1,PDF 1.5,"['https://gcfv.georgia.gov/resources/protocols-and-position-papers#main-content', 'https://gcfv.georgia.gov/protocols-and-position-papers', 'https://gcfv.georgia.gov/protocols-and-position-papers#main-content', 'https://gcfv.georgia.gov/law-enforcement-education-program/resources/law-enforcement-model-protocol#main-content', 'https://gcfv.georgia.gov/law-enforcement-education-program/resources/law-enforcement-model-protocol', 'https://gcfv.georgia.gov/law-enforcement-education-program/resources#main-content', 'https://gcfv.georgia.gov/resources/protocols-and-position-papers', 'https://gcfv.georgia.gov/law-enforcement-education-program/resources']","['Law\n \nEnforcement Model Protocol', 'Law\xa0Enforcement Protocol.pdf', 'LE\n \nProtocol']",Report,0.3201552927494049
Addressing the Aftermath 2025,https://gcfv.georgia.gov/document/document/addressing-aftermath-2025pdf--UNPUBLISHED-document--DO-NOT-SHARE-this-URL---0/download,3.7MB,3766.736328125,2025-04-08 17:05:00,Rachel Rothman,,"DAGbEbDdF_U,BAFn-Igrnb8,0",2025-04-08 17:05:00,Canva,45,2,5,PDF 1.4,"['https://gcfv.georgia.gov/resources/data#main-content', 'https://gcfv.georgia.gov/resources/annual-report#main-content', 'https://gcfv.georgia.gov/resources/data', 'https://gcfv.georgia.gov/resources/annual-report']",['Addressing\n \nthe Aftermath (2025)'],Report,0.8318270444869995
2024 FV Fact Sheet,https://gcfv.georgia.gov/document/document/2024-annual-family-violence-fact-sheet/download,406.5KB,406.5400390625,2024-08-02 11:03:07,Samar Abdelmageed,,"DAGCOrJymVs,BAFn-Igrnb8",2024-08-02 11:03:07,Canva,2,0,3,PDF 1.4,"['https://gcfv.georgia.gov/resources/data#main-content', 'https://gcfv.georgia.gov/resources/annual-report#main-content', 'https://gcfv.georgia.gov/resources/data', 'https://gcfv.georgia.gov/resources/annual-report']",['2024\n \nAnnual Family Violence Fact Sheet'],Brochure,0.6446411609649658
FAMILY VIOLENCE  STATISTICS AND TRENDS,https://gcfv.georgia.gov/document/publication/family-violence-statistics-and-trends-state-georgia-2018-2021/download,3.7MB,3744.7919921875,2023-08-16 13:02:00,Carolynn Brooks,,,2023-05-03 11:05:09,MicrosoftÂ® PowerPointÂ® for Microsoft 365,40,21,36,PDF 1.7,"['https://gcfv.georgia.gov/resources/annual-report', 'https://gcfv.georgia.gov/resources/data#main-content', 'https://gcfv.georgia.gov/family-violence-fatality-review/current-publications#main-content', 'https://gcfv.georgia.gov/resources/annual-report#main-content', 'https://gcfv.georgia.gov/resources/data', 'https://gcfv.georgia.gov/family-violence-fatality-review/current-publications']",['Family\n \nViolence Statistics and Trends in the State of Georgia 2018-2021'],Report,0.5380237698554993
download,https://gcfv.georgia.gov/document/document/family-violence-and-firearms-georgia/download,2.5MB,2527.7958984375,2023-01-09 15:02:00,,,,2023-01-09 15:02:00,Adobe Acrobat Pro (32-bit) 22.3.20282,35,3,14,PDF 1.6,"['https://gcfv.georgia.gov/resources/data#main-content', 'https://gcfv.georgia.gov/resources/annual-report#main-content', 'https://gcfv.georgia.gov/resources/data', 'https://gcfv.georgia.gov/resources/annual-report']",['Family\n \nViolence and Firearms in Georgia'],Report,0.41269248723983765
TDV Topic Brief,https://gcfv.georgia.gov/document/document/teen-dating-violence-topic-brief/download,767.7KB,767.7265625,2023-01-18 10:05:02,,,,2023-01-18 10:05:02,Skia/PDF m111 Google Docs Renderer,3,2,4,PDF 1.4,"['https://gcfv.georgia.gov/resources/data#main-content', 'https://gcfv.georgia.gov/resources/annual-report#main-content', 'https://gcfv.georgia.gov/resources/data', 'https://gcfv.georgia.gov/resources/annual-report']",['Teen\n \nDating Violence Topic Brief'],Brochure,0.7516272664070129
Male Involvement in Family Violence Incidents,https://gcfv.georgia.gov/document/document/male-involvement-family-violence-incidents/download,1.8MB,1850.818359375,,,,,,,21,10,17,PDF 1.4,"['https://gcfv.georgia.gov/resources/annual-report', 'https://gcfv.georgia.gov/resources/data#main-content', 'https://gcfv.georgia.gov/resources/annual-report#main-content', 'https://gcfv.georgia.gov/press-releases/2022-02-08/male-involvement-report-release', 'https://gcfv.georgia.gov/press-releases/2022-02-08/male-involvement-report-release#main-content', 'https://gcfv.georgia.gov/resources/data']","['Male\n \nInvolvement in Family Violence Incidents', 'Male\xa0Involvement in Family Violence Incidents']",Slides,0.6717022061347961
download,https://gcfv.georgia.gov/media/3846/download,1004.4KB,1004.3623046875,2021-10-20 11:05:02,,,,2021-09-29 13:04:04,Adobe Acrobat Pro DC (32-bit) 21.7.20091,38,32,13,PDF 1.7,"['https://gcfv.georgia.gov/resources/data#main-content', 'https://gcfv.georgia.gov/resources/annual-report#main-content', 'https://gcfv.georgia.gov/resources/data', 'https://gcfv.georgia.gov/resources/annual-report']",['Family\n \nViolence in Georgia: A Comparative Analysis 2013-2017'],Report,0.5236460566520691
PowerPoint Presentation,https://gcfv.georgia.gov/document/document/family-violence-statistics-and-trends-state-georgia-2013-2017/download,1.4MB,1443.19921875,2020-06-29 11:00:05,Nicole.lameska,,,2020-06-29 11:00:05,Adobe PDF Library 20.9.95,20,17,25,PDF 1.6,"['https://gcfv.georgia.gov/resources/annual-report', 'https://gcfv.georgia.gov/press-releases/2020-12-15/local-family-violence-reports#main-content', 'https://gcfv.georgia.gov/resources/data#main-content', 'https://gcfv.georgia.gov/resources/annual-report#main-content', 'https://gcfv.georgia.gov/press-releases/2020-12-15/local-family-violence-reports', 'https://gcfv.georgia.gov/resources/data']","['Family\xa0Violence Statistics and Trends in the State of Georgia 2013-2017', 'Family\n \nViolence Statistics and Trends in the State of Georgia 2013-2017']",Slides,0.9909712076187134
Judicial District One Report,https://gcfv.georgia.gov/document/document/family-violence-statistics-and-trends-judicial-district-one-2013-2017/download,3.4MB,3524.91015625,2020-12-09 16:04:06,,,,2020-12-09 13:05:00,,20,30,27,PDF 1.4,"['https://gcfv.georgia.gov/resources/annual-report', 'https://gcfv.georgia.gov/press-releases/2020-12-15/local-family-violence-reports#main-content', 'https://gcfv.georgia.gov/resources/data#main-content', 'https://gcfv.georgia.gov/resources/annual-report#main-content', 'https://gcfv.georgia.gov/press-releases/2020-12-15/local-family-violence-reports', 'https://gcfv.georgia.gov/resources/data']","['Family\n \nViolence Statistics and Trends in Judicial District One\xa02013-2017', 'Family\xa0Violence Statistics and Trends in Judicial District One 2013-2017']",Report,0.8925940990447998
Judicial District Two Report,https://gcfv.georgia.gov/document/document/family-violence-statistics-and-trends-judicial-district-two-2013-2017/download,3.2MB,3262.595703125,2020-12-09 16:04:06,,,,2020-12-09 13:05:06,,20,23,27,PDF 1.4,"['https://gcfv.georgia.gov/resources/annual-report', 'https://gcfv.georgia.gov/press-releases/2020-12-15/local-family-violence-reports#main-content', 'https://gcfv.georgia.gov/resources/data#main-content', 'https://gcfv.georgia.gov/resources/annual-report#main-content', 'https://gcfv.georgia.gov/press-releases/2020-12-15/local-family-violence-reports', 'https://gcfv.georgia.gov/resources/data']","['Family\xa0Violence Statistics and Trends in Judicial District Two 2013-2017', 'Family\n \nViolence Statistics and Trends in Judicial District Two 2013-2017']",Report,0.8928148746490479
Judicial District Three Report,https://gcfv.georgia.gov/document/document/family-violence-statistics-and-trends-judicial-district-three-2013-2017/download,3.2MB,3254.802734375,2020-12-09 16:04:06,,,,2020-12-09 13:05:06,,20,25,27,PDF 1.4,"['https://gcfv.georgia.gov/resources/annual-report', 'https://gcfv.georgia.gov/press-releases/2020-12-15/local-family-violence-reports#main-content', 'https://gcfv.georgia.gov/resources/data#main-content', 'https://gcfv.georgia.gov/resources/annual-report#main-content', 'https://gcfv.georgia.gov/press-releases/2020-12-15/local-family-violence-reports', 'https://gcfv.georgia.gov/resources/data']","['Family\n \nViolence Statistics and Trends in Judicial District Three\xa02013-2017', 'Family\xa0Violence Statistics and Trends in Judicial District Three 2013-2017']",Report,0.8928148746490479
Judicial District Four Report,https://gcfv.georgia.gov/document/document/family-violence-statistics-and-trends-judicial-district-four-2013-2017/download,3.2MB,3273.0224609375,2020-12-09 16:04:06,,,,2020-12-09 13:05:06,,20,27,27,PDF 1.4,"['https://gcfv.georgia.gov/resources/annual-report', 'https://gcfv.georgia.gov/press-releases/2020-12-15/local-family-violence-reports#main-content', 'https://gcfv.georgia.gov/resources/data#main-content', 'https://gcfv.georgia.gov/resources/annual-report#main-content', 'https://gcfv.georgia.gov/press-releases/2020-12-15/local-family-violence-reports', 'https://gcfv.georgia.gov/resources/data']","['Family\n \nViolence Statistics and Trends in Judicial District Four\xa02013-2017', 'Family\xa0Violence Statistics and Trends in Judicial District Four 2013-2017']",Report,0.8928148746490479
Judicial District Five Report,https://gcfv.georgia.gov/document/document/family-violence-statistics-and-trends-judicial-district-five-2013-2017/download,3.3MB,3390.9892578125,2020-12-09 16:04:06,,,,2020-12-09 16:03:05,,20,23,27,PDF 1.4,"['https://gcfv.georgia.gov/resources/annual-report', 'https://gcfv.georgia.gov/press-releases/2020-12-15/local-family-violence-reports#main-content', 'https://gcfv.georgia.gov/resources/data#main-content', 'https://gcfv.georgia.gov/resources/annual-report#main-content', 'https://gcfv.georgia.gov/press-releases/2020-12-15/local-family-violence-reports', 'https://gcfv.georgia.gov/resources/data']","['Family\n \nViolence Statistics and Trends in Judicial District Five 2013-2017', 'Family\xa0Violence Statistics and Trends in Judicial District Five 2013-2017']",Report,0.8919988870620728
Judicial District Six Report,https://gcfv.georgia.gov/document/document/family-violence-statistics-and-trends-judicial-district-six-2013-2017/download,3.2MB,3239.4482421875,2020-12-09 16:04:06,,,,2020-12-09 16:04:05,,20,24,27,PDF 1.4,"['https://gcfv.georgia.gov/resources/annual-report', 'https://gcfv.georgia.gov/press-releases/2020-12-15/local-family-violence-reports#main-content', 'https://gcfv.georgia.gov/resources/data#main-content', 'https://gcfv.georgia.gov/resources/annual-report#main-content', 'https://gcfv.georgia.gov/press-releases/2020-12-15/local-family-violence-reports', 'https://gcfv.georgia.gov/resources/data']","['Family\n \nViolence Statistics and Trends in Judicial District Six 2013-2017', 'Family\xa0Violence Statistics and Trends in Judicial District Six 2013-2017']",Report,0.8928148746490479
Judicial District Seven Report,https://gcfv.georgia.gov/document/document/family-violence-statistics-and-trends-judicial-district-seven-2013-2017/download,3.4MB,3495.5927734375,2020-12-09 16:04:06,,,,2020-12-09 13:05:07,,20,28,27,PDF 1.4,"['https://gcfv.georgia.gov/resources/annual-report', 'https://gcfv.georgia.gov/press-releases/2020-12-15/local-family-violence-reports#main-content', 'https://gcfv.georgia.gov/resources/data#main-content', 'https://gcfv.georgia.gov/resources/annual-report#main-content', 'https://gcfv.georgia.gov/press-releases/2020-12-15/local-family-violence-reports', 'https://gcfv.georgia.gov/resources/data']","['Family\xa0Violence Statistics and Trends in Judicial District Seven 2013-2017', 'Family\n \nViolence Statistics and Trends in Judicial District Seven 2013-2017']",Report,0.8925940990447998
Judicial District Eight Report,https://gcfv.georgia.gov/document/document/family-violence-statistics-and-trends-judicial-district-eight-2013-2017/download,3.2MB,3263.3740234375,2020-12-09 16:04:06,,,,2020-12-09 13:05:07,,20,25,27,PDF 1.4,"['https://gcfv.georgia.gov/resources/annual-report', 'https://gcfv.georgia.gov/press-releases/2020-12-15/local-family-violence-reports#main-content', 'https://gcfv.georgia.gov/resources/data#main-content', 'https://gcfv.georgia.gov/resources/annual-report#main-content', 'https://gcfv.georgia.gov/press-releases/2020-12-15/local-family-violence-reports', 'https://gcfv.georgia.gov/resources/data']","['Family\xa0Violence Statistics and Trends in Judicial District Eight 2013-2017', 'Family\n \nViolence Statistics and Trends in Judicial District Eight 2013-2017']",Report,0.8928148746490479
Judicial District Nine Report,https://gcfv.georgia.gov/document/document/family-violence-statistics-and-trends-judicial-district-nine-2013-2017/download,3.2MB,3266.2490234375,2020-12-09 16:04:06,,,,2020-12-09 13:05:07,,20,27,27,PDF 1.4,"['https://gcfv.georgia.gov/resources/annual-report', 'https://gcfv.georgia.gov/press-releases/2020-12-15/local-family-violence-reports#main-content', 'https://gcfv.georgia.gov/resources/data#main-content', 'https://gcfv.georgia.gov/resources/annual-report#main-content', 'https://gcfv.georgia.gov/press-releases/2020-12-15/local-family-violence-reports', 'https://gcfv.georgia.gov/resources/data']","['Family\xa0Violence Statistics and Trends in Judicial District Nine 2013-2017', 'Family\n \nViolence Statistics and Trends in Judicial District Nine 2013-2017']",Report,0.8928148746490479
Judicial District Ten Report,https://gcfv.georgia.gov/document/document/family-violence-statistics-and-trends-judicial-district-ten-2013-2017/download,3.2MB,3234.6337890625,2020-12-09 16:04:06,,,,2020-12-09 13:05:07,,20,27,27,PDF 1.4,"['https://gcfv.georgia.gov/resources/annual-report', 'https://gcfv.georgia.gov/press-releases/2020-12-15/local-family-violence-reports#main-content', 'https://gcfv.georgia.gov/resources/data#main-content', 'https://gcfv.georgia.gov/resources/annual-report#main-content', 'https://gcfv.georgia.gov/press-releases/2020-12-15/local-family-violence-reports', 'https://gcfv.georgia.gov/resources/data']","['Family\n \nViolence Statistics and Trends in Judicial District Ten\xa02013-2017', 'Family\xa0Violence Statistics and Trends in Judicial District Ten 2013-2017']",Report,0.8928148746490479
Microsoft Word - FY20 State Certified DV Shelters.docx,https://gcfv.georgia.gov/document/document/2020-state-certified-domestic-violence-programs/download,483.4KB,483.3564453125,2019-10-23 10:01:09,natalie.williams,,,2019-10-23 10:01:09,Microsoft: Print To PDF,7,0,14,PDF 1.7,"['https://gcfv.georgia.gov/resources/certified-domestic-violence-and-sexual-assault-programs', 'https://gcfv.georgia.gov/certified-domestic-violence-and-sexual-assault-programs', 'https://gcfv.georgia.gov/certified-domestic-violence-and-sexual-assault-programs#main-content', 'https://gcfv.georgia.gov/resources/certified-domestic-violence-and-sexual-assault-programs#main-content']",['2020\xa0State Certified Domestic Violence Programs'],Form,0.4585052728652954
download,https://gcfv.georgia.gov/document/publication/2019-sac-info-listpdf/download,312.4KB,312.3779296875,2019-03-13 12:05:06,Britney Campbell,,,2019-03-13 12:05:06,Microsoft® Word for Office 365,8,8,1,PDF 1.7,"['https://gcfv.georgia.gov/resources/certified-domestic-violence-and-sexual-assault-programs', 'https://gcfv.georgia.gov/certified-domestic-violence-and-sexual-assault-programs', 'https://gcfv.georgia.gov/certified-domestic-violence-and-sexual-assault-programs#main-content', 'https://gcfv.georgia.gov/resources/certified-domestic-violence-and-sexual-assault-programs#main-content']",['2019\xa0State Certified Sexual Assault Centers'],Spreadsheet,0.21059942245483398
download,https://gcfv.georgia.gov/document/publication/gcfv-dv-courts-best-practicespdf/download,515.3KB,515.259765625,2017-05-02 13:02:04,,,,2017-03-31 10:02:02,Adobe PDF Library 15.0,26,10,3,PDF 1.7,"['https://gcfv.georgia.gov/resources/georgia-domestic-violence-courts-best-practices#main-content', 'https://gcfv.georgia.gov/georgia-domestic-violence-courts-best-practices', 'https://gcfv.georgia.gov/georgia-domestic-violence-courts-best-practices#main-content', 'https://gcfv.georgia.gov/resources/georgia-domestic-violence-courts-best-practices']",['GCFV\xa0DV Courts Best Practices.pdf'],Report,0.42722970247268677
Georgia Domestic Violence Benchbook,https://icje.law.uga.edu/wp-content/uploads/2023/05/16th-Edition-rev-final.pdf,4.1MB,4215.279296875,2023-04-28 13:00:04,Joan Prittie & Nancy Hunter,,,2023-04-28 13:00:04,Microsoft® Word 2016,422,33,2,PDF 1.5,"['https://gcfv.georgia.gov/resources/domestic-violence-benchbook', 'https://gcfv.georgia.gov/resources/domestic-violence-benchbook#main-content', 'https://gcfv.georgia.gov/domestic-violence-benchbook#main-content', 'https://gcfv.georgia.gov/domestic-violence-benchbook']",['Georgia Domestic Violence Benchbook'],Report,0.8880649209022522
download,https://gcfv.georgia.gov/document/publication/protective-order-registrypdf/download,123.1KB,123.068359375,2013-10-10 10:04:07,ferrellj,,,2013-10-10 10:04:06,Microsoft® Office Word 2007,2,0,0,PDF 1.6,"['https://gcfv.georgia.gov/resources/protective-order-registry', 'https://gcfv.georgia.gov/protective-order-registry', 'https://gcfv.georgia.gov/protective-order-registry#main-content', 'https://gcfv.georgia.gov/resources/protective-order-registry#main-content']",['Protective\xa0Order Registry.pdf'],Brochure,0.334055632352829
"The members of the Georgia Commission on Family Violence, with the safety of victims of family violence in mind, believe that judicial procedures which replace Temporary Protection Orders (TPOs) with alternative orders, such as mediation or consent agree",https://gcfv.georgia.gov/document/publication/position-statement-temporary-protective-order-alternativespdf/download,26.9KB,26.908203125,2008-10-02 11:01:06,oit,,,2008-10-02 11:01:06,Acrobat Distiller 7.0 (Windows),2,0,0,PDF 1.4,"['https://gcfv.georgia.gov/resources/protocols-and-position-papers', 'https://gcfv.georgia.gov/protocols-and-position-papers', 'https://gcfv.georgia.gov/protocols-and-position-papers#main-content', 'https://gcfv.georgia.gov/resources/protocols-and-position-papers#main-content']",['Position\xa0Statement on Temporary Protective Order Alternatives.pdf'],Policy,0.7431063055992126
PROSECUTOR'S PROTOCOL FOR,https://gcfv.georgia.gov/document/publication/prosecutors-protocolpdf/download,94.7KB,94.697265625,2017-02-07 14:05:04,gdcuser,,,2017-02-07 14:05:04,Microsoft® Word 2010,22,0,1,PDF 1.5,"['https://gcfv.georgia.gov/resources/protocols-and-position-papers', 'https://gcfv.georgia.gov/protocols-and-position-papers', 'https://gcfv.georgia.gov/protocols-and-position-papers#main-content', 'https://gcfv.georgia.gov/resources/protocols-and-position-papers#main-content']",['Prosecutors\xa0Protocol.pdf'],Policy,0.3805355131626129
GEORGIA COMMISSION ON FAMILY VIOLENCE,https://gcfv.georgia.gov/document/publication/medical-protocolpdf/download,358.7KB,358.724609375,2017-02-07 14:05:06,Melissa Danesh,,,2017-02-07 14:05:06,Microsoft® Word 2010,16,0,2,PDF 1.5,"['https://gcfv.georgia.gov/resources/protocols-and-position-papers', 'https://gcfv.georgia.gov/protocols-and-position-papers', 'https://gcfv.georgia.gov/protocols-and-position-papers#main-content', 'https://gcfv.georgia.gov/resources/protocols-and-position-papers#main-content']",['Medical\xa0Protocol.pdf'],Report,0.29707953333854675
A MODEL JUDICIAL PROTOCOL,https://gcfv.georgia.gov/document/publication/judicial-protocolpdf/download,153.8KB,153.8369140625,2017-02-07 14:05:05,gdcuser,,,2017-02-07 14:05:05,Microsoft® Word 2010,14,0,1,PDF 1.5,"['https://gcfv.georgia.gov/resources/protocols-and-position-papers', 'https://gcfv.georgia.gov/protocols-and-position-papers', 'https://gcfv.georgia.gov/protocols-and-position-papers#main-content', 'https://gcfv.georgia.gov/resources/protocols-and-position-papers#main-content']",['Judicial\xa0Protocol.pdf'],Policy,0.49859294295310974
Georgia State Plan for Ending Family Violence,https://gcfv.georgia.gov/document/publication/georgia-state-plan-ending-family-violencepdf/download,3.4MB,3516.521484375,2013-01-02 10:00:07,admin,,,2012-12-28 16:02:05,Microsoft® Word 2010,74,23,36,PDF 1.5,"['https://gcfv.georgia.gov/state-plan-ending-family-violence', 'https://gcfv.georgia.gov/state-plan-ending-family-violence#main-content', 'https://gcfv.georgia.gov/resources/state-plan-ending-family-violence#main-content', 'https://gcfv.georgia.gov/resources/state-plan-ending-family-violence']",['Georgia\xa0State Plan Ending Family Violence.pdf'],Report,0.9668426513671875
Documentation Chart for Attempted Strangulation Cases,https://gcfv.georgia.gov/document/publication/documentation-chart-attempted-strangulation-casespdf/download,51.4KB,51.396484375,2012-12-31 09:00:00,Gael Strack,,,2012-12-31 09:00:00,Adobe PDF Library 9.0,2,2,0,PDF 1.5,"['https://gcfv.georgia.gov/resources/strangulation-assault-training#main-content', 'https://gcfv.georgia.gov/resources/strangulation-assault-training']",['Documentation\xa0Chart for Attempted Strangulation Cases.pdf'],Form,0.25098878145217896
DO and DON'T w/ victims,https://gcfv.georgia.gov/document/publication/dos-and-donts-talking-victimspdf/download,19.6KB,19.5869140625,2013-01-10 14:03:04,michael agnew,Awareness Sheet,,2013-01-10 14:03:04,Adobe PDF Library 9.0,2,0,0,PDF 1.5,"['https://gcfv.georgia.gov/resources/strangulation-assault-training#main-content', 'https://gcfv.georgia.gov/resources/strangulation-assault-training']",['Dos\xa0and Donts of Talking with Victims.pdf'],Policy,0.4100334942340851
Follow-up Questions in Domestic Violence,https://gcfv.georgia.gov/document/publication/follow-questions-strangulationpdf/download,12.0KB,12.033203125,2013-01-10 14:03:02,michael agnew,,,2013-01-10 14:03:02,Adobe PDF Library 9.0,1,0,0,PDF 1.5,"['https://gcfv.georgia.gov/resources/strangulation-assault-training#main-content', 'https://gcfv.georgia.gov/resources/strangulation-assault-training']",['Follow\xa0up Questions on Strangulation.pdf'],Brochure,0.7359158992767334
Domestic Violence Paper VAW.qxp,https://gcfv.georgia.gov/document/publication/iacp-national-law-enforcement-model-policy-domestic-violencepdf/download,61.3KB,61.2724609375,2007-01-31 07:02:02,trentadue,,,2007-01-31 07:02:02,Acrobat Distiller 5.0.5 (Windows),6,0,0,PDF 1.3,"['https://gcfv.georgia.gov/resources/strangulation-assault-training#main-content', 'https://gcfv.georgia.gov/resources/strangulation-assault-training']",['IACP\xa0National Law Enforcement Model Policy on Domestic Violence.pdf'],Policy,0.5406911969184875
download,https://gcfv.georgia.gov/document/publication/recognizing-and-investigating-strangulationpdf/download,62.9KB,62.88671875,2012-08-13 10:04:09,,,,2012-07-16 08:01:06,,2,0,2,PDF 1.4,"['https://gcfv.georgia.gov/resources/strangulation-assault-training#main-content', 'https://gcfv.georgia.gov/resources/strangulation-assault-training']",['Recognizing\xa0and Investigating Strangulation.pdf'],Form,0.31030353903770447
Microsoft Word - Strangulation - Strangulation Glossary,https://gcfv.georgia.gov/document/publication/strangulation-glossarypdf/download,89.7KB,89.6572265625,2011-01-18 12:01:02,melissa,,,2011-01-18 12:01:02,Acrobat Distiller 9.0.0 (Windows),3,0,0,PDF 1.5,"['https://gcfv.georgia.gov/resources/strangulation-assault-training#main-content', 'https://gcfv.georgia.gov/resources/strangulation-assault-training']",['Strangulation\xa0Glossary.pdf'],Policy,0.3427896201610565
Strangle_front,https://gcfv.georgia.gov/document/publication/strangulation-reference-guidepdf/download,63.0KB,62.9921875,2011-12-27 12:00:00,Agnew / Heisler,,,2011-12-27 11:04:01,Adobe PDF Library 9.0,2,1,1,PDF 1.6,"['https://gcfv.georgia.gov/resources/strangulation-assault-training#main-content', 'https://gcfv.georgia.gov/resources/strangulation-assault-training']",['Strangulation\xa0Reference Guide.pdf'],Brochure,0.27979180216789246
download,https://gcfv.georgia.gov/document/publication/7-strangulation-training-video-flyerpdf/download,97.0KB,96.9619140625,,,,,,,1,0,1,PDF 1.4,"['https://gcfv.georgia.gov/resources/strangulation-assault-training#main-content', 'https://gcfv.georgia.gov/resources/strangulation-assault-training']",['7\xa0Strangulation Training Video Flyer.pdf'],Brochure,0.28205010294914246
download,https://gcfv.georgia.gov/document/document/applicant-privacy-rights-signature-form/download,74.3KB,74.2978515625,2021-04-26 11:04:04,"Mefferd, Melissa",,,2021-04-26 11:04:04,Adobe PDF Library 15.0,1,0,0,PDF 1.5,"['https://gcfv.georgia.gov/family-violence-intervention-programs/fvip-certification/fvip-facilitator-certification', 'https://gcfv.georgia.gov/family-violence-intervention-programs/fvip-certification/fvip-facilitator-certification#main-content', 'https://gcfv.georgia.gov/family-violence-intervention-programs/fvip-certification/fvip-provider-certification-0#main-content', 'https://gcfv.georgia.gov/family-violence-intervention-programs/fvip-certification/fvip-provider-certification#main-content', 'https://gcfv.georgia.gov/family-violence-intervention-programs/fvip-certification/fvip-provider-certification', 'https://gcfv.georgia.gov/family-violence-intervention-programs/fvip-certification/fvip-provider-certification-0']","['Applicant\xa0Privacy\n \nRights Signature Form', 'Applicant\n \nPrivacy Rights Signature Form']",Form,0.698337972164154
download,https://gcfv.georgia.gov/document/document/gcic-awareness-statement/download,61.5KB,61.5380859375,2016-01-22 15:00:08,Christina Watts,,,2016-01-22 15:00:08,Adobe PDF Library 11.0,1,0,0,PDF 1.5,"['https://gcfv.georgia.gov/family-violence-intervention-programs/fvip-certification/fvip-facilitator-certification', 'https://gcfv.georgia.gov/family-violence-intervention-programs/fvip-certification/fvip-facilitator-certification#main-content', 'https://gcfv.georgia.gov/family-violence-intervention-programs/fvip-certification/fvip-provider-certification-0#main-content', 'https://gcfv.georgia.gov/family-violence-intervention-programs/fvip-certification/fvip-provider-certification#main-content', 'https://gcfv.georgia.gov/family-violence-intervention-programs/fvip-certification/fvip-provider-certification', 'https://gcfv.georgia.gov/family-violence-intervention-programs/fvip-certification/fvip-provider-certification-0']","['GCIC\n \nAwareness Statement', 'GCIC\xa0Awareness\n \nStatement']",Form,0.3976067900657654
download,https://gcfv.georgia.gov/document/document/georgia-drivers-history-consent-form/download,19.5KB,19.453125,2022-06-29 13:00:02,,,,2022-06-29 13:00:02,PFU PDF Library 1.4.1,1,0,1,PDF 1.3,"['https://gcfv.georgia.gov/family-violence-intervention-programs/fvip-certification/fvip-facilitator-certification', 'https://gcfv.georgia.gov/family-violence-intervention-programs/fvip-certification/fvip-facilitator-certification#main-content', 'https://gcfv.georgia.gov/family-violence-intervention-programs/fvip-certification/fvip-provider-certification-0#main-content', 'https://gcfv.georgia.gov/family-violence-intervention-programs/fvip-certification/fvip-provider-certification#main-content', 'https://gcfv.georgia.gov/family-violence-intervention-programs/fvip-certification/fvip-provider-certification', 'https://gcfv.georgia.gov/family-violence-intervention-programs/fvip-certification/fvip-provider-certification-0']","[""Georgia\n \nDriver's History Consent Form"", ""Georgia\xa0Driver's\n \nHistory Consent Form""]",Form,0.6882903575897217
download,https://gcfv.georgia.gov/document/document/name-based-criminal-history-consent-form/download,82.9KB,82.9140625,,,,,2019-06-13 08:03:07,PDFium,1,3,0,PDF 1.7,"['https://gcfv.georgia.gov/family-violence-intervention-programs/fvip-certification/fvip-facilitator-certification', 'https://gcfv.georgia.gov/family-violence-intervention-programs/fvip-certification/fvip-facilitator-certification#main-content', 'https://gcfv.georgia.gov/family-violence-intervention-programs/fvip-certification/fvip-provider-certification-0#main-content', 'https://gcfv.georgia.gov/family-violence-intervention-programs/fvip-certification/fvip-provider-certification#main-content', 'https://gcfv.georgia.gov/family-violence-intervention-programs/fvip-certification/fvip-provider-certification', 'https://gcfv.georgia.gov/family-violence-intervention-programs/fvip-certification/fvip-provider-certification-0']","['Name\xa0Based\n \nCriminal Consent Form', 'Name\n \nBased Criminal Consent Form']",Form,0.6930494904518127
FVIP Virtual Trainings/Meetings Guidelines 5/20/21,https://mcusercontent.com/8be23a3c3bf11272bfacae681/files/e2b447fa-a0de-6259-6f0f-4bcfb529510c/FVIP_Virtual_Trainings_Meetings_Guidelines_5_20_21_2_1_.pdf,22.7KB,22.669921875,,,,,,Skia/PDF m92 Google Docs Renderer,1,0,0,PDF 1.4,"['https://gcfv.georgia.gov/family-violence-intervention-programs/gcfv-approved-training-0', 'https://gcfv.georgia.gov/family-violence-intervention-programs/commission-approved-training#main-content', 'https://gcfv.georgia.gov/family-violence-intervention-programs/commission-approved-training', 'https://gcfv.georgia.gov/family-violence-intervention-programs/fvip-training/commission-approved-training#main-content', 'https://gcfv.georgia.gov/family-violence-intervention-programs/fvip-training/commission-approved-training', 'https://gcfv.georgia.gov/family-violence-intervention-programs/gcfv-approved-training-0#main-content']",['Guidelines for Virtual Trainings and Meetings'],Spreadsheet,0.47852420806884766
FVIP Virtual Trainings/Meetings Guidenlines 7/22/2022,https://mcusercontent.com/8be23a3c3bf11272bfacae681/files/41e2b7d7-6da8-b97f-12bd-ead6d43879b7/FVIP_Virtual_Trainings_Meetings_Guidenlines_7_22_2022_1_.pdf,22.6KB,22.6435546875,,,,,,Skia/PDF m105 Google Docs Renderer,1,0,0,PDF 1.4,"['https://gcfv.georgia.gov/family-violence-intervention-programs/gcfv-approved-training-0', 'https://gcfv.georgia.gov/family-violence-intervention-programs/commission-approved-training#main-content', 'https://gcfv.georgia.gov/family-violence-intervention-programs/commission-approved-training', 'https://gcfv.georgia.gov/family-violence-intervention-programs/fvip-training/commission-approved-training#main-content', 'https://gcfv.georgia.gov/family-violence-intervention-programs/fvip-training/commission-approved-training', 'https://gcfv.georgia.gov/family-violence-intervention-programs/gcfv-approved-training-0#main-content']",['Guidelines for Virtual Trainings and Meetings'],Spreadsheet,0.49773359298706055
GCFV_2017_05_31,https://gcfv.georgia.gov/document/publication/fvtf-and-fvip-map-may-2017pdf/download,892.8KB,892.7666015625,2017-05-31 08:04:05,,,,2017-05-31 08:04:05,Adobe PDF library 15.00,1,1,0,PDF 1.5,"['https://gcfv.georgia.gov/family-violence-task-forces/family-violence-task-force-tool-kit/section-1-introduction#main-content', 'https://gcfv.georgia.gov/family-violence-task-forces/family-violence-task-force-tool-kit/section-7-quick-find-documents', 'https://gcfv.georgia.gov/family-violence-task-forces/family-violence-task-force-tool-kit/section-7-quick-find-documents#main-content', 'https://gcfv.georgia.gov/family-violence-task-forces/family-violence-task-force-tool-kit/section-1-introduction']","['FVTF\xa0and FVIP Map May 2017.pdf', 'FVTF\n \nmap']",Diagram,0.6626831889152527
Task Force Tool Kit,https://gcfv.georgia.gov/document/publication/fvtf-tool-kit-may-2017pdf/download,772.4KB,772.3876953125,2017-06-05 17:03:06,May 2017,"November 19, 2016",,2017-06-05 17:03:06,Microsoft® Word 2010,15,6,11,PDF 1.5,"['https://gcfv.georgia.gov/family-violence-task-forces/family-violence-task-force-tool-kit/section-7-quick-find-documents', 'https://gcfv.georgia.gov/family-violence-task-forces/family-violence-task-force-tool-kit/section-7-quick-find-documents#main-content']",['FVTF\xa0Tool Kit May 2017.pdf'],Report,0.2623724043369293
WHY DOES SHE STAY,https://gcfv.georgia.gov/document/publication/why-does-she-stay-dv-dynamicspdf/download,147.2KB,147.150390625,2017-05-30 14:03:06,GDC,,,2011-10-19 11:01:07,Microsoft® Office Word 2007,2,0,0,PDF 1.5,"['https://gcfv.georgia.gov/family-violence-task-forces/family-violence-task-force-tool-kit/section-7-quick-find-documents', 'https://gcfv.georgia.gov/media-committee#main-content', 'https://gcfv.georgia.gov/family-violence-task-forces/family-violence-task-force-tool-kit/section-7-quick-find-documents#main-content', 'https://gcfv.georgia.gov/media-committee']","['Why\xa0Does She Stay - DV Dynamics.pdf', '“Why\n \nDoes She Stay”']",Policy,0.4260137975215912
download,https://gcfv.georgia.gov/document/publication/family-violence-task-force-meeting-topics-2018-1pdf/download,289.8KB,289.8466796875,2018-06-18 12:03:03,DCDS,,,2018-06-18 12:03:03,Microsoft® Word 2010,1,1,1,PDF 1.5,"['https://gcfv.georgia.gov/family-violence-task-forces/family-violence-task-force-tool-kit/section-7-quick-find-documents', 'https://gcfv.georgia.gov/family-violence-task-forces/family-violence-task-force-tool-kit/section-7-quick-find-documents#main-content']",['Family\xa0Violence Task Force Meeting Topics 2018 (1).pdf'],Diagram,0.28779953718185425
download,https://gcfv.georgia.gov/document/publication/fvtf-education-action-form-1pdf/download,180.5KB,180.5107421875,2018-06-15 08:05:08,DCDS,,,2018-06-15 08:05:08,Microsoft® Word 2010,1,0,2,PDF 1.5,"['https://gcfv.georgia.gov/family-violence-task-forces/family-violence-task-force-tool-kit/section-7-quick-find-documents', 'https://gcfv.georgia.gov/family-violence-task-forces/family-violence-task-force-tool-kit/section-7-quick-find-documents#main-content']",['FVTF\xa0Education in Action Form (1).pdf'],Form,0.6119136810302734
2023 FV Fact Sheet,https://gcfv.georgia.gov/document/document/2023-family-violence-fact-sheet/download,413.1KB,413.076171875,2023-08-16 13:01:04,Carolynn Brooks,,"DAFeZFXLkwI,BAEJYPF7DDY",2023-08-16 13:01:04,Canva,2,1,3,PDF 1.4,"['https://gcfv.georgia.gov/family-violence-fatality-review/current-publications#main-content', 'https://gcfv.georgia.gov/family-violence-fatality-review/current-publications']",['2023\n \nFamily Violence Fact Sheet'],Brochure,0.4681480824947357
download,https://gcfv.georgia.gov/document/document/conference-manual-abbreviatedpdf/download,5.4MB,5540.76953125,2023-09-15 20:05:06,april,,,2023-09-15 20:05:05,DynaPDF 4.0.70.198,12,0,12,PDF 1.7,"['https://gcfv.georgia.gov/past-conferences#main-content', 'https://gcfv.georgia.gov/news-and-events/annual-conference/past-conferences', 'https://gcfv.georgia.gov/past-conferences', 'https://gcfv.georgia.gov/news-and-events/annual-conference/past-conferences#main-content']",['Conference\xa0Manual - abbreviated.pdf'],Report,0.3740563988685608
download,https://gcfv.georgia.gov/document/document/gcfv-2021-conference-manualpdf/download,25.9MB,26514.0263671875,2021-11-04 22:05:01,Niki Lemeshka,,,2021-11-04 22:05:01,Adobe Acrobat Pro DC (32-bit) 21.7.20099,46,24,142,PDF 1.6,"['https://gcfv.georgia.gov/past-conferences#main-content', 'https://gcfv.georgia.gov/news-and-events/annual-conference/past-conferences', 'https://gcfv.georgia.gov/past-conferences', 'https://gcfv.georgia.gov/news-and-events/annual-conference/past-conferences#main-content']",['GCFV-2021-Conference-Manual.pdf'],Report,0.78315669298172
PowerPoint Presentation,https://gcfv.georgia.gov/document/document/gcfv-conference-manual/download,6.4MB,6525.6748046875,2020-09-08 15:04:07,Nicole.lemeshka,,,2020-09-08 15:04:03,Adobe PDF Library 20.12.75,42,4,83,PDF 1.6,"['https://gcfv.georgia.gov/past-conferences#main-content', 'https://gcfv.georgia.gov/news-and-events/annual-conference/past-conferences', 'https://gcfv.georgia.gov/past-conferences', 'https://gcfv.georgia.gov/news-and-events/annual-conference/past-conferences#main-content']",['GCFV\xa0Conference Manual'],Slides,0.9941152334213257
download,https://gcfv.georgia.gov/document/document/manual/download,10.7MB,10966.0712890625,2016-08-25 08:05:01,,,,2016-08-25 08:05:01,Adobe PDF Library 15.0,48,14,35,PDF 1.4,"['https://gcfv.georgia.gov/past-conferences#main-content', 'https://gcfv.georgia.gov/news-and-events/annual-conference/past-conferences', 'https://gcfv.georgia.gov/past-conferences', 'https://gcfv.georgia.gov/news-and-events/annual-conference/past-conferences#main-content']",['Manual'],Report,0.7676854729652405
2024 GCFV Manual,https://gcfv.georgia.gov/document/document/2024-gcfv-manual-5pdf/download,29.9MB,30612.775390625,2024-08-20 15:01:02,aoczkowski27,,"DAGH60_hf7A,BABXhDjT4rw",2024-08-20 15:01:02,Canva,16,7,83,PDF 1.4,"['https://gcfv.georgia.gov/news-and-events/annual-conference/2024-conference-manual', 'https://gcfv.georgia.gov/news-and-events/annual-conference/2024-conference-manual#main-content']",['conference\n \nmanual'],Report,0.48183855414390564
ngn%207-31-24%20Front.pdf,http://www.nganews.com/pdf/ngn%207-31-24%20Front.pdf,2.0MB,2016.2978515625,2024-07-29 14:00:09,,,,2024-07-29 14:00:09,Adobe PDF Library 17.0,3,0,13,PDF 1.6,"['https://gcfv.georgia.gov/news-and-events/dv-news/2024#main-content', 'https://gcfv.georgia.gov/news-and-events/dv-news/2024']","['Gooch exploited relative in nursing home, UCSO says']",Brochure,0.7469215393066406
ngn%2005-31-23%20Front%20&%20Jumps.pdf,https://www.nganews.com/pdf/ngn%2005-31-23%20Front%20&%20Jumps.pdf,6.5MB,6645.65625,2023-05-30 10:04:00,,,,2023-05-30 10:04:00,Adobe PDF Library 17.0,4,0,18,PDF 1.6,"['https://gcfv.georgia.gov/news-and-events/dv-news/2023', 'https://gcfv.georgia.gov/news-and-events/dv-news/2023#main-content']",['Woman charged in alleged slashing of estranged husband'],Brochure,0.48725995421409607
ngn%2008-31-22%20Front%20&%20Jumps.pdf,http://www.nganews.com/pdf/ngn%2008-31-22%20Front%20&%20Jumps.pdf,4.5MB,4588.947265625,2022-08-30 10:02:02,,,,2022-08-30 10:02:02,Adobe PDF Library 8.0,4,1,17,PDF 1.6,"['https://gcfv.georgia.gov/news-and-events/dv-news/2022', 'https://gcfv.georgia.gov/news-and-events/dv-news/2022#main-content']","['Matheson Attempted Murder Trial Set For Tuesday, Sept. 6']",Brochure,0.6614652276039124
ngn%2008-04-21%20Front%20&%20Jumps.pdf,http://www.nganews.com/pdf/ngn%2008-04-21%20Front%20&%20Jumps.pdf,3.3MB,3407.4326171875,2021-08-03 10:05:02,,,,2021-08-03 10:05:02,Adobe PDF Library 8.0,4,1,18,PDF 1.6,"['https://gcfv.georgia.gov/news-and-events/dv-news/2021#main-content', 'https://gcfv.georgia.gov/news-and-events/dv-news/2021']","['Hatchett, 43, dies from injuries sustained in beating']",Brochure,0.5691148042678833
Task Force List 2022,https://gcfv.georgia.gov/document/document/task-force-list-2022/download,114.1KB,114.0693359375,,,,,,Skia/PDF m100 Google Docs Renderer,5,0,5,PDF 1.4,"['https://gcfv.georgia.gov/find-family-violence-task-force#main-content', 'https://gcfv.georgia.gov/find-family-violence-task-force']",['Task\xa0Force List 2022'],Policy,0.3925483226776123
GCADV-TDV-Resource-Guide-Empowering-Youth-Communities-to-End-Teen-Dating-Violence.pdf,https://d3vnvedzfq7zpv.cloudfront.net/content/uploads/20160706131150/GCADV-TDV-Resource-Guide-Empowering-Youth-Communities-to-End-Teen-Dating-Violence.pdf,345.8KB,345.8447265625,2014-10-31 17:01:04,admin,,,2014-10-31 16:05:04,Microsoft® Office Publisher 2007,27,2,17,PDF 1.5,"['https://gcfv.georgia.gov/media-committee', 'https://gcfv.georgia.gov/media-committee#main-content']",['Dating Violence'],Report,0.36406469345092773
Comparative Report Training Flier,https://gcfv.georgia.gov/document/document/training-flier-comparative-analysis-oct-2021pdf/download,729.0KB,728.9609375,2021-08-23 15:01:04,Niki Lemeshka,,"DAEnrE9Ml_4,BAB9IIiAfbQ",2021-08-23 15:01:04,Canva,1,0,8,PDF 1.4,"['https://gcfv.georgia.gov/press-releases/2021-10-18/commission-releases-analysis#main-content', 'https://gcfv.georgia.gov/press-releases/2021-10-18/commission-releases-analysis', 'https://gcfv.georgia.gov/events/2021-10-21/fv-georgia#main-content', 'https://gcfv.georgia.gov/events/2021-10-21/fv-georgia']",['Training\xa0Flier Comparative Analysis Oct 2021.pdf'],Diagram,0.7544172406196594
download,https://gcfv.georgia.gov/document/document/family-violence-georgiacomparitive-analysis-2013-2017pdf/download,1004.4KB,1004.3623046875,2021-10-20 11:05:02,,,,2021-09-29 13:04:04,Adobe Acrobat Pro DC (32-bit) 21.7.20091,38,32,13,PDF 1.7,"['https://gcfv.georgia.gov/press-releases/2021-10-18/commission-releases-analysis#main-content', 'https://gcfv.georgia.gov/press-releases/2021-10-18/commission-releases-analysis']",['Family\xa0Violence in Georgia_Comparitive Analysis 2013-2017.pdf'],Report,0.5824328064918518
Microsoft Word - GCFV and GCADV - Joint Statement on Domestic Violence Resources during COVID-19 crisis.docx,https://gcfv.georgia.gov/document/document/gcfv-and-gcadv-joint-statement-domestic-violence-resources-during-covid-19-crisis/download,119.8KB,119.84375,2020-04-14 15:04:09,,,,2020-04-14 15:04:09,macOS Version 10.14.6 (Build 18G103) Quartz PDFContext,1,1,2,PDF 1.3,"['https://gcfv.georgia.gov/press-releases/2020-04-14/georgia-commission-family-violence-and-georgia-coalition-against-domestic', 'https://gcfv.georgia.gov/press-releases/2020-04-14/georgia-commission-family-violence-and-georgia-coalition-against-domestic#main-content']",['GCFV\xa0and GCADV - Joint Statement on Domestic Violence Resources during COVID-19 Crisis'],Policy,0.25682446360588074
download,https://gcfv.georgia.gov/document/publication/pressrelease2018reportpdf/download,319.3KB,319.3056640625,2018-12-16 19:02:05,Taylor Tabb,,,2018-12-16 19:02:05,Microsoft® Word 2016,2,0,2,PDF 1.5,"['https://gcfv.georgia.gov/press-releases/2018-12-17/final-georgia-fatality-review-report-released-findings-highlight-10-key#main-content', 'https://gcfv.georgia.gov/press-releases/2018-12-17/final-georgia-fatality-review-report-released-findings-highlight-10-key']",['Press_Release_2018_Report.pdf'],Report,0.9430715441703796
download,https://gcfv.georgia.gov/document/publication/faq-fatality-review-project-changespdf/download,238.3KB,238.3154296875,2018-10-29 12:01:07,Nicole Lemeshka,,,2018-10-29 12:01:07,Microsoft® Word 2016,6,4,0,PDF 1.7,"['https://gcfv.georgia.gov/press-releases/2018-10-19/after-15-years-georgia-domestic-violence-fatality-review-project-comes', 'https://gcfv.georgia.gov/press-releases/2018-10-19/after-15-years-georgia-domestic-violence-fatality-review-project-comes#main-content']",['FAQ\xa0Fatality Review Project Changes.pdf'],Procurement,0.3328966498374939
download,https://gcfv.georgia.gov/document/publication/gcfv-june-meeting-news-releasepdf/download,645.9KB,645.93359375,2018-07-16 13:02:09,Jenny.Aszman,,,2018-07-16 13:02:09,Microsoft® Word 2016,2,0,2,PDF 1.7,"['https://gcfv.georgia.gov/press-releases/2018-07-16/georgia-commission-family-violence-holds-quarterly-meeting-whitfield', 'https://gcfv.georgia.gov/press-releases/2018-07-16/georgia-commission-family-violence-holds-quarterly-meeting-whitfield#main-content']",['GCFV\xa0June Meeting News Release.pdf'],Brochure,0.6132099628448486
download,https://gcfv.georgia.gov/document/publication/proposed-fvip-rule-update-june-2018pdf/download,495.4KB,495.412109375,2018-06-19 17:02:09,Mark Guzzi,,,2018-06-19 17:02:09,Microsoft® Word 2016,28,1,0,PDF 1.7,"['https://gcfv.georgia.gov/press-releases/2018-06-21/public-comment-closed-proposed-changes-rules-family-violence-intervention', 'https://gcfv.georgia.gov/press-releases/2018-06-21/public-comment-closed-proposed-changes-rules-family-violence-intervention#main-content']",['Proposed\xa0FVIP Rule Update June 2018.pdf'],Report,0.39292821288108826
download,https://gcfv.georgia.gov/document/publication/2016-domestic-violence-fatality-review-annual-report/download,11.8MB,12064.716796875,2017-03-06 13:02:04,,,,2017-02-24 12:02:07,Adobe PDF Library 15.0,68,3,14,PDF 1.7,"['https://gcfv.georgia.gov/press-releases/2017-03-08/georgia-fatality-review-report-released-findings-highlight-connections', 'https://gcfv.georgia.gov/press-releases/2017-03-08/georgia-fatality-review-report-released-findings-highlight-connections#main-content']",['2016\xa0Domestic Violence Fatality Review Annual Report'],Report,0.9297757744789124
C:\pdf\163568.wpd,https://gcfv.georgia.gov/document/publication/house-resolution-107pdf/download,8.7KB,8.650390625,2017-01-25 14:03:09,LMSTask.Service,,,2017-01-25 14:03:09,Acrobat Distiller 9.0.0 (Windows),2,0,0,PDF 1.5,"['https://gcfv.georgia.gov/press-releases/2017-02-08/georgia-domestic-violence-and-sexual-assault-groups-urge-lawmakers', 'https://gcfv.georgia.gov/press-releases/2017-02-08/georgia-domestic-violence-and-sexual-assault-groups-urge-lawmakers#main-content']",['House\xa0Resolution 107.pdf'],Spreadsheet,0.3530186116695404
C:\pdf\163566.wpd,https://gcfv.georgia.gov/document/publication/senate-resolution-83pdf/download,8.5KB,8.453125,2017-01-25 17:01:02,LMSTask.Service,,,2017-01-25 17:01:02,Acrobat Distiller 9.0.0 (Windows),2,0,0,PDF 1.5,"['https://gcfv.georgia.gov/press-releases/2017-02-08/georgia-domestic-violence-and-sexual-assault-groups-urge-lawmakers', 'https://gcfv.georgia.gov/press-releases/2017-02-08/georgia-domestic-violence-and-sexual-assault-groups-urge-lawmakers#main-content']",['Senate\xa0Resolution 83.pdf'],Spreadsheet,0.3530186116695404
9.18-19.24 LE Symposium Training Flyer,https://gcfv.georgia.gov/document/document/regional-trainingpdf/download,95.3KB,95.3203125,2024-10-04 14:04:00,Carolynn Brooks,,"DAGHXeA9PzQ,BAFn-Igrnb8",2024-10-04 14:04:00,Canva,1,1,1,PDF 1.4,"['https://gcfv.georgia.gov/events/2024-12-06/regional-law-enforcement-training-dalton-ga', 'https://gcfv.georgia.gov/events/2024-12-03/regional-law-enforcement-training-mcdonough-ga', 'https://gcfv.georgia.gov/events/2024-12-03/regional-law-enforcement-training-mcdonough-ga#main-content', 'https://gcfv.georgia.gov/events/2024-12-06/regional-law-enforcement-training-dalton-ga#main-content']",['REGIONAL\xa0TRAINING.pdf'],Flyer,0.9040206074714661
download,https://gcfv.georgia.gov/document/document/trainer-bios-comparative-analysis-oct-2021pdf/download,77.5KB,77.498046875,2021-09-06 21:00:09,Nicole.lemeska,,,2021-09-06 21:00:09,Adobe PDF Library 21.5.92,2,1,0,PDF 1.6,"['https://gcfv.georgia.gov/events/2021-10-21/fv-georgia', 'https://gcfv.georgia.gov/events/2021-10-21/fv-georgia#main-content']",['Trainer\xa0Bios Comparative Analysis Oct 2021.pdf'],Policy,0.23619848489761353
download,https://gcfv.georgia.gov/document/document/men-traumapdf/download,63.5KB,63.5341796875,2024-01-08 11:05:07,,,,2024-01-08 11:05:07,Xerox PrimeLink(TM) C9065,2,0,2,PDF 1.4,"['https://gcfv.georgia.gov/events/2024-05-07/men-trauma-family-violence', 'https://gcfv.georgia.gov/events/2024-05-07/men-trauma-family-violence#main-content']",['Registration\n \nInformation'],Letter,0.2616237699985504
download,https://gcfv.georgia.gov/document/document/men-traumapdf--UNPUBLISHED-document--DO-NOT-SHARE-this-URL--/download,63.5KB,63.5341796875,2024-01-08 11:05:07,,,,2024-01-08 11:05:07,Xerox PrimeLink(TM) C9065,2,0,2,PDF 1.4,"['https://gcfv.georgia.gov/events/2024-03-19/men-trauma-family-violence#main-content', 'https://gcfv.georgia.gov/events/2024-03-19/men-trauma-family-violence']",['Registration\n \nInformation'],Letter,0.2616237699985504
Green Travel Agency Flyer,https://gcfv.georgia.gov/document/document/multidisciplinary-teams-response-sexual-assault/download,1.3MB,1292.751953125,2024-01-26 14:00:02,Brad McKinney,,"DAF7AUAbUtc,BADhWiASBWQ",2024-01-26 18:01:04,Canva,1,0,3,PDF 1.4,"['https://gcfv.georgia.gov/events/2024-02-26/mdt-response-sexual-assault#main-content', 'https://gcfv.georgia.gov/events/2024-02-26/mdt-response-sexual-assault']",['Multidisciplinary\xa0Teams - Response to Sexual Assault'],Flyer,0.8871354460716248
download,https://gcfv.georgia.gov/document/document/ethis-flyerpdf/download,41.3KB,41.3076171875,,,,,2023-11-28 08:04:07,PDFium,1,0,1,PDF 1.7,"['https://gcfv.georgia.gov/events/2023-12-15/ethics-spirit-letter-law-hybrid-training#main-content', 'https://gcfv.georgia.gov/events/2023-12-15/ethics-spirit-letter-law-hybrid-training']",['Ethis\xa0flyer.pdf'],Notice,0.338382750749588
download,https://gcfv.georgia.gov/document/document/batterers-are-not-born-they-are-socializedpdf/download,80.0KB,80.0126953125,2023-02-03 15:05:02,,,,2023-01-09 11:00:03,Xerox PrimeLink(TM) C9065,2,0,2,PDF 1.6,"['https://gcfv.georgia.gov/events/2023-12-14/batterers-are-not-born-they-are-socialized', 'https://gcfv.georgia.gov/events/2023-07-18/batterers-are-not-born-they-are-socialized', 'https://gcfv.georgia.gov/events/2023-11-11/batterers-are-not-born-they-are-socialized', 'https://gcfv.georgia.gov/events/2023-11-11/batterers-are-not-born-they-are-socialized#main-content', 'https://gcfv.georgia.gov/events/2023-12-14/batterers-are-not-born-they-are-socialized#main-content', 'https://gcfv.georgia.gov/events/2023-09-05/batterers-are-not-born-they-are-socialized']",['Registration\n \nInformation'],Policy,0.23644691705703735
download,https://gcfv.georgia.gov/document/document/facilitating-female-family-violence-intervention-groupspdf-0/download,57.1KB,57.0849609375,2022-07-24 20:02:00,,,,2022-07-12 13:02:02,Xerox PrimeLink(TM) C9065,2,0,2,PDF 1.6,"['https://gcfv.georgia.gov/events/2023-10-16/facilitating-female-family-violence-intervention-groups', 'https://gcfv.georgia.gov/events/2023-12-12/facilitating-female-family-violence-intervention-groups', 'https://gcfv.georgia.gov/events/2023-10-16/facilitating-female-family-violence-intervention-groups#main-content', 'https://gcfv.georgia.gov/events/2023-12-12/facilitating-female-family-violence-intervention-groups#main-content']",['Training\n \nFlyer'],Form,0.3538414537906647
download,https://gcfv.georgia.gov/document/document/cognitive-behavior-therapypdf/download,40.7KB,40.65234375,,,,,2023-11-28 08:04:06,PDFium,1,0,1,PDF 1.7,"['https://gcfv.georgia.gov/events/2023-12-08/cognitive-behavior-therapy-hybrid-training#main-content', 'https://gcfv.georgia.gov/events/2023-12-08/cognitive-behavior-therapy-hybrid-training']",['Cognitive\xa0Behavior Therapy.pdf'],Notice,0.3418252468109131
download,https://gcfv.georgia.gov/document/document/motivational-interviewing-flyerpdf/download,40.4KB,40.423828125,,,,,2023-11-28 08:04:05,PDFium,1,0,1,PDF 1.7,"['https://gcfv.georgia.gov/events/2023-12-01/motivational-interviewing-hybrid-training#main-content', 'https://gcfv.georgia.gov/events/2023-12-01/motivational-interviewing-hybrid-training']",['Motivational\xa0Interviewing Flyer.pdf'],Notice,0.338382750749588
download,https://gcfv.georgia.gov/document/publication/stalking-training-january-2016pdf/download,279.5KB,279.5341796875,2015-12-28 09:00:08,Betsy Ramsey,,,2015-12-28 09:00:08,Microsoft® Word 2010,1,0,0,PDF 1.5,"['https://gcfv.georgia.gov/events/2016-01-26/stalking-training#main-content', 'https://gcfv.georgia.gov/events/2016-01-26/stalking-training', 'https://gcfv.georgia.gov/events/2016-01-28/stalking-training', 'https://gcfv.georgia.gov/events/2016-01-28/stalking-training#main-content']",['Stalking\xa0Training January 2016.pdf'],Diagram,0.34240391850471497
download,https://gcfv.georgia.gov/document/document/training-application-men-trauma-and-family-violence-gary-byrd-1pdf/download,67.4KB,67.392578125,2023-02-03 15:04:04,,,,2023-01-09 10:04:06,Xerox PrimeLink(TM) C9065,2,0,2,PDF 1.6,"['https://gcfv.georgia.gov/events/2023-09-14/men-trauma-family-violence', 'https://gcfv.georgia.gov/events/2023-07-12/men-trauma-family-violence', 'https://gcfv.georgia.gov/events/2023-11-16/men-trauma-family-violence', 'https://gcfv.georgia.gov/events/2023-11-16/men-trauma-family-violence#main-content', 'https://gcfv.georgia.gov/events/2023-08-09/men-trauma-family-violence']",['Registration\n \nInformation'],Letter,0.2690799832344055
download,https://gcfv.georgia.gov/document/document/you-made-me-hit-you-addressing-accountability-fv-groupspdf/download,97.6KB,97.6376953125,2022-07-24 19:00:00,,,,2022-07-12 13:02:02,Xerox PrimeLink(TM) C9065,2,0,2,PDF 1.6,"['https://gcfv.georgia.gov/events/2023-08-14/you-made-me-hit-you-addressing-accountability-fv-groups', 'https://gcfv.georgia.gov/events/2023-11-09/you-made-me-hit-you-addressing-accountability-fv-groups#main-content', 'https://gcfv.georgia.gov/events/2023-11-09/you-made-me-hit-you-addressing-accountability-fv-groups']",['Training\n \nFlyer'],Letter,0.2352793663740158
download,https://gcfv.georgia.gov/document/document/flier-human-trafficking-training-gpstc-novemberpdf/download,173.4KB,173.357421875,2023-08-28 11:01:01,,,,2023-08-28 11:00:08,Adobe Acrobat 11.0.23 Image Conversion Plug-in,1,0,1,PDF 1.6,"['https://gcfv.georgia.gov/events/2023-11-06/gpstc-ht#main-content', 'https://gcfv.georgia.gov/events/2023-11-06/gpstc-ht']",['Flier\xa0Human Trafficking Training GPSTC November.pdf'],Diagram,0.37735721468925476
download,https://gcfv.georgia.gov/document/document/understanding-intersection-family-violence-and-substance-use-disorders-2pdf/download,61.6KB,61.5537109375,2022-07-24 22:02:01,,,,2022-07-12 13:01:09,Xerox PrimeLink(TM) C9065,2,0,2,PDF 1.6,"['https://gcfv.georgia.gov/events/2023-07-17/understanding-intersection-family-violence-and-substance-use', 'https://gcfv.georgia.gov/events/2023-10-30/understanding-intersection-family-violence-and-substance-use', 'https://gcfv.georgia.gov/events/2023-10-30/understanding-intersection-family-violence-and-substance-use#main-content']",['Training\xa0Flyer'],Form,0.3033068776130676
Brunswick 2023 Law Enforcement Training,https://gcfv.georgia.gov/document/document/brunswick-2023-regional-fv-trainingpdf/download,4.1MB,4238.2724609375,2023-09-06 03:05:04,Niki Lemeshka,,"DAFtox3uJZo,BAB9IIiAfbQ",2023-09-06 03:05:04,Canva,1,0,8,PDF 1.4,"['https://gcfv.georgia.gov/events/2023-10-06/brunswick-leep-training', 'https://gcfv.georgia.gov/events/2023-10-06/brunswick-leep-training#main-content']",['Brunswick\xa02023 Regional FV Training.pdf'],Brochure,0.2982437014579773
Trainer Bios Week 2,https://gcfv.georgia.gov/document/document/trainer-bios-regional-fv-trainingpdf/download,63.7KB,63.740234375,,,,,,Skia/PDF m119 Google Docs Renderer,2,0,0,PDF 1.4,"['https://gcfv.georgia.gov/events/2023-10-06/brunswick-leep-training#main-content', 'https://gcfv.georgia.gov/events/2023-10-02/2023-athens-leep-training#main-content', 'https://gcfv.georgia.gov/events/2023-10-04/augusta-2023-leep-training', 'https://gcfv.georgia.gov/events/2023-10-02/2023-athens-leep-training', 'https://gcfv.georgia.gov/events/2023-10-06/brunswick-leep-training', 'https://gcfv.georgia.gov/events/2023-10-04/augusta-2023-leep-training#main-content']",['Trainer\xa0Bios - Regional FV Training.pdf'],Letter,0.2616237699985504
Augusta 2023 Law Enforcement Training,https://gcfv.georgia.gov/document/document/augusta-2023-regional-fv-trainingpdf/download,4.1MB,4201.7880859375,2023-09-13 20:03:02,Niki Lemeshka,,"DAFttb7zZX0,BAB9IIiAfbQ",2023-09-13 20:03:02,Canva,1,0,8,PDF 1.4,"['https://gcfv.georgia.gov/events/2023-10-04/augusta-2023-leep-training', 'https://gcfv.georgia.gov/events/2023-10-04/augusta-2023-leep-training#main-content']",['Augusta\xa02023 Regional FV Training.pdf'],Brochure,0.2982437014579773
Athens 2023 Law Enforcement Training,https://gcfv.georgia.gov/document/document/athens-2023-regional-fv-trainingpdf/download,2.6MB,2663.0693359375,,Niki Lemeshka,,"DAFtzdWIQ2M,BAB9IIiAfbQ",2023-09-07 21:01:04,Canva,1,0,1,PDF 1.4,"['https://gcfv.georgia.gov/events/2023-10-02/2023-athens-leep-training', 'https://gcfv.georgia.gov/events/2023-10-02/2023-athens-leep-training#main-content']",['Athens\xa02023 Regional FV Training.pdf'],Flyer,0.39342087507247925
A-Discussion-on-the-Duluth-Curriculum-with-Ellen-and-Luis.pdf,https://www.theduluthmodel.org/wp-content/uploads/2017/03/A-Discussion-on-the-Duluth-Curriculum-with-Ellen-and-Luis.pdf,536.9KB,536.8974609375,2016-07-08 08:05:04,lstavnes,,,2016-07-08 08:05:04,Microsoft® Office Word 2007,35,1,1,PDF 1.5,"['https://gcfv.georgia.gov/events/2023-09-26/creating-process-change-men-who-batter-comprehensive', 'https://gcfv.georgia.gov/events/2023-09-26/creating-process-change-men-who-batter-comprehensive#main-content', 'https://gcfv.georgia.gov/events/2023-07-17/creating-process-change-men-who-batter-comprehensive']",['A Discussion on the Duluth Curriculum with Ellen and Luis'],Report,0.7199724316596985
The-Development-of-the-Power-and-Control.pdf,https://www.theduluthmodel.org/wp-content/uploads/2017/03/The-Development-of-the-Power-and-Control.pdf,229.5KB,229.4677734375,2016-07-08 09:00:09,lstavnes,,,2016-07-08 09:00:09,Microsoft® Office Word 2007,2,1,1,PDF 1.5,"['https://gcfv.georgia.gov/events/2023-09-26/creating-process-change-men-who-batter-comprehensive', 'https://gcfv.georgia.gov/events/2023-09-26/creating-process-change-men-who-batter-comprehensive#main-content', 'https://gcfv.georgia.gov/events/2023-07-17/creating-process-change-men-who-batter-comprehensive']",['The Development of the Power and Control'],Policy,0.5594614744186401
Duluth Model,https://www.theduluthmodel.org/wp-content/uploads/2017/03/The-Duluth-Model.pdf,189.0KB,189.0146484375,2016-07-08 08:05:04,Martha McMahon,Written by: Ellen Pence,,2016-07-08 08:05:04,Microsoft® Office Word 2007,4,1,1,PDF 1.5,"['https://gcfv.georgia.gov/events/2023-09-26/creating-process-change-men-who-batter-comprehensive', 'https://gcfv.georgia.gov/events/2023-09-26/creating-process-change-men-who-batter-comprehensive#main-content', 'https://gcfv.georgia.gov/events/2023-07-17/creating-process-change-men-who-batter-comprehensive']",['The Duluth Model'],Brochure,0.44251367449760437
registration-and-order-form.pdf,https://www.theduluthmodel.org/wp-content/uploads/2017/03/registration-and-order-form.pdf,56.0KB,55.9638671875,2017-12-06 12:05:04,,,,2017-12-06 12:05:04,RICOH MP C3004,1,0,1,PDF 1.4,"['https://gcfv.georgia.gov/events/2023-09-26/creating-process-change-men-who-batter-comprehensive', 'https://gcfv.georgia.gov/events/2023-08-15/coordinated-community-response-duluth-model-online-ccr-training', 'https://gcfv.georgia.gov/events/2023-09-26/creating-process-change-men-who-batter-comprehensive#main-content', 'https://gcfv.georgia.gov/events/2023-07-17/creating-process-change-men-who-batter-comprehensive']",['registration and order form'],Form,0.9946182370185852
download,https://gcfv.georgia.gov/document/publication/lanier-le-training-flyer-2016pdf/download,148.7KB,148.6826171875,2016-05-17 16:01:01,AszmanJ,,,2016-05-17 16:01:01,Microsoft® PowerPoint® 2010,1,0,0,PDF 1.5,"['https://gcfv.georgia.gov/events/2016-06-02/law-enforcement-training', 'https://gcfv.georgia.gov/events/2016-06-02/law-enforcement-training#main-content']",['Lanier\xa0LE Training Flyer 2016.pdf'],Diagram,0.455437570810318
download,https://gcfv.georgia.gov/document/publication/cultural-center-flyerpdf/download,342.1KB,342.0859375,2016-04-15 15:00:05,Leo Martinez,,,2016-04-15 15:00:05,Microsoft® Publisher 2010,1,1,1,PDF 1.5,"['https://gcfv.georgia.gov/events/2016-05-18/culture-center-cultural-competence-coordinated-community-response-stakeholders#main-content', 'https://gcfv.georgia.gov/events/2016-05-18/culture-center-cultural-competence-coordinated-community-response-stakeholders']",['Cultural\xa0at the Center Flyer.pdf'],Diagram,0.7584960460662842
download,https://gcfv.georgia.gov/document/publication/rockdale-le-training-flyer-2016pdf/download,30.8KB,30.8310546875,2016-03-28 12:01:06,FerrellJ,,,2016-03-28 12:01:06,Microsoft® PowerPoint® 2010,1,0,0,PDF 1.5,"['https://gcfv.georgia.gov/events/2016-05-05/law-enforcement-training', 'https://gcfv.georgia.gov/events/2016-05-05/law-enforcement-training#main-content']",['Rockdale\xa0LE Training Flyer 2016.pdf'],Notice,0.17020852863788605
download,https://gcfv.georgia.gov/document/publication/hall-le-training-flyer-2016pdf/download,57.1KB,57.060546875,2016-04-19 10:05:09,Jennifer Thomas,,,2016-04-19 10:05:09,Microsoft® PowerPoint® 2013,1,0,0,PDF 1.5,"['https://gcfv.georgia.gov/events/2016-05-04/law-enforcement-training', 'https://gcfv.georgia.gov/events/2016-05-04/law-enforcement-training#main-content']",['Hall\xa0LE Training Flyer 2016.pdf'],Form,0.3867817521095276
download,https://gcfv.georgia.gov/document/publication/vs-training-invitation-letterpdf/download,282.3KB,282.265625,2016-03-17 12:03:05,Victoria Ferguson,,,2016-03-17 12:03:05,Microsoft® Word 2010,1,0,0,PDF 1.5,"['https://gcfv.georgia.gov/events/2016-04-28/abuse-later-life-cross-training-victim-service-providers', 'https://gcfv.georgia.gov/events/2016-04-28/abuse-later-life-cross-training-victim-service-providers#main-content']",['VS\xa0Training Invitation Letter.pdf'],Diagram,0.32001549005508423
download,https://gcfv.georgia.gov/document/publication/fvip-and-substance-abuse-42716pdf/download,84.9KB,84.9130859375,2016-03-17 12:03:09,AszmanJ,,,2016-03-17 12:03:09,Microsoft® Word 2010,1,0,0,PDF 1.5,"['https://gcfv.georgia.gov/events/2016-04-27/family-violence-and-substance-abuse-coordinated-community-response#main-content', 'https://gcfv.georgia.gov/events/2016-04-27/family-violence-and-substance-abuse-coordinated-community-response']",['FVIP\xa0and Substance Abuse 4.27.16.pdf'],Spreadsheet,0.23940634727478027
download,https://gcfv.georgia.gov/document/publication/safety-first-42616pdf/download,342.0KB,342.01953125,2016-03-17 16:04:09,Leo Martinez,,,2016-03-17 16:04:09,Microsoft® Publisher 2010,1,1,1,PDF 1.5,"['https://gcfv.georgia.gov/events/2016-04-26/safety-first-incorporating-fatality-review-and-lethality-indicators-fvip-work#main-content', 'https://gcfv.georgia.gov/events/2016-04-26/safety-first-incorporating-fatality-review-and-lethality-indicators-fvip-work']",['Safety\xa0First 4.26.16.pdf'],Diagram,0.6219435930252075
download,https://gcfv.georgia.gov/document/publication/cowetacountyletrainingflyer2016pdf/download,35.9KB,35.890625,,,,,,Skia/PDF m55,1,0,0,PDF 1.5,"['https://gcfv.georgia.gov/events/2016-10-28/law-enforcement-training', 'https://gcfv.georgia.gov/events/2016-10-28/law-enforcement-training#main-content']",['CowetaCountyLETrainingFlyer2016.pdf'],Notice,0.24858950078487396
download,https://gcfv.georgia.gov/document/publication/bartowcountyletrainingflyer2016pdf/download,35.8KB,35.8212890625,,,,,,Skia/PDF m54,1,0,0,PDF 1.5,"['https://gcfv.georgia.gov/events/2016-10-27/law-enforcement-training', 'https://gcfv.georgia.gov/events/2016-10-27/law-enforcement-training#main-content']",['BartowCountyLETrainingFlyer2016.pdf'],Notice,0.24858950078487396
“Behind Closed Doors; Love Shouldn’t Hurt”,https://gcfv.georgia.gov/document/publication/valdosta-dv-conference-2016-flyer-registration-formpdf/download,783.9KB,783.8798828125,2016-10-04 12:00:03,redirect,,,2016-10-04 12:00:03,Microsoft® Word 2010,2,0,5,PDF 1.5,"['https://gcfv.georgia.gov/events/2016-10-27/lowndes-county-family-violence-conference', 'https://gcfv.georgia.gov/events/2016-10-27/lowndes-county-family-violence-conference#main-content']",['Valdosta\xa0DV Conference 2016 Flyer & Registration Form.pdf'],Form,0.5863372683525085
download,https://gcfv.georgia.gov/document/publication/awarness-walk-flyerpdf/download,233.0KB,233.00390625,2016-09-23 14:03:02,Cynthia Valdez,,,2016-09-23 14:03:02,Microsoft® Publisher 2010,1,0,2,PDF 1.5,"['https://gcfv.georgia.gov/events/2016-10-22/domestic-violence-awareness-walk#main-content', 'https://gcfv.georgia.gov/events/2016-10-22/domestic-violence-awareness-walk']",['Awarness\xa0Walk Flyer.pdf'],Diagram,0.2896759510040283
"AGENDA- AUGUST 11,2015",https://gcfv.georgia.gov/document/publication/fvip-training-flier-resistancepdf/download,9.7KB,9.685546875,2016-10-11 19:03:03,Griffeth Manor HOA,,,2016-10-11 19:03:03,,1,0,0,PDF 1.5,"['https://gcfv.georgia.gov/events/2016-10-20/reducing-resistance-batterer-fvips#main-content', 'https://gcfv.georgia.gov/events/2016-10-20/reducing-resistance-batterer-fvips']",['fvip\xa0training flier resistance.pdf'],Agenda,0.7793147563934326
download,https://gcfv.georgia.gov/document/publication/dv-conference-registration-flyer-2016pdf/download,459.9KB,459.88671875,2016-08-30 10:05:00,Sarah Walker,,,2016-08-30 10:05:00,Microsoft® Publisher 2010,4,1,5,PDF 1.5,"['https://gcfv.georgia.gov/events/2016-10-14/conasauga-family-violence-alliance-annual-conference', 'https://gcfv.georgia.gov/events/2016-10-14/conasauga-family-violence-alliance-annual-conference#main-content']",['DV\xa0Conference Registration Flyer 2016.pdf'],Brochure,0.6091387271881104
download,https://gcfv.georgia.gov/document/publication/ga-strangulation-training-flyer-vs-3pdf/download,274.6KB,274.638671875,2016-08-30 11:01:04,Melissa Mack,,,2016-08-30 11:01:04,Microsoft® Word 2013,1,0,3,PDF 1.5,"['https://gcfv.georgia.gov/events/2016-10-12/identifying-investigating-and-prosecuting-domestic-violence-strangulation-cases#main-content', 'https://gcfv.georgia.gov/events/2016-10-12/identifying-investigating-and-prosecuting-domestic-violence-strangulation-cases', 'https://gcfv.georgia.gov/events/2016-10-14/identifying-investigating-and-prosecuting-domestic-violence-strangulation-cases', 'https://gcfv.georgia.gov/events/2016-10-14/identifying-investigating-and-prosecuting-domestic-violence-strangulation-cases#main-content']",['GA\xa0Strangulation Training Flyer vs 3.pdf'],Diagram,0.3198089897632599
download,https://gcfv.georgia.gov/document/publication/beyond-bruisingpdf/download,364.9KB,364.8603515625,2016-08-08 23:01:03,"Wilson, Chandra",,,2016-08-08 23:01:03,Microsoft® Publisher 2010,1,0,4,PDF 1.5,"['https://gcfv.georgia.gov/events/2016-09-01/beyond-bruising-conference#main-content', 'https://gcfv.georgia.gov/events/2016-09-01/beyond-bruising-conference']",['Beyond\xa0the Bruising.pdf'],Diagram,0.8110145330429077
download,https://gcfv.georgia.gov/document/publication/houstonletrainingflyerpdf/download,41.2KB,41.15625,,,,,,Skia/PDF m54,1,0,0,PDF 1.5,"['https://gcfv.georgia.gov/events/2016-08-26/law-enforcement-training', 'https://gcfv.georgia.gov/events/2016-08-26/law-enforcement-training#main-content']",['HoustonLETrainingFlyer.pdf'],Notice,0.3418252468109131
download,https://gcfv.georgia.gov/document/publication/fayetteletrainingflyer-3pdf/download,43.6KB,43.564453125,,,,,,Skia/PDF m53,1,0,0,PDF 1.5,"['https://gcfv.georgia.gov/events/2016-07-26/law-enforcement-training', 'https://gcfv.georgia.gov/events/2016-07-26/law-enforcement-training#main-content']",['FayetteLETrainingFlyer\xa0(3).pdf'],Notice,0.36920425295829773
download,https://gcfv.georgia.gov/document/publication/lethality-training-630pdf/download,285.6KB,285.5947265625,2016-05-25 13:04:04,DCDS,,,2016-05-25 13:04:04,Microsoft® Word 2010,1,1,3,PDF 1.5,"['https://gcfv.georgia.gov/events/2016-06-30/safety-first-incorporating-fatality-review-findings-and-lethality-indicators-fvip', 'https://gcfv.georgia.gov/events/2016-06-30/safety-first-incorporating-fatality-review-findings-and-lethality-indicators-fvip#main-content']",['Lethality\xa0Training 6.30.pdf'],Brochure,0.5574690103530884
download,https://gcfv.georgia.gov/document/document/trainer-bios-2023-law-enforcement-trainingpdf/download,99.5KB,99.5,2023-07-24 12:04:01,,,,2023-07-24 12:04:01,Adobe PDF Library 23.3.20,2,0,0,PDF 1.6,"['https://gcfv.georgia.gov/events/2023-08-24/albany-training', 'https://gcfv.georgia.gov/events/2023-08-22/canton-training', 'https://gcfv.georgia.gov/events/2023-08-23/gpstc-training']",['Trainer\xa0Bios - 2023 Law Enforcement Training.pdf'],Letter,0.23726622760295868
2023 Law Enforcement Training,https://gcfv.georgia.gov/document/document/2023-law-enforcement-trainingpdf/download,1.2MB,1226.1875,2023-07-24 12:03:05,Niki Lemeshka,,"DAFpHGXkbjo,BAB9IIiAfbQ",2023-07-19 22:03:06,Canva,1,0,8,PDF 1.6,"['https://gcfv.georgia.gov/events/2023-08-24/albany-training', 'https://gcfv.georgia.gov/events/2023-08-22/canton-training', 'https://gcfv.georgia.gov/events/2023-08-23/gpstc-training']",['2023\xa0Law Enforcement Training.pdf'],Brochure,0.2402614951133728
download,https://gcfv.georgia.gov/document/publication/lgbtq-flyerpdf/download,178.9KB,178.888671875,2016-10-25 16:01:08,"Merchant, Farhaan G",,,2016-10-25 16:01:08,Microsoft® Word 2010,1,0,3,PDF 1.5,['https://gcfv.georgia.gov/events/2016-11-16/culturally-appropriate-interventions-when-working-lgbtq-victims-crime'],['LGBTQ\xa0Flyer.pdf'],Diagram,0.34815648198127747
download,https://gcfv.georgia.gov/document/publication/piedmontletrainingflyer2016pdf/download,36.3KB,36.267578125,,,,,,Skia/PDF m54,1,0,0,PDF 1.5,['https://gcfv.georgia.gov/events/2016-11-16/law-enforcement-training'],['PiedmontLETrainingFlyer2016.pdf'],Notice,0.24858950078487396
download,https://gcfv.georgia.gov/document/publication/northenotahletrainingflyer2016pdf/download,38.3KB,38.34765625,,,,,,Skia/PDF m55,1,0,0,PDF 1.5,['https://gcfv.georgia.gov/events/2016-11-14/law-enforcement-training-1'],['NorthEnotahLETrainingFlyer2016.pdf'],Notice,0.3356403708457947
download,https://gcfv.georgia.gov/document/publication/dv-family-law-cases-cle-agendapdf/download,426.0KB,425.98828125,2016-08-25 14:03:04,Julia Black,,,2016-08-25 14:03:04,Microsoft® Word 2010,1,0,1,PDF 1.5,['https://gcfv.georgia.gov/events/2016-11-02/domestic-violence-family-law-cases'],['DV-in-Family-Law-Cases-CLE-Agenda.pdf'],Diagram,0.7235776782035828
download,https://gcfv.georgia.gov/document/publication/training-strangulation-assault-webinar-january-2017pdf/download,126.3KB,126.271484375,2017-01-04 10:03:07,Associate Director,,,2017-01-04 10:03:07,Microsoft® Word 2016,1,0,0,PDF 1.5,"['https://gcfv.georgia.gov/events/2017-01-17/webinar-training-strangulation-assault', 'https://gcfv.georgia.gov/events/2017-01-10/webinar-training-strangulation-assault']",['Training\xa0on Strangulation Assault Webinar January 2017.pdf'],Letter,0.29218828678131104
