file_name,url,file_size,file_size_kilobytes,last_modified_date,author,subject,keywords,creation_date,producer,number_of_pages,number_of_tables,number_of_images,version,source,text_around_link,predicted_category,predicted_category_confidence
download,https://gefa.georgia.gov/document/document/nondiscrimination-public-notice-english/download,420.7KB,420.6630859375,2025-04-08 16:02:02,Glendale Jones,,,2025-04-08 16:02:00,Adobe PDF Library 25.1.211,2,0,1,PDF 1.6,"['https://gefa.georgia.gov/water-programs#main-content', 'https://gefa.georgia.gov/water-programs', 'https://gefa.georgia.gov/energy-programs', 'https://gefa.georgia.gov/energy-programs#main-content']",['Nondiscrimination\n \nPublic Notice'],Brochure,0.6768397688865662
download,https://gefa.georgia.gov/document/document/nondiscrimination-grievance-procedure-english/download,309.8KB,309.79296875,2025-04-17 09:05:06,Glendale Jones,,,2025-04-17 09:05:06,Adobe PDF Library 25.1.211,4,0,1,PDF 1.6,"['https://gefa.georgia.gov/water-programs#main-content', 'https://gefa.georgia.gov/water-programs', 'https://gefa.georgia.gov/energy-programs', 'https://gefa.georgia.gov/energy-programs#main-content']",['Nondiscrimination\n \nGrievance Procedure'],Brochure,0.5579208135604858
download,https://gefa.georgia.gov/document/document/nondiscrimination-complaint-form-english/download,208.0KB,208.037109375,2025-04-17 09:01:09,Charlotte Banks,,,2025-03-07 15:04:05,Adobe PDF Library 24.5.197,2,3,0,PDF 1.6,"['https://gefa.georgia.gov/water-programs#main-content', 'https://gefa.georgia.gov/water-programs', 'https://gefa.georgia.gov/energy-programs', 'https://gefa.georgia.gov/energy-programs#main-content']",['Nondiscrimination\n \nGrievance Procedure Complaint Form'],Form,0.6748169660568237
download,https://gefa.georgia.gov/document/document/2025-weatherization-state-plan/download,1.3MB,1346.4326171875,2025-01-28 09:02:00,Eneesha Maynor,,,2025-01-27 09:01:02,Adobe Acrobat Pro (64-bit) 24.5.20320,49,37,2,PDF 1.7,"['https://gefa.georgia.gov/weatherization-assistance-program#main-content', 'https://gefa.georgia.gov/weatherization-assistance-program']",['2025\n \nWeatherization Assistance Program State Plan- Draft'],Report,0.823401927947998
download,https://gefa.georgia.gov/document/document/2024-weatherization-state-plan-draft/download,1.9MB,1928.33203125,2024-01-23 20:05:09,Eneesha Maynor,,,2024-01-19 14:03:01,Adobe Acrobat Pro (64-bit) 23.8.20470,63,79,2,PDF 1.6,"['https://gefa.georgia.gov/weatherization-assistance-program#main-content', 'https://gefa.georgia.gov/weatherization-assistance-program']",['2024\n \nWeatherization Assistance Program State Plan- Draft'],Report,0.814114511013031
download,https://gefa.georgia.gov/document/document/2023-weatherization-state-plan/download,737.3KB,737.3447265625,2024-02-01 12:05:01,Eneesha Maynor,,,2023-06-14 16:01:06,Adobe Acrobat Pro (32-bit) 23.1.20174,45,39,2,PDF 1.6,"['https://gefa.georgia.gov/weatherization-assistance-program#main-content', 'https://gefa.georgia.gov/weatherization-assistance-program']",['2023\n \nWeatherization Assistance Program State Plan'],Report,0.8030110001564026
download,https://gefa.georgia.gov/document/document/2022-weatherization-assistance-program-state-plan/download,738.3KB,738.2841796875,2022-07-19 17:04:00,Eneesha Maynor,,,2022-07-19 10:05:00,Adobe Acrobat Pro DC (32-bit) 22.1.20169,42,35,1,PDF 1.6,"['https://gefa.georgia.gov/weatherization-assistance-program#main-content', 'https://gefa.georgia.gov/weatherization-assistance-program']",['2022\xa0Weatherization\n \nAssistance Program State Plan'],Report,0.807468593120575
download,https://gefa.georgia.gov/document/document/eecbg-application-guidance/download,193.0KB,193.0390625,2024-01-24 11:03:03,"DeVore, Amanda",,,2024-01-22 11:01:06,Adobe PDF Library 23.8.246,16,0,0,PDF 1.6,"['https://gefa.georgia.gov/energy-resources/energy-efficiency-and-conservation-block-grant#main-content', 'https://gefa.georgia.gov/energy-resources/energy-efficiency-and-conservation-block-grant']",['EECBG\n \nProgram Application Guidance'],Form,0.44409874081611633
download,https://gefa.georgia.gov/document/document/eecbg-sample-application-template-general-communities/download,126.7KB,126.7314453125,2024-01-24 11:03:02,"Brown, Charlette",,merged,2024-01-22 11:05:04,Adobe PDF Library 23.8.246,5,0,10,PDF 1.6,"['https://gefa.georgia.gov/energy-resources/energy-efficiency-and-conservation-block-grant#main-content', 'https://gefa.georgia.gov/energy-resources/energy-efficiency-and-conservation-block-grant']",['Sample\n \nApplication Template - General Community'],Form,0.6270252466201782
download,https://gefa.georgia.gov/document/document/eecbg-sample-application-template-priority-communities/download,103.9KB,103.896484375,2024-01-24 11:03:01,"Brown, Charlette",,merged,2024-01-19 09:05:03,Adobe PDF Library 23.8.246,4,0,8,PDF 1.6,"['https://gefa.georgia.gov/energy-resources/energy-efficiency-and-conservation-block-grant#main-content', 'https://gefa.georgia.gov/energy-resources/energy-efficiency-and-conservation-block-grant']",['Sample\n \nApplication Template - Priority Community'],Form,0.5631420016288757
PowerPoint Presentation,https://gefa.georgia.gov/document/document/eecbg-webinar-february-2024/download,469.1KB,469.1376953125,2024-03-06 15:02:07,Kristofor Anderson,,,2024-03-06 15:02:07,Adobe PDF Library 23.8.75,24,0,5,PDF 1.6,"['https://gefa.georgia.gov/energy-resources/energy-efficiency-and-conservation-block-grant#main-content', 'https://gefa.georgia.gov/energy-resources/energy-efficiency-and-conservation-block-grant']",['Webinar\n \npresentation'],Slides,0.9951311349868774
112038_WIP_FS_ESPC_Guarantee_AREVALO_FZ.indd,https://www.energy.gov/sites/prod/files/2019/02/f59/understanding-espc-savings-guarantee.pdf,604.3KB,604.3095703125,2019-02-01 11:02:09,,,,2019-02-01 10:01:08,Adobe PDF Library 15.0,2,0,0,PDF 1.3,"['https://gefa.georgia.gov/energy-programs/energy-performance-contracting', 'https://gefa.georgia.gov/energy-performance-contracting', 'https://gefa.georgia.gov/energy-programs/energy-performance-contracting#main-content', 'https://gefa.georgia.gov/energy-performance-contracting#main-content']",['Understanding your ESPC savings guarantee'],Brochure,0.33820363879203796
GESPC Project List 02122020.xlsx,https://gefa.georgia.gov/document/document/energy-performance-contracting-project-list/download,9.2KB,9.1865234375,2020-07-13 16:03:09,Shix,,,2020-07-13 16:03:09,Acrobat Distiller 17.0 (Windows),1,1,0,PDF 1.5,"['https://gefa.georgia.gov/energy-programs/energy-performance-contracting', 'https://gefa.georgia.gov/energy-performance-contracting', 'https://gefa.georgia.gov/energy-programs/energy-performance-contracting#main-content', 'https://gefa.georgia.gov/energy-performance-contracting#main-content']",['Energy\xa0Performance Contracting Project List'],Spreadsheet,0.6970123648643494
download,https://gefa.georgia.gov/document/document/lslrp-serp/download,61.5KB,61.466796875,2023-09-14 14:00:07,"Patel, Asmita",,,2023-08-08 14:01:08,Microsoft® Word for Microsoft 365,1,0,9,PDF 1.7,"['https://gefa.georgia.gov/water-programs/lead-service-line-replacement-program', 'https://gefa.georgia.gov/water-programs/lead-service-line-replacement-program#main-content']","['LSL\n \nReplacement SERP Workflow Chart', 'LSL\n \nInventory SERP Workflow Chart']",Form,0.3591275215148926
Microsoft Word - ECF for Lead and Copper inventory projects (002),https://gefa.georgia.gov/document/document/lslrp-inventory-projects-environmental-certification-form/download,107.5KB,107.4541015625,2023-09-15 15:00:08,lgolphin,,,2023-09-12 15:04:02,Acrobat Distiller 23.0 (Windows),1,6,1,PDF 1.6,"['https://gefa.georgia.gov/water-programs/lead-service-line-replacement-program', 'https://gefa.georgia.gov/water-programs/lead-service-line-replacement-program#main-content']",['LSL\n \nEnvironmental Certification Form (ECF)'],Form,0.7722792029380798
request.pdf,https://gefa.georgia.gov/document/document/lslrp-dwsrf-inspection-guidelines/download,31.6KB,31.572265625,2023-09-15 15:02:00,lgolphin,,,2023-09-12 16:03:02,Acrobat Distiller 23.0 (Windows),1,0,0,PDF 1.6,"['https://gefa.georgia.gov/water-programs/lead-service-line-replacement-program', 'https://gefa.georgia.gov/water-programs/lead-service-line-replacement-program#main-content']",['DWSRF\n \nLSL Program Inspection Guidelines'],Form,0.22904351353645325
Microsoft Word - Drawdown Form Rev. 7.24,https://gefa.georgia.gov/document/document/lead-service-line-replacement-program-loan-draw-form/download,235.8KB,235.828125,2024-08-02 16:05:06,Lisa Golphin,,,2024-08-02 12:04:05,Microsoft: Print To PDF,1,2,3,PDF 1.7,"['https://gefa.georgia.gov/water-programs/lead-service-line-replacement-program', 'https://gefa.georgia.gov/water-programs/lead-service-line-replacement-program#main-content']",['Loan\n \nDrawdown Form'],Form,0.9892071485519409
download,https://gefa.georgia.gov/document/document/lslrp-srf-davis-bacon-subrecipient-compliance-report/download,22.8KB,22.8251953125,2023-09-14 14:03:05,Tom Roos,,,2020-01-02 11:00:02,Adobe PDF Library 15.0,2,0,0,PDF 1.5,"['https://gefa.georgia.gov/water-programs/lead-service-line-replacement-program', 'https://gefa.georgia.gov/water-programs/lead-service-line-replacement-program#main-content']",['Davis-Bacon\n \nSubrecipient Compliance Report'],Report,0.8446744680404663
download,https://gefa.georgia.gov/document/document/lslrp-consultant-engineers-certification-form/download,30.0KB,29.998046875,2024-03-08 12:00:09,jan1,,,2019-05-17 10:03:07,Adobe PDF Library 15.0,1,0,1,PDF 1.5,"['https://gefa.georgia.gov/water-programs/lead-service-line-replacement-program', 'https://gefa.georgia.gov/water-programs/lead-service-line-replacement-program#main-content']","[""Engineer's\n \nCertification Form""]",Form,0.7715604305267334
FY2022  LSLR Funding Projections - 7.20.23.xlsx,https://gefa.georgia.gov/document/document/lslrp-fy22-grants-loans-project-numbers/download,77.9KB,77.8720703125,2023-09-15 15:02:02,lgolphin,,,2023-08-10 12:00:03,Acrobat Distiller 23.0 (Windows),5,5,0,PDF 1.6,"['https://gefa.georgia.gov/water-programs/lead-service-line-replacement-program', 'https://gefa.georgia.gov/water-programs/lead-service-line-replacement-program#main-content']",['FY22\n \nGrant awardees for LSLRP inventories'],Spreadsheet,0.5551429986953735
download,https://gefa.georgia.gov/document/document/financing-conservation-projects/download,328.7KB,328.7041015625,2021-06-08 09:04:06,Kevin Kelly,,,2021-06-08 09:04:06,Adobe PDF Library 21.1.187,8,11,2,PDF 1.6,"['https://gefa.georgia.gov/water-resources/water-conservation-financing', 'https://gefa.georgia.gov/water-resources/water-conservation-financing#main-content', 'https://gefa.georgia.gov/water-resources/loan-documents#main-content', 'https://gefa.georgia.gov/loan-documents#main-content', 'https://gefa.georgia.gov/water-resources/loan-documents', 'https://gefa.georgia.gov/loan-documents', 'https://gefa.georgia.gov/water-programs/water-infrastructure-financing/loan-documents', 'https://gefa.georgia.gov/water-programs/water-infrastructure-financing/loan-documents#main-content']","['Conservation\n \nFinancing Options', 'here']",Policy,0.2195979207754135
download,https://gefa.georgia.gov/document/document/waterfirst-designated-communitiespdf/download,90.5KB,90.4658203125,2024-05-14 11:01:00,Amanda DeVore,,,2021-09-23 16:00:03,Microsoft® Word for Microsoft 365,1,1,1,PDF 1.7,"['https://gefa.georgia.gov/water-resources/waterfirst', 'https://gefa.georgia.gov/waterfirst', 'https://gefa.georgia.gov/water-resources/waterfirst#main-content', 'https://gefa.georgia.gov/waterfirst#main-content']",['WaterFirst\n \nDesignated Communities'],Brochure,0.26028236746788025
Copy of GEFA Loan Portal -,https://gefa.georgia.gov/document/document/gefa-loan-application-sample/download,858.7KB,858.693359375,2025-01-29 15:02:01,,,,2025-01-24 19:01:03,Skia/PDF m132,11,10,0,PDF 1.6,"['https://gefa.georgia.gov/application-process-0#main-content', 'https://gefa.georgia.gov/application-process', 'https://gefa.georgia.gov/application-process-0', 'https://gefa.georgia.gov/application-process#main-content', 'https://gefa.georgia.gov/water-programs/application-process', 'https://gefa.georgia.gov/water-programs/application-process#main-content']",['Sample\n \nLoan Application'],Form,0.6817921996116638
Copy of GEFA GRANT Applicat... -,https://gefa.georgia.gov/document/document/gefa-grant-application-sample/download,2.2MB,2293.08203125,2025-05-06 14:00:03,jpatel,,,2025-05-02 11:04:03,Acrobat Distiller 25.0 (Windows),6,7,0,PDF 1.6,"['https://gefa.georgia.gov/application-process-0#main-content', 'https://gefa.georgia.gov/application-process', 'https://gefa.georgia.gov/application-process-0', 'https://gefa.georgia.gov/application-process#main-content', 'https://gefa.georgia.gov/water-programs/application-process', 'https://gefa.georgia.gov/water-programs/application-process#main-content']",['Sample\n \nGrant Application'],Form,0.7140704393386841
download,https://gefa.georgia.gov/document/document/cwsrf-serp/download,1.3MB,1359.193359375,2020-12-18 09:04:07,"Sottile, Kelli-Ann",,,2020-09-02 17:02:06,,5,1,92,PDF 1.7,"['https://gefa.georgia.gov/application-process-0#main-content', 'https://gefa.georgia.gov/application-process', 'https://gefa.georgia.gov/application-process-0', 'https://gefa.georgia.gov/application-process#main-content', 'https://gefa.georgia.gov/water-programs/application-process', 'https://gefa.georgia.gov/water-programs/application-process#main-content']",['CWSRF\n \nSERP'],Brochure,0.2645418047904968
download,https://gefa.georgia.gov/document/document/dwsrf-serp-0/download,201.4KB,201.396484375,2020-12-21 16:02:04,"Patel, Asmita",,,2020-10-28 13:03:07,Microsoft® Word for Office 365,3,14,0,PDF 1.7,"['https://gefa.georgia.gov/application-process-0#main-content', 'https://gefa.georgia.gov/application-process', 'https://gefa.georgia.gov/application-process-0', 'https://gefa.georgia.gov/application-process#main-content', 'https://gefa.georgia.gov/water-programs/application-process', 'https://gefa.georgia.gov/water-programs/application-process#main-content']",['DWSRF\n \nSERP'],Brochure,0.53262859582901
download,https://gefa.georgia.gov/document/document/fy2025-cwsrf-fundable-list/download,156.3KB,156.337890625,2024-08-30 10:05:08,Amanda Carroll,,,2024-08-30 09:02:05,Adobe PDF Library 24.3.86,7,7,0,PDF 1.6,"['https://gefa.georgia.gov/water-programs/fundable-lists#main-content', 'https://gefa.georgia.gov/water-programs/fundable-lists']",['CWSRF\n \nFundable List'],Policy,0.43353042006492615
download,https://gefa.georgia.gov/document/document/fy2025-dwsrf-fundable-list/download,144.4KB,144.380859375,2024-08-30 10:05:09,Amanda Carroll,,,2024-08-30 09:01:08,Adobe PDF Library 24.3.86,4,4,0,PDF 1.6,"['https://gefa.georgia.gov/water-programs/fundable-lists#main-content', 'https://gefa.georgia.gov/water-programs/fundable-lists']",['DWSRF\n \nFundable List'],Policy,0.24436460435390472
download,https://gefa.georgia.gov/document/document/fy-2025-ga-fund-fundable-list/download,79.0KB,79.01953125,2024-08-30 11:00:00,Amanda Carroll,,,2024-08-30 09:02:08,Adobe PDF Library 24.3.86,3,3,0,PDF 1.6,"['https://gefa.georgia.gov/water-programs/fundable-lists#main-content', 'https://gefa.georgia.gov/water-programs/fundable-lists']",['Georgia\n \nFund Fundable List'],Spreadsheet,0.23672233521938324
download,https://gefa.georgia.gov/document/document/fy2024-base-and-supplemental-cwsrf-iup/download,609.8KB,609.8486328125,2024-07-19 18:01:07,jason,,,2024-05-30 12:04:07,Adobe PDF Library 24.2.23,34,21,3,PDF 1.6,"['https://gefa.georgia.gov/water-resources/intended-use-plans#main-content', 'https://gefa.georgia.gov/water-resources/intended-use-plans', 'https://gefa.georgia.gov/water-programs/intended-use-plans#main-content', 'https://gefa.georgia.gov/water-programs/intended-use-plans']",['2024\n \nSupplemental and Base CWSRF IUP'],Report,0.4230108857154846
2000,https://gefa.georgia.gov/document/document/fy2024-base-and-supplemental-dwsrf-iup/download,949.5KB,949.474609375,2024-07-19 18:01:05,"Nawrocki, Steven",,,2024-05-31 14:05:01,Adobe PDF Library 24.2.23,70,59,3,PDF 1.6,"['https://gefa.georgia.gov/water-resources/intended-use-plans#main-content', 'https://gefa.georgia.gov/water-resources/intended-use-plans', 'https://gefa.georgia.gov/water-programs/intended-use-plans#main-content', 'https://gefa.georgia.gov/water-programs/intended-use-plans']",['2024\n \nSupplemental and Base DWSRF IUP'],Report,0.571138858795166
FY2023 LSLR IUP Amended 2nd Draft 3.14.pdf,https://gefa.georgia.gov/document/document/2023-dwsrf-lead-service-line-replacement-iup-finalpdf/download,1.2MB,1210.138671875,2024-04-01 14:05:02,Lisa Golphin,,,2024-04-01 10:01:07,Microsoft: Print To PDF,61,36,11,PDF 1.7,"['https://gefa.georgia.gov/water-resources/intended-use-plans#main-content', 'https://gefa.georgia.gov/water-resources/intended-use-plans', 'https://gefa.georgia.gov/water-programs/intended-use-plans#main-content', 'https://gefa.georgia.gov/water-programs/intended-use-plans']",['2023\xa0DWSRF\n \nLead Service Line Replacement IUP'],Report,0.8752990365028381
2000,https://gefa.georgia.gov/document/document/2023-cwsrf-ec-iup/download,311.0KB,310.994140625,2024-03-07 10:03:08,"Nawrocki, Steven",,,2024-03-06 12:03:06,Microsoft® Word for Microsoft 365,17,14,4,PDF 1.7,"['https://gefa.georgia.gov/water-resources/intended-use-plans#main-content', 'https://gefa.georgia.gov/water-resources/intended-use-plans', 'https://gefa.georgia.gov/water-programs/intended-use-plans#main-content', 'https://gefa.georgia.gov/water-programs/intended-use-plans']",['2023\n \nCWSRF Emerging Contaminants IUP'],Report,0.2840978801250458
download,https://gefa.georgia.gov/document/document/2023-dwsrf-ec-iup/download,283.5KB,283.5029296875,2024-03-07 10:03:07,Jill Causse,,,2024-03-04 11:04:07,Microsoft® Word for Microsoft 365,17,16,3,PDF 1.7,"['https://gefa.georgia.gov/water-resources/intended-use-plans#main-content', 'https://gefa.georgia.gov/water-resources/intended-use-plans', 'https://gefa.georgia.gov/water-programs/intended-use-plans#main-content', 'https://gefa.georgia.gov/water-programs/intended-use-plans']",['2023\n \nDWSRF Emerging Contaminants IUP'],Report,0.25748831033706665
download,https://gefa.georgia.gov/document/document/2023-cwsrf-base-and-supplemental-iup/download,657.1KB,657.0517578125,2023-10-10 12:01:02,jason,,,2023-05-25 15:02:05,Adobe PDF Library 23.1.206,36,25,3,PDF 1.6,"['https://gefa.georgia.gov/water-resources/intended-use-plans#main-content', 'https://gefa.georgia.gov/water-resources/intended-use-plans', 'https://gefa.georgia.gov/water-programs/intended-use-plans#main-content', 'https://gefa.georgia.gov/water-programs/intended-use-plans']",['2023\n \nSupplemental and Base CWSRF IUP'],Report,0.5120096802711487
2000,https://gefa.georgia.gov/document/document/2023-dwsrf-base-and-supplemental-iup/download,883.9KB,883.923828125,2023-10-10 12:00:09,"Nawrocki, Steven",,,2023-05-25 15:02:02,Adobe PDF Library 23.1.206,63,53,3,PDF 1.6,"['https://gefa.georgia.gov/water-resources/intended-use-plans#main-content', 'https://gefa.georgia.gov/water-resources/intended-use-plans', 'https://gefa.georgia.gov/water-programs/intended-use-plans#main-content', 'https://gefa.georgia.gov/water-programs/intended-use-plans']",['2023\n \nSupplemental and Base DWSRF IUP'],Report,0.5544916391372681
download,https://gefa.georgia.gov/document/document/2022-cwsrf-iup/download,550.0KB,550.029296875,2022-09-14 12:03:00,jason,,,2022-09-14 07:03:08,Adobe PDF Library 22.2.244,36,31,4,PDF 1.6,"['https://gefa.georgia.gov/water-resources/intended-use-plans#main-content', 'https://gefa.georgia.gov/water-resources/intended-use-plans', 'https://gefa.georgia.gov/water-programs/intended-use-plans#main-content', 'https://gefa.georgia.gov/water-programs/intended-use-plans']",['2022\n \nCWSRF IUP'],Report,0.5858261585235596
2000,https://gefa.georgia.gov/document/document/2022-dwsrf-iup/download,728.3KB,728.3134765625,2022-09-14 12:02:09,"Nawrocki, Steven",,,2022-09-14 07:05:01,Adobe PDF Library 22.2.244,51,48,4,PDF 1.6,"['https://gefa.georgia.gov/water-resources/intended-use-plans#main-content', 'https://gefa.georgia.gov/water-resources/intended-use-plans', 'https://gefa.georgia.gov/water-programs/intended-use-plans#main-content', 'https://gefa.georgia.gov/water-programs/intended-use-plans']",['2022\n \nDWSRF IUP'],Report,0.6420072317123413
download,https://gefa.georgia.gov/document/document/fy2022-cwsfr-iup/download,1.2MB,1245.5361328125,2023-12-14 09:05:01,jason,,,2022-12-05 12:04:06,Adobe PDF Library 22.3.58,31,20,3,PDF 1.6,"['https://gefa.georgia.gov/water-resources/intended-use-plans#main-content', 'https://gefa.georgia.gov/water-resources/intended-use-plans', 'https://gefa.georgia.gov/water-programs/intended-use-plans#main-content', 'https://gefa.georgia.gov/water-programs/intended-use-plans']",['2022\n \nSupplemental CWSRF IUP'],Report,0.46386396884918213
2000,https://gefa.georgia.gov/document/document/2022-supplemental-dwsrf-iup-0/download,803.9KB,803.912109375,2023-04-23 10:02:09,"Nawrocki, Steven",,,2022-12-05 14:04:09,Adobe PDF Library 22.3.58,45,36,3,PDF 1.6,"['https://gefa.georgia.gov/water-resources/intended-use-plans#main-content', 'https://gefa.georgia.gov/water-resources/intended-use-plans', 'https://gefa.georgia.gov/water-programs/intended-use-plans#main-content', 'https://gefa.georgia.gov/water-programs/intended-use-plans']",['2022\n \nSupplemental DWSRF IUP'],Report,0.6199414134025574
2022-DWSRF-Lead-Service-Line-Replacement-IUP - FINAL 6.16.2023.pdf,https://gefa.georgia.gov/document/document/fy2022-dwsrf-lslr-iup/download,5.5MB,5586.6201171875,2024-06-18 11:03:01,Lisa Golphin,,,2024-06-10 01:00:05,Microsoft: Print To PDF,67,44,12,PDF 1.7,"['https://gefa.georgia.gov/water-resources/intended-use-plans#main-content', 'https://gefa.georgia.gov/water-resources/intended-use-plans', 'https://gefa.georgia.gov/water-programs/intended-use-plans#main-content', 'https://gefa.georgia.gov/water-programs/intended-use-plans']",['2022\n \nDWSRF Lead Service Line Replacement IUP'],Report,0.8799173831939697
2000,https://gefa.georgia.gov/document/document/2022-cwsrf-emerging-contaminants-iup/download,362.5KB,362.4931640625,2022-10-04 12:00:04,"Nawrocki, Steven",,,2022-09-29 20:01:02,Adobe PDF Library 22.2.244,17,14,4,PDF 1.6,"['https://gefa.georgia.gov/water-resources/intended-use-plans#main-content', 'https://gefa.georgia.gov/water-resources/intended-use-plans', 'https://gefa.georgia.gov/water-programs/intended-use-plans#main-content', 'https://gefa.georgia.gov/water-programs/intended-use-plans']",['2022\n \nCWSRF Emerging Contaminants IUP'],Report,0.339511901140213
download,https://gefa.georgia.gov/document/document/fy2022-dwsrf-emerging-contaminants-iup/download,378.7KB,378.6591796875,2023-09-06 15:00:06,Jill Causse,,,2023-06-16 12:05:09,Microsoft® Word for Microsoft 365,22,16,4,PDF 1.7,"['https://gefa.georgia.gov/water-resources/intended-use-plans#main-content', 'https://gefa.georgia.gov/water-resources/intended-use-plans', 'https://gefa.georgia.gov/water-programs/intended-use-plans#main-content', 'https://gefa.georgia.gov/water-programs/intended-use-plans']",['2022\n \nDWSRF Emerging Contaminants IUP'],Slides,0.3020254075527191
Overview of CWSRF Eligibilities,https://www.epa.gov/sites/default/files/2016-07/documents/overview_of_cwsrf_eligibilities_may_2016.pdf,1.3MB,1380.7216796875,2016-07-21 11:01:04,"US EPA, OW, OWM, WIB, State Revolving Fund Branch",Eligibilities of CWSRF program,"wastewater infrastructure financing, nonpoint source funding, stormater funding, agriculture funding",2016-05-23 11:00:01,Adobe Acrobat Pro 11.0.15,27,0,10,PDF 1.6,"['https://gefa.georgia.gov/call-for-projects', 'https://gefa.georgia.gov/call-for-projects#main-content']",['CWSRF Eligibility'],Report,0.3936719000339508
Drinking Water State Revolving Fund Eligibility Handbook,https://www.epa.gov/sites/default/files/2017-06/documents/dwsrf_eligibility_handbook_june_13_2017_updated_508_version.pdf,1.1MB,1136.3876953125,2017-06-13 09:03:05,"Anderer, Kirsten",Handbook,"Drinking Water State Revolving Fund, DWSRF, Eligibility Handbook, 2017, Environmental Protection Agency, EPA, Eligibilities, Set-asides, Set asides, Borrowers, Systems, Projects, Growth, Emergency Use, Ineligible, Financial, Financial Assistance, Sustainability, Innovation, Innovative, Capacity Development, Source Water Protection, Operator Certification, Public Water System Supervision, PWSS",2017-06-13 09:02:04,Adobe PDF Library 15.0,73,14,7,PDF 1.6,"['https://gefa.georgia.gov/call-for-projects', 'https://gefa.georgia.gov/call-for-projects#main-content']",['DWSRF Eligibility'],Report,0.5363219380378723
download,https://gefa.georgia.gov/document/document/georgia-fund-eligible-projects/download,26.4KB,26.3662109375,2025-01-08 13:05:08,,,,2025-01-07 12:04:03,Adobe PDF Library 17.0,1,0,0,PDF 1.4,"['https://gefa.georgia.gov/georgia-fund#main-content', 'https://gefa.georgia.gov/georgia-fund', 'https://gefa.georgia.gov/call-for-projects', 'https://gefa.georgia.gov/call-for-projects#main-content']","['Georgia\n \nFund Eligibility', 'Georgia\n \nFund Eligible Projects']",Spreadsheet,0.24400034546852112
download,https://gefa.georgia.gov/document/document/2025-cwsrf-project-scoring/download,102.1KB,102.1044921875,2025-01-08 14:02:01,Judy Adler,,,2025-01-08 14:02:01,Adobe PDF Library 24.5.96,2,0,0,PDF 1.6,"['https://gefa.georgia.gov/clean-water-state-revolving-fund', 'https://gefa.georgia.gov/call-for-projects', 'https://gefa.georgia.gov/clean-water-state-revolving-fund#main-content', 'https://gefa.georgia.gov/call-for-projects#main-content']","['CWSRF\n \nProject Scoring', 'CWSRF\n \nProject Scoring Criteria']",Letter,0.2686760127544403
download,https://gefa.georgia.gov/document/document/2025-dwsrf-project-scoring/download,103.4KB,103.4169921875,2025-01-08 14:02:00,Judy Adler,,,2025-01-08 14:02:00,Adobe PDF Library 24.5.96,3,0,0,PDF 1.6,"['https://gefa.georgia.gov/drinking-water-state-revolving-fund', 'https://gefa.georgia.gov/drinking-water-state-revolving-fund#main-content', 'https://gefa.georgia.gov/call-for-projects', 'https://gefa.georgia.gov/call-for-projects#main-content']","['DWSRF\n \nProject Scoring Criteria', 'DWSRF\n \nProject Scoring']",Policy,0.2903093993663788
download,https://gefa.georgia.gov/document/document/2025-affordability-criteria-and-score-index/download,122.8KB,122.810546875,2025-01-09 09:00:04,Judy Adler,,,2025-01-09 09:00:04,Adobe PDF Library 24.5.96,3,10,0,PDF 1.6,"['https://gefa.georgia.gov/water-resources/loan-documents#main-content', 'https://gefa.georgia.gov/call-for-projects', 'https://gefa.georgia.gov/loan-documents#main-content', 'https://gefa.georgia.gov/call-for-projects#main-content', 'https://gefa.georgia.gov/water-resources/loan-documents', 'https://gefa.georgia.gov/loan-documents', 'https://gefa.georgia.gov/water-programs/water-infrastructure-financing/loan-documents', 'https://gefa.georgia.gov/water-programs/water-infrastructure-financing/loan-documents#main-content']","['2025\n \nAffordability Criteria and Score Index', 'Affordability\n \nCriteria and Score Index']",Policy,0.3667035698890686
download,https://gefa.georgia.gov/document/document/loan-program-policy/download,172.1KB,172.0703125,2024-03-06 15:01:06,"Hix, Shane",,,2024-03-06 15:01:06,Adobe PDF Library 23.8.75,6,0,1,PDF 1.6,"['https://gefa.georgia.gov/call-for-projects', 'https://gefa.georgia.gov/call-for-projects#main-content']",['Loan\n \nProgram Policies'],Spreadsheet,0.2701737880706787
download,https://gefa.georgia.gov/document/document/2024-gefa-annual-reportpdf/download,2.2MB,2212.29296875,2024-12-03 14:05:06,,,,2024-12-03 14:05:06,Adobe PDF Library 17.0,16,9,26,PDF 1.7,"['https://gefa.georgia.gov/media-center/reports#main-content', 'https://gefa.georgia.gov/press-releases/annual-report#main-content', 'https://gefa.georgia.gov/media-center/reports', 'https://gefa.georgia.gov/press-releases/annual-report']",['2024\n \nAnnual Report'],Report,0.965813159942627
download,https://gefa.georgia.gov/document/document/2023-gefa-annual-report/download,8.4MB,8590.419921875,2024-01-29 22:03:08,,,,2024-01-29 22:03:08,Adobe PDF Library 17.0,16,7,28,PDF 1.7,"['https://gefa.georgia.gov/media-center/reports#main-content', 'https://gefa.georgia.gov/press-releases/annual-report#main-content', 'https://gefa.georgia.gov/media-center/reports', 'https://gefa.georgia.gov/press-releases/annual-report']",['2023\n \nAnnual Report'],Report,0.9686658978462219
download,https://gefa.georgia.gov/document/document/2022-gefa-annual-report/download,35.7MB,36571.9365234375,2023-01-03 13:02:03,,,,2023-01-03 13:02:03,Adobe PDF Library 17.0,16,5,18,PDF 1.4,"['https://gefa.georgia.gov/media-center/reports#main-content', 'https://gefa.georgia.gov/press-releases/annual-report#main-content', 'https://gefa.georgia.gov/media-center/reports', 'https://gefa.georgia.gov/press-releases/annual-report']",['2022\n \nAnnual Report'],Report,0.9669584035873413
download,https://gefa.georgia.gov/document/publication/2022-georgia-energy-report/download,1.6MB,1658.2890625,2022-12-20 17:03:08,,,,2022-12-15 09:02:07,Adobe PDF Library 17.0,28,0,28,PDF 1.7,"['https://gefa.georgia.gov/media-center/reports#main-content', 'https://gefa.georgia.gov/press-releases/annual-report#main-content', 'https://gefa.georgia.gov/media-center/reports', 'https://gefa.georgia.gov/press-releases/annual-report']",['2022\n \nGeorgia Energy Report'],Report,0.9432271122932434
download,https://gefa.georgia.gov/document/publication/2019-georgia-energy-report/download,15.8MB,16129.626953125,2019-12-10 15:04:01,,,,2019-10-28 15:01:07,Adobe PDF Library 15.0,24,3,20,PDF 1.6,"['https://gefa.georgia.gov/media-center/reports#main-content', 'https://gefa.georgia.gov/press-releases/annual-report#main-content', 'https://gefa.georgia.gov/media-center/reports', 'https://gefa.georgia.gov/press-releases/annual-report']",['2019\n \nGeorgia Energy Report'],Report,0.88805091381073
download,https://gefa.georgia.gov/document/publication/2016-georgia-energy-report/download,6.3MB,6483.09765625,2016-07-21 13:05:05,,,,2016-07-21 13:05:05,Adobe PDF Library 15.0,28,1,14,PDF 1.4,"['https://gefa.georgia.gov/media-center/reports#main-content', 'https://gefa.georgia.gov/press-releases/annual-report#main-content', 'https://gefa.georgia.gov/media-center/reports', 'https://gefa.georgia.gov/press-releases/annual-report']",['2016\n \nGeorgia Energy Report'],Report,0.9257575869560242
download,https://gefa.georgia.gov/document/document/2024-gefa-annual-comprehensive-financial-report/download,3.3MB,3375.6025390625,2025-03-03 16:05:05,,,,2025-01-28 14:01:09,Adobe PDF Library 17.0,158,13,22,PDF 1.7,"['https://gefa.georgia.gov/media-center/reports#main-content', 'https://gefa.georgia.gov/press-releases/annual-report#main-content', 'https://gefa.georgia.gov/media-center/reports', 'https://gefa.georgia.gov/press-releases/annual-report']",['2024\n \nACFR'],Report,0.8444733619689941
download,https://gefa.georgia.gov/document/document/2023-gefa-annual-comprehensive-financial-report/download,3.0MB,3096.8525390625,2024-02-01 12:03:05,,,,2024-01-17 08:03:02,Adobe PDF Library 17.0,158,18,27,PDF 1.7,"['https://gefa.georgia.gov/media-center/reports#main-content', 'https://gefa.georgia.gov/press-releases/annual-report#main-content', 'https://gefa.georgia.gov/media-center/reports', 'https://gefa.georgia.gov/press-releases/annual-report']",['2023\n \nACFR'],Report,0.8440467119216919
download,https://gefa.georgia.gov/document/document/2022-acfr/download,3.2MB,3225.994140625,2023-01-05 13:04:09,,,,2022-12-30 11:02:07,Adobe PDF Library 17.0,148,14,21,PDF 1.7,"['https://gefa.georgia.gov/media-center/reports#main-content', 'https://gefa.georgia.gov/press-releases/annual-report#main-content', 'https://gefa.georgia.gov/media-center/reports', 'https://gefa.georgia.gov/press-releases/annual-report']",['2022\n \nACFR'],Report,0.8444733619689941
download,https://gefa.georgia.gov/document/publication/peach-state-reserves-faqpdf/download,122.2KB,122.2392578125,2011-04-21 09:04:09,Kree Arechaga,,,2011-04-21 09:04:09,Adobe PDF Library 9.0,9,5,1,PDF 1.5,"['https://gefa.georgia.gov/about-us/employment/benefits', 'https://gefa.georgia.gov/about-us/employment/benefits#main-content']",['457\n \nand 401(k) plans'],Policy,0.5586894750595093
download,https://gefa.georgia.gov/document/document/georgia-energy-grant-program-overview-and-guidance/download,93.0KB,92.9931640625,2025-05-09 14:02:06,Miracle Wilson,,,2025-05-05 16:01:08,Adobe PDF Library 25.1.250,2,3,0,PDF 1.6,"['https://gefa.georgia.gov/energy-programs/state-energy-program/georgia-energy-grant-program#main-content', 'https://gefa.georgia.gov/energy-programs/state-energy-program/georgia-energy-grant-program']",['Georgia\n \nEnergy Grant Program Overview and Guidance'],Brochure,0.5140946507453918
download,https://gefa.georgia.gov/document/document/georgia-energy-grant-program-sample-application/download,79.3KB,79.263671875,2025-05-09 14:02:04,Miracle Wilson,,,2025-05-09 10:00:09,Adobe PDF Library 25.1.250,2,0,0,PDF 1.6,"['https://gefa.georgia.gov/energy-programs/state-energy-program/georgia-energy-grant-program#main-content', 'https://gefa.georgia.gov/energy-programs/state-energy-program/georgia-energy-grant-program']",['Sample\n \nApplication'],Form,0.7207931876182556
download,https://gefa.georgia.gov/document/document/georgia-solar-resiliency-best-practices-guide/download,2.0MB,2084.8232421875,2022-06-07 16:01:04,Kaytie Ruditys,,2018-09-24T00:00:00,2022-01-21 14:05:01,Microsoft® Word for Microsoft 365,38,5,38,PDF 1.7,"['https://gefa.georgia.gov/solar-resiliency-technical-assistance-program', 'https://gefa.georgia.gov/solar-resiliency-technical-assistance-program#main-content']",['Solar\n \nResiliency Best Practices Guide'],Report,0.5036842823028564
download,https://gefa.georgia.gov/document/document/ga-solar-resiliency-rfp-template/download,508.5KB,508.4755859375,2022-06-07 16:01:05,powersupply@gdsassociates.onmicrosoft.com,,2018-09-24T00:00:00,2022-01-21 14:05:01,Microsoft® Word for Microsoft 365,13,0,4,PDF 1.7,"['https://gefa.georgia.gov/solar-resiliency-technical-assistance-program', 'https://gefa.georgia.gov/solar-resiliency-technical-assistance-program#main-content']",['RFP\n \nTemplate'],Report,0.40360644459724426
PowerPoint Presentation,https://gefa.georgia.gov/document/document/solar-resiliency-webinar-presentation/download,20.7MB,21165.1025390625,2022-06-09 14:00:00,Kelly Cutts,,,2020-04-01 13:01:05,Microsoft® PowerPoint® 2016,62,16,104,PDF 1.7,"['https://gefa.georgia.gov/solar-resiliency-technical-assistance-program', 'https://gefa.georgia.gov/solar-resiliency-technical-assistance-program#main-content']",['Solar\n \nResiliency Technical Assistance Program Webinar Presentation'],Slides,0.9949110150337219
Energy,https://gefa.georgia.gov/document/publication/gespc-manualpdf/download,906.0KB,906.0224609375,2014-04-17 12:02:00,cwhite,,,2014-04-17 11:04:00,Microsoft® Word 2010,50,5,7,PDF 1.5,"['https://gefa.georgia.gov/energy-performance-contracting/information-state-agencies', 'https://gefa.georgia.gov/energy-performance-contracting/information-state-agencies#main-content']",['State\n \nAgency Manual'],Report,0.5826814770698547
download,https://gefa.georgia.gov/document/epc-contract/download,430.1KB,430.0947265625,2016-05-18 14:01:05,"DeVore, Amanda",,,2016-05-18 14:01:05,Microsoft® Word 2016,46,5,0,PDF 1.5,"['https://gefa.georgia.gov/energy-performance-contracting/information-state-agencies', 'https://gefa.georgia.gov/energy-performance-contracting/information-state-agencies#main-content']",['EPC\n \nContract'],Report,0.5895633697509766
download,https://gefa.georgia.gov/document/epc-absolute-assignment-agreement/download,113.0KB,112.9521484375,2015-10-28 11:03:01,,,,2015-10-28 11:03:01,Foxit Reader PDF Printer Version 6.2.0.0319,4,0,0,PDF 1.7,"['https://gefa.georgia.gov/energy-performance-contracting/information-state-agencies', 'https://gefa.georgia.gov/energy-performance-contracting/information-state-agencies#main-content']",['EPC Absolute Assignment Agreement'],Policy,0.26029667258262634
download,https://gefa.georgia.gov/document/epc-escrow-agreement/download,188.1KB,188.111328125,2015-10-08 16:00:06,"Anderson, Kristofor", , ,2015-10-05 12:02:08,Microsoft® Word 2013,4,0,0,PDF 1.5,"['https://gefa.georgia.gov/energy-performance-contracting/information-state-agencies', 'https://gefa.georgia.gov/energy-performance-contracting/information-state-agencies#main-content']",['EPC Escrow Agreement'],Brochure,0.408120721578598
download,https://gefa.georgia.gov/document/epc-installment-purchase-agreement/download,257.4KB,257.408203125,2015-10-08 16:00:07,"Anderson, Kristofor", , ,2015-10-05 12:02:06,Microsoft® Word 2013,13,0,0,PDF 1.5,"['https://gefa.georgia.gov/energy-performance-contracting/information-state-agencies', 'https://gefa.georgia.gov/energy-performance-contracting/information-state-agencies#main-content']",['EPC\n \nInstallment Purchase Agreement'],Procurement,0.2511135935783386
download,https://gefa.georgia.gov/document/epc-act/download,119.2KB,119.2099609375,2016-05-23 17:03:01,"Hix, Shane",,,2016-05-23 17:03:01,Microsoft® Word 2016,9,0,0,PDF 1.5,"['https://gefa.georgia.gov/energy-performance-contracting/information-state-agencies', 'https://gefa.georgia.gov/energy-performance-contracting/information-state-agencies#main-content']",['EPC\n \nAct'],Policy,0.4948180615901947
download,https://gefa.georgia.gov/document/scope-services/download,51.0KB,50.9755859375,2019-01-24 11:03:05,Shane Hix,,,2019-01-24 11:03:05,Adobe PDF Library 15.0,5,1,1,PDF 1.5,"['https://gefa.georgia.gov/fuel-storage-tank-program/regulatory-compliance-program-and-training#main-content', 'https://gefa.georgia.gov/fuel-storage-tank-program/regulatory-compliance-program-and-training']",['Scope of Services'],Policy,0.2494143545627594
Microsoft Word - GEFA Generator Fuel System Guidelines 2012-01-01,https://gefa.georgia.gov/document/generator-fuel-system-guidelines/download,76.6KB,76.587890625,2019-01-24 11:05:00,wille,,,2019-01-24 11:05:00,Adobe PDF Library 15.0,4,0,1,PDF 1.5,"['https://gefa.georgia.gov/fuel-storage-tank-program/regulatory-compliance-program-and-training#main-content', 'https://gefa.georgia.gov/fuel-storage-tank-program/regulatory-compliance-program-and-training']",['Generator Fuel System Guidelines'],Policy,0.5688199996948242
PowerPoint Presentation,https://gefa.georgia.gov/document/publication/fstp-epd-checklist-suction-systempdf/download,302.4KB,302.4130859375,2014-07-18 14:01:01,Kelly Garwood,,,2014-07-18 14:01:00,Adobe PDF Library 10.0,3,0,3,PDF 1.5,"['https://gefa.georgia.gov/fuel-storage-tank-program/regulatory-compliance-program-and-training#main-content', 'https://gefa.georgia.gov/fuel-storage-tank-program/regulatory-compliance-program-and-training']",['EPD\n \nchecklist - Suction System'],Brochure,0.7627636194229126
PowerPoint Presentation,https://gefa.georgia.gov/document/publication/fstp-epd-checklist-pressurized-systempdf/download,302.6KB,302.6376953125,2014-07-18 14:04:08,Kelly Garwood,,,2014-07-18 14:04:07,Adobe PDF Library 10.0,3,0,3,PDF 1.5,"['https://gefa.georgia.gov/fuel-storage-tank-program/regulatory-compliance-program-and-training#main-content', 'https://gefa.georgia.gov/fuel-storage-tank-program/regulatory-compliance-program-and-training']",['EPD\n \nchecklist - Pressurized System'],Brochure,0.7627636194229126
download,https://gefa.georgia.gov/document/publication/fstp-incon-quick-reference-guidepdf/download,393.8KB,393.775390625,2014-07-18 13:02:02,,,,2014-07-18 13:02:01,Adobe Acrobat 10.0.2 Image Conversion Plug-in,2,0,2,PDF 1.6,"['https://gefa.georgia.gov/fuel-storage-tank-program/regulatory-compliance-program-and-training#main-content', 'https://gefa.georgia.gov/fuel-storage-tank-program/regulatory-compliance-program-and-training']",['here'],Brochure,0.8167061805725098
download,https://gefa.georgia.gov/document/loan-servicing-fee-schedule/download,228.1KB,228.0634765625,2018-07-03 17:00:03,Kevin Kelly,,,2013-02-01 13:05:06,Adobe PDF Library 10.0,1,0,1,PDF 1.6,"['https://gefa.georgia.gov/water-programs/water-infrastructure-financing/interest-rates#main-content', 'https://gefa.georgia.gov/water-resources/loan-documents#main-content', 'https://gefa.georgia.gov/loan-documents#main-content', 'https://gefa.georgia.gov/water-programs/water-infrastructure-financing/interest-rates', 'https://gefa.georgia.gov/water-resources/loan-documents', 'https://gefa.georgia.gov/loan-documents', 'https://gefa.georgia.gov/water-programs/water-infrastructure-financing/loan-documents', 'https://gefa.georgia.gov/water-programs/water-infrastructure-financing/loan-documents#main-content']",['Loan\n \nServicing Fee Schedule'],Brochure,0.33770743012428284
download,https://gefa.georgia.gov/media/3071/download,462.5KB,462.529296875,2024-05-31 15:02:02,jan1,,,2020-08-20 17:04:08,Adobe PDF Library 15.0,11,16,1,PDF 1.6,"['https://gefa.georgia.gov/water-resources/loan-documents#main-content', 'https://gefa.georgia.gov/loan-documents#main-content', 'https://gefa.georgia.gov/water-resources/loan-documents', 'https://gefa.georgia.gov/loan-documents', 'https://gefa.georgia.gov/water-programs/water-infrastructure-financing/loan-documents', 'https://gefa.georgia.gov/water-programs/water-infrastructure-financing/loan-documents#main-content']",['Loan\n \nApplication'],Form,0.666349470615387
download,https://gefa.georgia.gov/document/document/cost-effective-certification/download,134.5KB,134.470703125,2024-11-12 15:04:03,"Bruegge, Chris",,,2024-11-06 16:01:05,Adobe PDF Library 24.3.86,1,2,0,PDF 1.6,"['https://gefa.georgia.gov/water-resources/loan-documents#main-content', 'https://gefa.georgia.gov/loan-documents#main-content', 'https://gefa.georgia.gov/water-resources/loan-documents', 'https://gefa.georgia.gov/loan-documents', 'https://gefa.georgia.gov/water-programs/water-infrastructure-financing/loan-documents', 'https://gefa.georgia.gov/water-programs/water-infrastructure-financing/loan-documents#main-content']",['Cost\n \nand Effectiveness Certification'],Diagram,0.36834970116615295
download,https://gefa.georgia.gov/media/3266/download,138.6KB,138.6376953125,2024-11-12 15:04:01,jan1,,,2024-11-06 16:01:06,Adobe PDF Library 15.0,1,1,0,PDF 1.6,"['https://gefa.georgia.gov/water-resources/loan-documents#main-content', 'https://gefa.georgia.gov/loan-documents#main-content', 'https://gefa.georgia.gov/water-resources/loan-documents', 'https://gefa.georgia.gov/loan-documents', 'https://gefa.georgia.gov/water-programs/water-infrastructure-financing/loan-documents', 'https://gefa.georgia.gov/water-programs/water-infrastructure-financing/loan-documents#main-content']",['Qualification-Based\n \nSelection Certification'],Diagram,0.3507927656173706
download,https://gefa.georgia.gov/document/document/useful-life-certificationpdf/download,114.1KB,114.0771484375,2025-01-07 18:02:08,"Bruegge, Chris",,,2024-09-04 15:01:09,Adobe PDF Library 24.3.86,1,3,0,PDF 1.6,"['https://gefa.georgia.gov/water-resources/loan-documents#main-content', 'https://gefa.georgia.gov/loan-documents#main-content', 'https://gefa.georgia.gov/water-resources/loan-documents', 'https://gefa.georgia.gov/loan-documents', 'https://gefa.georgia.gov/water-programs/water-infrastructure-financing/loan-documents', 'https://gefa.georgia.gov/water-programs/water-infrastructure-financing/loan-documents#main-content']",['Useful\n \nLife Certification'],Spreadsheet,0.3052549660205841
download,https://gefa.georgia.gov/media/2981/download,172.1KB,172.0703125,2024-03-06 15:01:06,"Hix, Shane",,,2024-03-06 15:01:06,Adobe PDF Library 23.8.75,6,0,1,PDF 1.6,"['https://gefa.georgia.gov/water-resources/loan-documents#main-content', 'https://gefa.georgia.gov/loan-documents#main-content', 'https://gefa.georgia.gov/water-resources/loan-documents', 'https://gefa.georgia.gov/loan-documents', 'https://gefa.georgia.gov/water-programs/water-infrastructure-financing/loan-documents', 'https://gefa.georgia.gov/water-programs/water-infrastructure-financing/loan-documents#main-content']",['Loan\n \nProgram Policy'],Policy,0.5496684312820435
CWSRF Guidance Requirements _10-2007_,https://gefa.georgia.gov/document/publication/cwsrf-guidance-requirementspdf/download,474.5KB,474.4990234375,2018-08-06 16:00:02,jason,,,2007-10-30 11:01:00,GNU Ghostscript 7.06,41,0,1,PDF 1.6,"['https://gefa.georgia.gov/water-resources/loan-documents#main-content', 'https://gefa.georgia.gov/loan-documents#main-content', 'https://gefa.georgia.gov/water-resources/loan-documents', 'https://gefa.georgia.gov/loan-documents', 'https://gefa.georgia.gov/water-programs/water-infrastructure-financing/loan-documents', 'https://gefa.georgia.gov/water-programs/water-infrastructure-financing/loan-documents#main-content']",['CWSRF'],Report,0.6435609459877014
Microsoft Word - 2004 DWSRF Guidance Document,https://gefa.georgia.gov/document/publication/dwsrf-guidance-requirementspdf/download,799.0KB,798.99609375,2009-02-10 12:05:07,jenerrah,,,2009-02-10 12:05:07,GPL Ghostscript 8.15,57,0,22,PDF 1.4,"['https://gefa.georgia.gov/water-resources/loan-documents#main-content', 'https://gefa.georgia.gov/loan-documents#main-content', 'https://gefa.georgia.gov/water-resources/loan-documents', 'https://gefa.georgia.gov/loan-documents', 'https://gefa.georgia.gov/water-programs/water-infrastructure-financing/loan-documents', 'https://gefa.georgia.gov/water-programs/water-infrastructure-financing/loan-documents#main-content']",['DWSRF'],Report,0.5993561744689941
GEORGIA DEPARTMENT OF NATURAL RESOURCES,https://gefa.georgia.gov/media/2526/download,369.0KB,369.04296875,2022-12-16 16:01:02,Associate,,,2022-12-16 16:01:02,Adobe PDF Library 22.3.58,16,7,5,PDF 1.6,"['https://gefa.georgia.gov/water-resources/loan-documents#main-content', 'https://gefa.georgia.gov/loan-documents#main-content', 'https://gefa.georgia.gov/water-resources/loan-documents', 'https://gefa.georgia.gov/loan-documents', 'https://gefa.georgia.gov/water-programs/water-infrastructure-financing/loan-documents', 'https://gefa.georgia.gov/water-programs/water-infrastructure-financing/loan-documents#main-content']",['Supplemental\n \nGeneral Conditions for Federally-Assisted State Revolving Fund'],Report,0.30865564942359924
GEORGIA DEPARTMENT OF NATURAL RESOURCES,https://gefa.georgia.gov/document/publication/american-iron-steel-special-conditionspdf/download,305.9KB,305.9140625,2018-09-17 13:00:08,Associate,,,2018-09-17 13:00:08,Microsoft® Word 2016,11,0,0,PDF 1.5,"['https://gefa.georgia.gov/water-resources/loan-documents#main-content', 'https://gefa.georgia.gov/loan-documents#main-content', 'https://gefa.georgia.gov/water-resources/loan-documents', 'https://gefa.georgia.gov/loan-documents', 'https://gefa.georgia.gov/water-programs/water-infrastructure-financing/loan-documents', 'https://gefa.georgia.gov/water-programs/water-infrastructure-financing/loan-documents#main-content']",['American\n \nIron and Steel (AIS) Special Conditions'],Policy,0.32144707441329956
download,https://gefa.georgia.gov/document/document/build-america-buy-america-baba-special-conditions/download,1.7MB,1713.201171875,2023-02-02 11:00:05,,,,2023-01-19 13:04:08,Adobe PSL 1.3e for Canon,24,0,54,PDF 1.6,"['https://gefa.georgia.gov/water-resources/loan-documents#main-content', 'https://gefa.georgia.gov/loan-documents#main-content', 'https://gefa.georgia.gov/water-resources/loan-documents', 'https://gefa.georgia.gov/loan-documents', 'https://gefa.georgia.gov/water-programs/water-infrastructure-financing/loan-documents', 'https://gefa.georgia.gov/water-programs/water-infrastructure-financing/loan-documents#main-content']","['Build\n \nAmerica, Buy America (BABA) Special Conditions']",Slides,0.5469498634338379
Microsoft Word - Accountant's Letter,https://gefa.georgia.gov/document/publication/accountants-letterpdf/download,15.7KB,15.6787109375,2010-07-01 10:00:05,Jenerrah,,,2010-07-01 10:00:05,GPL Ghostscript 8.15,2,0,0,PDF 1.4,"['https://gefa.georgia.gov/water-resources/loan-documents#main-content', 'https://gefa.georgia.gov/loan-documents#main-content', 'https://gefa.georgia.gov/water-resources/loan-documents', 'https://gefa.georgia.gov/loan-documents', 'https://gefa.georgia.gov/water-programs/water-infrastructure-financing/loan-documents', 'https://gefa.georgia.gov/water-programs/water-infrastructure-financing/loan-documents#main-content']",['Sample\n \nAccountants Letter'],Form,0.27946189045906067
_,https://gefa.georgia.gov/document/publication/web-loan-agreement-city-county-dwsrfpdf/download,546.8KB,546.7705078125,2012-06-28 14:05:04,"Russell, Jan",,,2012-06-28 14:05:04,Adobe PDF Library 10.0,29,4,0,PDF 1.5,"['https://gefa.georgia.gov/water-resources/loan-documents#main-content', 'https://gefa.georgia.gov/loan-documents#main-content', 'https://gefa.georgia.gov/water-resources/loan-documents', 'https://gefa.georgia.gov/loan-documents', 'https://gefa.georgia.gov/water-programs/water-infrastructure-financing/loan-documents', 'https://gefa.georgia.gov/water-programs/water-infrastructure-financing/loan-documents#main-content']",['Loan\n \nAgreement - City/County'],Report,0.34687164425849915
LOAN AGREEMENT,https://gefa.georgia.gov/document/publication/web-loan-agreement-authority-dwsrfpdf/download,546.0KB,545.974609375,2012-06-28 14:05:04,,,,2012-06-28 14:05:03,Adobe PDF Library 10.0,29,5,0,PDF 1.5,"['https://gefa.georgia.gov/water-resources/loan-documents#main-content', 'https://gefa.georgia.gov/loan-documents#main-content', 'https://gefa.georgia.gov/water-resources/loan-documents', 'https://gefa.georgia.gov/loan-documents', 'https://gefa.georgia.gov/water-programs/water-infrastructure-financing/loan-documents', 'https://gefa.georgia.gov/water-programs/water-infrastructure-financing/loan-documents#main-content']",['Loan\n \nAgreement - Authority'],Report,0.34687164425849915
ATLLIB01 1685377.1,https://gefa.georgia.gov/document/publication/web-promissory-note-all-programspdf/download,40.1KB,40.1337890625,2012-06-28 14:05:05,,,,2012-06-28 14:05:05,Adobe PDF Library 10.0,3,0,0,PDF 1.5,"['https://gefa.georgia.gov/water-resources/loan-documents#main-content', 'https://gefa.georgia.gov/loan-documents#main-content', 'https://gefa.georgia.gov/water-resources/loan-documents', 'https://gefa.georgia.gov/loan-documents', 'https://gefa.georgia.gov/water-programs/water-infrastructure-financing/loan-documents', 'https://gefa.georgia.gov/water-programs/water-infrastructure-financing/loan-documents#main-content']",['Promissory'],Spreadsheet,0.2909461259841919
"$721,000",https://gefa.georgia.gov/document/publication/web-tax-certificate-all-programspdf/download,84.3KB,84.345703125,2012-06-28 14:05:05,convproj,,,2012-06-28 14:05:05,Adobe PDF Library 10.0,8,0,0,PDF 1.5,"['https://gefa.georgia.gov/water-resources/loan-documents#main-content', 'https://gefa.georgia.gov/loan-documents#main-content', 'https://gefa.georgia.gov/water-resources/loan-documents', 'https://gefa.georgia.gov/loan-documents', 'https://gefa.georgia.gov/water-programs/water-infrastructure-financing/loan-documents', 'https://gefa.georgia.gov/water-programs/water-infrastructure-financing/loan-documents#main-content']",['Tax\n \nCertificate'],Policy,0.5360799431800842
Form 8038-G (Rev. May 2010),https://gefa.georgia.gov/document/publication/web-irs-8038g-formpdf/download,280.7KB,280.6787109375,2010-06-21 16:00:09,SE:W:CAR:MP:,Information Return for Tax-Exempt Governmental Obligations,Fillable,2010-06-21 13:04:04,OneForm Designer Plus PDF Forms Generator,2,3,0,PDF 1.7,"['https://gefa.georgia.gov/water-resources/loan-documents#main-content', 'https://gefa.georgia.gov/loan-documents#main-content', 'https://gefa.georgia.gov/water-resources/loan-documents', 'https://gefa.georgia.gov/loan-documents', 'https://gefa.georgia.gov/water-programs/water-infrastructure-financing/loan-documents', 'https://gefa.georgia.gov/water-programs/water-infrastructure-financing/loan-documents#main-content']",['IRS\n \n8038G Form'],Form,0.988666296005249
ASSIGNMENT AND SECURITY AGREEMENT,https://gefa.georgia.gov/document/publication/web-assignment-security-agreement-authoritypdf/download,65.5KB,65.5380859375,2012-06-28 14:05:03,,,,2012-06-28 14:05:03,Adobe PDF Library 10.0,3,1,0,PDF 1.5,"['https://gefa.georgia.gov/water-resources/loan-documents#main-content', 'https://gefa.georgia.gov/loan-documents#main-content', 'https://gefa.georgia.gov/water-resources/loan-documents', 'https://gefa.georgia.gov/loan-documents', 'https://gefa.georgia.gov/water-programs/water-infrastructure-financing/loan-documents', 'https://gefa.georgia.gov/water-programs/water-infrastructure-financing/loan-documents#main-content']",['Assignment\n \nand Security Agreement'],Policy,0.6594336032867432
download,https://gefa.georgia.gov/document/publication/web-environmental-facilities-agreement-authoritypdf/download,260.5KB,260.501953125,2012-06-28 14:05:03,,,,2012-06-28 14:05:03,Adobe PDF Library 10.0,14,0,0,PDF 1.5,"['https://gefa.georgia.gov/water-resources/loan-documents#main-content', 'https://gefa.georgia.gov/loan-documents#main-content', 'https://gefa.georgia.gov/water-resources/loan-documents', 'https://gefa.georgia.gov/loan-documents', 'https://gefa.georgia.gov/water-programs/water-infrastructure-financing/loan-documents', 'https://gefa.georgia.gov/water-programs/water-infrastructure-financing/loan-documents#main-content']",['Environmental Facilities Agreement'],Policy,0.3235362470149994
download,https://gefa.georgia.gov/media/3136/download,200.4KB,200.3720703125,2024-07-17 14:05:06,Ron H,,,2024-07-14 12:00:08,Microsoft® Excel® for Microsoft 365,2,1,1,PDF 1.7,"['https://gefa.georgia.gov/water-resources/loan-documents#main-content', 'https://gefa.georgia.gov/loan-documents#main-content', 'https://gefa.georgia.gov/water-resources/loan-documents', 'https://gefa.georgia.gov/loan-documents', 'https://gefa.georgia.gov/water-programs/water-infrastructure-financing/loan-documents', 'https://gefa.georgia.gov/water-programs/water-infrastructure-financing/loan-documents#main-content']",['ACH\n \nAuthorization Form'],Form,0.6240867972373962
download,https://gefa.georgia.gov/document/document/loan-draw-form-0/download,101.0KB,100.9765625,2022-03-10 09:00:03,jan1,,,2022-01-13 10:04:04,Adobe PDF Library 21.11.71,1,3,1,PDF 1.6,"['https://gefa.georgia.gov/water-resources/loan-documents#main-content', 'https://gefa.georgia.gov/loan-documents#main-content', 'https://gefa.georgia.gov/water-resources/loan-documents', 'https://gefa.georgia.gov/loan-documents', 'https://gefa.georgia.gov/water-programs/water-infrastructure-financing/loan-documents', 'https://gefa.georgia.gov/water-programs/water-infrastructure-financing/loan-documents#main-content']",['Loan\n \nDraw Form'],Form,0.6970114707946777
download,https://gefa.georgia.gov/document/document/davis-bacon-subrecipient-compliance-report/download,22.8KB,22.814453125,2022-03-10 08:05:08,Tom Roos,,,2020-01-02 11:00:02,Adobe PDF Library 15.0,2,0,0,PDF 1.5,"['https://gefa.georgia.gov/water-resources/loan-documents#main-content', 'https://gefa.georgia.gov/loan-documents#main-content', 'https://gefa.georgia.gov/water-resources/loan-documents', 'https://gefa.georgia.gov/loan-documents', 'https://gefa.georgia.gov/water-programs/water-infrastructure-financing/loan-documents', 'https://gefa.georgia.gov/water-programs/water-infrastructure-financing/loan-documents#main-content']",['Davis-Bacon\n \nSubrecipient Compliance Report'],Report,0.7725497484207153
download,https://gefa.georgia.gov/document/document/engineers-certification-form/download,20.9KB,20.935546875,2022-03-10 08:05:05,jan1,,,2019-05-17 10:03:07,Adobe PDF Library 15.0,1,0,1,PDF 1.5,"['https://gefa.georgia.gov/water-resources/loan-documents#main-content', 'https://gefa.georgia.gov/loan-documents#main-content', 'https://gefa.georgia.gov/water-resources/loan-documents', 'https://gefa.georgia.gov/loan-documents', 'https://gefa.georgia.gov/water-programs/water-infrastructure-financing/loan-documents', 'https://gefa.georgia.gov/water-programs/water-infrastructure-financing/loan-documents#main-content']",['Engineers\n \nCertification Form'],Form,0.6203537583351135
Georgia Water Supply Redundancy Study,https://gefa.georgia.gov/document/document/altamaha-water-planning-region-study/download,5.3MB,5457.0400390625,2022-04-06 10:02:02,"Horstmeier, Greg",Altamaha Water Planning Region,,2022-04-06 09:03:06,Adobe Acrobat Pro DC (32-bit) 22.1.20085,142,92,221,PDF 1.7,"['https://gefa.georgia.gov/water-programs/water-infrastructure-financing/water-studies#main-content', 'https://gefa.georgia.gov/water-programs/water-infrastructure-financing/water-studies']",['Altamaha\n \nWater Planning Region Redundancy Study'],Report,0.794016420841217
Georgia Water Supply Redundancy Study,https://gefa.georgia.gov/document/document/coastal-georgia-water-planning-region-study/download,5.7MB,5847.751953125,2022-04-06 12:05:06,"Horstmeier, Greg",Coastal Georgia Water Planning Region,,2022-04-06 09:03:04,Adobe Acrobat Pro DC (32-bit) 22.1.20085,156,93,276,PDF 1.7,"['https://gefa.georgia.gov/water-programs/water-infrastructure-financing/water-studies#main-content', 'https://gefa.georgia.gov/water-programs/water-infrastructure-financing/water-studies']",['Coastal\n \nGeorgia Water Planning Region Redundancy Study'],Report,0.9375434517860413
Georgia Water Supply Redundancy Study,https://gefa.georgia.gov/document/document/coosa-north-georgia-water-planning-region-study/download,11.3MB,11581.8193359375,2022-04-11 09:04:04,"Horstmeier, Greg",Coosa-North Georgia Water Planning Region,,2022-04-08 11:04:09,Adobe PDF Library 22.1.117,295,225,200,PDF 1.7,"['https://gefa.georgia.gov/water-programs/water-infrastructure-financing/water-studies#main-content', 'https://gefa.georgia.gov/water-programs/water-infrastructure-financing/water-studies']",['Coosa-North\n \nGeorgia Water Planning Region Redundancy Study'],Report,0.9284261465072632
Georgia Water Supply Redundancy Study,https://gefa.georgia.gov/document/document/middle-ocmulgee-water-planning-region/download,6.5MB,6638.5107421875,2022-04-06 15:02:07,"Horstmeier, Greg",Middle Ocmulgee Water Planning Region,,2022-04-06 09:03:09,Adobe Acrobat Pro DC (32-bit) 22.1.20085,193,136,224,PDF 1.7,"['https://gefa.georgia.gov/water-programs/water-infrastructure-financing/water-studies#main-content', 'https://gefa.georgia.gov/water-programs/water-infrastructure-financing/water-studies']",['Middle\n \nOcmulgee Water Planning Region Redundancy Study'],Report,0.9436128735542297
Georgia Water Supply Redundancy Study,https://gefa.georgia.gov/document/document/middle-chattahoochee-water-planning-region/download,6.1MB,6247.7490234375,2022-04-06 13:00:01,"Horstmeier, Greg",Middle Chattahoochee Water Planning Region,,2022-04-06 09:04:06,Adobe Acrobat Pro DC (32-bit) 22.1.20085,169,114,222,PDF 1.7,"['https://gefa.georgia.gov/water-programs/water-infrastructure-financing/water-studies#main-content', 'https://gefa.georgia.gov/water-programs/water-infrastructure-financing/water-studies']",['Middle\n \nChattahoochee Water Planning Region Redundancy Study'],Report,0.9436128735542297
Georgia Water Supply Redundancy Study,https://gefa.georgia.gov/document/document/savannah-upper-ogeechee-water-planning-region-study/download,8.1MB,8303.310546875,2022-04-10 21:01:06,"Horstmeier, Greg",Savannah-Upper Ogeechee Water Planning Region,,2022-04-06 15:03:06,Adobe PDF Library 22.1.117,210,144,281,PDF 1.7,"['https://gefa.georgia.gov/water-programs/water-infrastructure-financing/water-studies#main-content', 'https://gefa.georgia.gov/water-programs/water-infrastructure-financing/water-studies']",['Savannah-Upper\n \nOgeechee Water Planning Region Redundancy Study'],Report,0.9420142769813538
Georgia Water Supply Redundancy Study,https://gefa.georgia.gov/document/document/suwannee-satilla-water-planning-region-study/download,3.8MB,3893.3994140625,2022-04-06 13:01:06,"Horstmeier, Greg",Suwannee-Satilla Water Planning Region,,2022-04-06 09:04:01,Adobe Acrobat Pro DC (32-bit) 22.1.20085,158,109,194,PDF 1.7,"['https://gefa.georgia.gov/water-programs/water-infrastructure-financing/water-studies#main-content', 'https://gefa.georgia.gov/water-programs/water-infrastructure-financing/water-studies']",['Suwannee-Satilla\n \nWater Planning Region Redundancy Study'],Report,0.8656296133995056
Georgia Water Supply Redundancy Study,https://gefa.georgia.gov/document/document/upper-flint-water-planning-region-study/download,6.4MB,6505.9990234375,2022-04-06 10:04:08,"Horstmeier, Greg",Upper Flint Water Planning Region,,2022-04-06 09:04:03,Adobe Acrobat Pro DC (32-bit) 22.1.20085,161,105,258,PDF 1.7,"['https://gefa.georgia.gov/water-programs/water-infrastructure-financing/water-studies#main-content', 'https://gefa.georgia.gov/water-programs/water-infrastructure-financing/water-studies']",['Upper\n \nFlint Water Planning Region Redundancy Study'],Report,0.9436128735542297
Georgia Water Supply Redundancy Study,https://gefa.georgia.gov/document/document/upper-oconee-water-planning-region-study/download,7.0MB,7156.7861328125,2022-04-11 09:05:01,"Horstmeier, Greg",Upper Oconee Water Planning Region,,2022-04-08 09:00:02,Adobe PDF Library 22.1.117,211,146,238,PDF 1.7,"['https://gefa.georgia.gov/water-programs/water-infrastructure-financing/water-studies#main-content', 'https://gefa.georgia.gov/water-programs/water-infrastructure-financing/water-studies']",['Upper\n \nOconee Water Planning Region Redundancy Study'],Report,0.942058801651001
Georgia Water Supply Redundancy Study,https://gefa.georgia.gov/document/document/lower-flint-ochlockonee-water-planning-region-study/download,7.4MB,7556.1591796875,2022-04-11 17:00:01,"Horstmeier, Greg",Lower Flint-Ochlockonee Water Planning Region,,2022-03-10 09:00:02,Adobe Acrobat Pro DC (32-bit) 21.11.20039,136,95,243,PDF 1.7,"['https://gefa.georgia.gov/water-programs/water-infrastructure-financing/water-studies#main-content', 'https://gefa.georgia.gov/water-programs/water-infrastructure-financing/water-studies']",['Lower\n \nFlint-Ochlockonee Water Planning Region Redundancy Study'],Report,0.8737872838973999
download,https://gefa.georgia.gov/document/document/georgia-statewide-biosolids-assessment/download,10.3MB,10581.384765625,2021-12-22 14:01:05,"Moss, Lynne H",,,2021-12-13 16:04:02,Microsoft® Word for Microsoft 365,181,39,229,PDF 1.7,"['https://gefa.georgia.gov/water-programs/water-infrastructure-financing/water-studies#main-content', 'https://gefa.georgia.gov/water-programs/water-infrastructure-financing/water-studies']",['View\n \nthe complete study'],Report,0.9453628063201904
GEFA_Project-Highlights_V16.indd,https://gefa.georgia.gov/document/publication/gefa-water-system-interconnection-supply-plan-highlightspdf/download,3.1MB,3140.4072265625,2011-09-12 22:00:04,jrabidou,,,2011-09-12 22:00:04,Acrobat Distiller 9.4.5 (Windows),4,1,63,PDF 1.6,"['https://gefa.georgia.gov/water-programs/water-infrastructure-financing/water-studies#main-content', 'https://gefa.georgia.gov/water-programs/water-infrastructure-financing/water-studies']",['Access\n \na summary of the study'],Form,0.36785751581192017
Microsoft Word - GEFA_Draft_Report_version35.docx,https://gefa.georgia.gov/document/publication/gefa-water-system-interconnection-supply-planpdf/download,3.1MB,3221.708984375,2011-09-08 12:03:04,Rbrownl1,,,2011-09-08 12:00:03,Acrobat Distiller 8.1.0 (Windows),92,50,149,PDF 1.6,"['https://gefa.georgia.gov/water-programs/water-infrastructure-financing/water-studies#main-content', 'https://gefa.georgia.gov/water-programs/water-infrastructure-financing/water-studies']",['View\n \nthe complete study'],Report,0.9476972818374634
Microsoft Word - Georgia Inventory and Survey of Feasible Sites for Water Supply Reservoirs Report 11-03-08.doc,https://gefa.georgia.gov/document/publication/gefa-mactec-inventory-survey-feasible-reservoir-sitespdf/download,17.8MB,18232.6455078125,2011-01-31 12:00:09,mmlatalladi,,,2008-11-03 13:01:06,Acrobat Distiller 6.0 (Windows),121,14,242,PDF 1.5,"['https://gefa.georgia.gov/water-programs/water-infrastructure-financing/water-studies#main-content', 'https://gefa.georgia.gov/water-programs/water-infrastructure-financing/water-studies']",['View\n \nthe complete study'],Report,0.9584992527961731
download,https://gefa.georgia.gov/document/document/e-procurement-one-step-selection-process/download,53.1KB,53.12890625,2020-09-21 15:00:09,Richard Sawyer,,,2020-09-18 10:02:06,Adobe PDF Library 15.0,4,1,0,PDF 1.6,"['https://gefa.georgia.gov/water-programs/water-infrastructure-financing/architectural-and-engineering-services', 'https://gefa.georgia.gov/water-programs/water-infrastructure-financing/architectural-and-engineering-services#main-content']",['A/E\xa0Services One-step Selection Process'],Form,0.4782886505126953
download,https://gefa.georgia.gov/document/document/e-procurement-two-step-selection-process/download,67.2KB,67.2138671875,2020-09-21 15:01:00,Richard Sawyer,,,2020-09-18 10:03:00,Adobe PDF Library 15.0,6,2,0,PDF 1.6,"['https://gefa.georgia.gov/water-programs/water-infrastructure-financing/architectural-and-engineering-services', 'https://gefa.georgia.gov/water-programs/water-infrastructure-financing/architectural-and-engineering-services#main-content']",['A/E\xa0Services Two-step Selection Process'],Spreadsheet,0.30181825160980225
download,https://gefa.georgia.gov/document/document/ae-one-step-rfq-template/download,218.0KB,217.986328125,2020-07-20 15:02:05,Richard Sawyer,,,2020-07-20 15:02:05,Microsoft® Word for Office 365,12,2,0,PDF 1.7,"['https://gefa.georgia.gov/water-programs/water-infrastructure-financing/architectural-and-engineering-services', 'https://gefa.georgia.gov/water-programs/water-infrastructure-financing/architectural-and-engineering-services#main-content']",['A/E\xa0One-step RFQ Template'],Spreadsheet,0.24049144983291626
download,https://gefa.georgia.gov/document/document/ae-two-step-rfq-template/download,268.7KB,268.6884765625,2020-07-20 15:04:04,Richard Sawyer,,,2020-07-20 15:04:04,Microsoft® Word for Office 365,19,4,0,PDF 1.7,"['https://gefa.georgia.gov/water-programs/water-infrastructure-financing/architectural-and-engineering-services', 'https://gefa.georgia.gov/water-programs/water-infrastructure-financing/architectural-and-engineering-services#main-content']",['A/E\xa0Two-step RFQ Template'],Procurement,0.22614972293376923
download,https://gefa.georgia.gov/document/document/ae-faqs/download,70.2KB,70.2099609375,2021-04-05 11:00:05,"Hix, Shane",,,2021-01-26 14:04:05,Microsoft® Word for Office 365,1,0,1,PDF 1.7,"['https://gefa.georgia.gov/water-programs/water-infrastructure-financing/architectural-and-engineering-services', 'https://gefa.georgia.gov/water-programs/water-infrastructure-financing/architectural-and-engineering-services#main-content']",['A/E\xa0Frequently Asked Questions'],Spreadsheet,0.3857460021972656
download,https://gefa.georgia.gov/document/document/fy2024-cwsrf-base-and-supplemental-annual-report/download,440.4KB,440.427734375,2024-10-01 16:05:05,jason,,,2024-09-26 10:04:06,Adobe PDF Library 24.3.144,21,13,1,PDF 1.6,"['https://gefa.georgia.gov/water-programs/intended-use-plans/srf-annual-reports#main-content', 'https://gefa.georgia.gov/water-programs/intended-use-plans/srf-annual-reports']",['2024\n \nCWSRF Base and Supplemental Annual Report'],Report,0.9432955980300903
Microsoft Word - 2024 DWSRF Base and Supplemental Annual Report_Draft,https://gefa.georgia.gov/document/document/fy2024-dwsrf-base-and-supplemental-annual-report/download,4.8MB,4912.447265625,2024-10-01 16:05:09,Lisa Golphin,,,2024-09-26 14:01:00,Microsoft: Print To PDF,56,24,13,PDF 1.7,"['https://gefa.georgia.gov/water-programs/intended-use-plans/srf-annual-reports#main-content', 'https://gefa.georgia.gov/water-programs/intended-use-plans/srf-annual-reports']",['2024\n \nDWSRF Base and Supplemental Annual Report'],Report,0.9867821931838989
download,https://gefa.georgia.gov/document/document/fy2024-cwsrf-asadra-annual-report/download,290.3KB,290.2744140625,2024-10-01 16:05:02,jason,,,2024-09-26 11:03:04,Adobe PDF Library 24.3.144,10,4,1,PDF 1.6,"['https://gefa.georgia.gov/water-programs/intended-use-plans/srf-annual-reports#main-content', 'https://gefa.georgia.gov/water-programs/intended-use-plans/srf-annual-reports']",['2024\n \nCWSRF ASADRA Annual Report'],Report,0.9701322913169861
Microsoft Word - 2024 DWSRF ASADRA Annual Report_DRAFT,https://gefa.georgia.gov/document/document/fy2024-dwsrf-asadra-annual-report/download,4.4MB,4549.826171875,2024-10-01 16:05:06,Lisa Golphin,,,2024-09-28 19:02:07,Microsoft: Print To PDF,26,9,9,PDF 1.7,"['https://gefa.georgia.gov/water-programs/intended-use-plans/srf-annual-reports#main-content', 'https://gefa.georgia.gov/water-programs/intended-use-plans/srf-annual-reports']",['2024\n \nDWSRF ASADRA Annual Report'],Report,0.9471338391304016
download,https://gefa.georgia.gov/document/document/fy2024-cwsrf-emerging-contaminants-program-annual-report/download,300.1KB,300.0791015625,2024-10-01 16:05:04,jason,,,2024-09-26 11:04:02,Adobe PDF Library 24.3.144,10,5,1,PDF 1.6,"['https://gefa.georgia.gov/water-programs/intended-use-plans/srf-annual-reports#main-content', 'https://gefa.georgia.gov/water-programs/intended-use-plans/srf-annual-reports']",['2024\n \nCWSRF Emerging Contaminants Annual Report'],Report,0.9701154828071594
Microsoft Word - 2024 DW EC Annual Report,https://gefa.georgia.gov/document/document/fy2024-dwsrf-emerging-contaminants-program-annual-report/download,1.1MB,1104.2001953125,2024-10-01 16:05:07,Lisa Golphin,,,2024-09-29 11:05:09,Microsoft: Print To PDF,35,13,9,PDF 1.7,"['https://gefa.georgia.gov/water-programs/intended-use-plans/srf-annual-reports#main-content', 'https://gefa.georgia.gov/water-programs/intended-use-plans/srf-annual-reports']",['2024\n \nDWSRF Emerging Contaminants Annual Report'],Report,0.9857682585716248
Microsoft Word - 2024 DWSRF LSLR Annual Report_ v1,https://gefa.georgia.gov/document/document/fy2024-dwsrf-lead-service-line-replacement-program-annual-report/download,4.3MB,4426.9384765625,2024-10-01 16:05:08,Lisa Golphin,,,2024-09-24 13:03:01,Microsoft: Print To PDF,69,24,9,PDF 1.7,"['https://gefa.georgia.gov/water-programs/intended-use-plans/srf-annual-reports#main-content', 'https://gefa.georgia.gov/water-programs/intended-use-plans/srf-annual-reports']",['2024\n \nDWSRF Lead Service Line Replacement Program Annual Report'],Report,0.9912520051002502
download,https://gefa.georgia.gov/document/document/2023-cwsrf-base-and-supplemental-annual-report/download,405.6KB,405.623046875,2023-10-11 10:00:02,jason,,,2023-09-27 18:00:02,Adobe PDF Library 23.6.96,20,12,1,PDF 1.6,"['https://gefa.georgia.gov/water-programs/intended-use-plans/srf-annual-reports#main-content', 'https://gefa.georgia.gov/water-programs/intended-use-plans/srf-annual-reports']",['2023\n \nCWSRF Base and Supplemental\xa0Annual Report'],Report,0.944968581199646
STATE OF GEORGIA,https://gefa.georgia.gov/document/document/2023-dwsrf-base-and-supplemental-annual-report/download,578.8KB,578.78125,2023-10-11 10:00:02,Jason,,,2023-09-27 18:04:00,Adobe PDF Library 23.6.96,30,15,2,PDF 1.6,"['https://gefa.georgia.gov/water-programs/intended-use-plans/srf-annual-reports#main-content', 'https://gefa.georgia.gov/water-programs/intended-use-plans/srf-annual-reports']",['2023\n \nDWSRF Base and Supplemental Annual Report'],Report,0.8284639716148376
Microsoft Word - 2023 DWSRF LSLR Annual Report_ Final ,https://gefa.georgia.gov/document/document/fy23-dwsrf-lslrp-annual-report/download,371.9KB,371.8681640625,2023-10-06 16:04:00,lgolphin,,,2023-10-02 01:01:00,Acrobat Distiller 23.0 (Windows),42,10,1,PDF 1.6,"['https://gefa.georgia.gov/water-programs/intended-use-plans/srf-annual-reports#main-content', 'https://gefa.georgia.gov/water-programs/intended-use-plans/srf-annual-reports']",['2023\n \nDWSRF Lead Service Line Replacement Program Annual Report'],Report,0.9926060438156128
download,https://gefa.georgia.gov/document/document/2023-cwsrf-asadra-annual-report/download,335.1KB,335.1142578125,2023-10-03 12:01:01,jason,,,2023-09-29 12:00:04,Adobe PDF Library 23.6.96,15,9,1,PDF 1.6,"['https://gefa.georgia.gov/water-programs/intended-use-plans/srf-annual-reports#main-content', 'https://gefa.georgia.gov/water-programs/intended-use-plans/srf-annual-reports']",['2023\n \nCWSRF ASADRA Annual Report'],Report,0.9684730172157288
STATE OF GEORGIA,https://gefa.georgia.gov/document/document/2023-dwsrf-asadra-annual-report/download,369.2KB,369.2099609375,2023-10-03 12:01:00,Jason,,,2023-09-29 11:05:04,Adobe PDF Library 23.6.96,17,10,1,PDF 1.6,"['https://gefa.georgia.gov/water-programs/intended-use-plans/srf-annual-reports#main-content', 'https://gefa.georgia.gov/water-programs/intended-use-plans/srf-annual-reports']",['2023\n \nDWSRF ASADRA Annual Report'],Report,0.8720678091049194
download,https://gefa.georgia.gov/document/document/2023-cwsrf-ec-annual-report/download,195.4KB,195.4306640625,2023-10-03 12:00:09,jason,,,2023-10-02 15:05:08,Microsoft® Word for Microsoft 365,10,3,1,PDF 1.7,"['https://gefa.georgia.gov/water-programs/intended-use-plans/srf-annual-reports#main-content', 'https://gefa.georgia.gov/water-programs/intended-use-plans/srf-annual-reports']",['2023\n \nCWSRF Emerging Contaminants Annual Report'],Report,0.9551008939743042
download,https://gefa.georgia.gov/document/document/2023-dwsrf-ec-annual-report/download,194.6KB,194.552734375,2023-10-03 12:00:09,jason,,,2023-10-02 15:05:01,Microsoft® Word for Microsoft 365,9,3,1,PDF 1.7,"['https://gefa.georgia.gov/water-programs/intended-use-plans/srf-annual-reports#main-content', 'https://gefa.georgia.gov/water-programs/intended-use-plans/srf-annual-reports']",['2023\n \nDWSRF\xa0Emerging Contaminants Annual Report'],Report,0.9523009657859802
download,https://gefa.georgia.gov/document/document/2022-cwsrf-annual-report/download,401.5KB,401.4619140625,2022-10-13 17:03:07,jason,,,2022-09-30 14:04:04,Adobe PDF Library 22.2.244,20,10,1,PDF 1.6,"['https://gefa.georgia.gov/water-programs/intended-use-plans/srf-annual-reports#main-content', 'https://gefa.georgia.gov/water-programs/intended-use-plans/srf-annual-reports']",['2022\n \nCWSRF Annual Report'],Report,0.9541586637496948
download,https://gefa.georgia.gov/document/document/2022-cwsrf-asadra-annual-report/download,339.8KB,339.8056640625,2022-10-13 17:04:00,jason,,,2022-09-30 13:05:08,Adobe PDF Library 22.2.244,15,9,1,PDF 1.6,"['https://gefa.georgia.gov/water-programs/intended-use-plans/srf-annual-reports#main-content', 'https://gefa.georgia.gov/water-programs/intended-use-plans/srf-annual-reports']",['2022\n \nCWSRF ASADRA Annual Report'],Report,0.9694339632987976
STATE OF GEORGIA,https://gefa.georgia.gov/document/document/2022-dwsrf-annual-report/download,603.2KB,603.2353515625,2022-10-13 17:03:08,Jason,,,2022-09-30 14:05:04,Adobe PDF Library 22.2.244,28,12,2,PDF 1.6,"['https://gefa.georgia.gov/water-programs/intended-use-plans/srf-annual-reports#main-content', 'https://gefa.georgia.gov/water-programs/intended-use-plans/srf-annual-reports']",['2022\n \nDWSRF Annual Report'],Report,0.8706745505332947
STATE OF GEORGIA,https://gefa.georgia.gov/document/document/2022-dwsrf-asadra-annual-report/download,359.8KB,359.837890625,2022-10-13 17:03:09,Jason,,,2022-09-30 15:03:06,Adobe PDF Library 22.2.244,17,10,1,PDF 1.6,"['https://gefa.georgia.gov/water-programs/intended-use-plans/srf-annual-reports#main-content', 'https://gefa.georgia.gov/water-programs/intended-use-plans/srf-annual-reports']",['2022\n \nDWSRF ASADRA Annual Report'],Report,0.869592547416687
download,https://gefa.georgia.gov/document/document/2021-cwsrf-annual-report/download,403.5KB,403.4580078125,2021-10-28 17:03:07,jason,,,2021-09-30 14:04:06,Adobe PDF Library 21.7.127,20,10,1,PDF 1.6,"['https://gefa.georgia.gov/water-programs/intended-use-plans/srf-annual-reports#main-content', 'https://gefa.georgia.gov/water-programs/intended-use-plans/srf-annual-reports']",['2021\n \nCWSRF Annual Report'],Report,0.9541586637496948
STATE OF GEORGIA,https://gefa.georgia.gov/document/document/2021-dwsrf-annual-report/download,642.0KB,641.984375,2021-10-28 17:03:06,Jason,,,2021-09-30 10:03:08,Adobe PDF Library 21.7.127,29,12,1,PDF 1.6,"['https://gefa.georgia.gov/water-programs/intended-use-plans/srf-annual-reports#main-content', 'https://gefa.georgia.gov/water-programs/intended-use-plans/srf-annual-reports']",['2021\n \nDWSRF Annual Report'],Report,0.871518611907959
download,https://gefa.georgia.gov/document/document/2020-cwsrf-annual-report/download,410.2KB,410.244140625,2020-10-02 15:04:03,jason,,,2020-09-30 08:02:01,Adobe PDF Library 20.12.80,19,10,1,PDF 1.6,"['https://gefa.georgia.gov/water-programs/intended-use-plans/srf-annual-reports#main-content', 'https://gefa.georgia.gov/water-programs/intended-use-plans/srf-annual-reports']",['2020\n \nCWSRF Annual Report'],Report,0.9543229937553406
STATE OF GEORGIA,https://gefa.georgia.gov/document/document/2020-dwsrf-annual-report/download,806.0KB,806.0478515625,2020-10-02 15:03:01,Jason,,,2020-09-29 08:00:02,Adobe PDF Library 20.12.80,30,22,1,PDF 1.6,"['https://gefa.georgia.gov/water-programs/intended-use-plans/srf-annual-reports#main-content', 'https://gefa.georgia.gov/water-programs/intended-use-plans/srf-annual-reports']",['2020\n \nDWSRF Annual Report'],Report,0.8485027551651001
download,https://gefa.georgia.gov/document/document/2019-cwsrf-annual-report/download,255.4KB,255.4013671875,2019-10-03 15:01:08,jason,,,2019-09-25 10:05:07,Adobe PDF Library 15.0,22,12,1,PDF 1.6,"['https://gefa.georgia.gov/water-programs/intended-use-plans/srf-annual-reports#main-content', 'https://gefa.georgia.gov/water-programs/intended-use-plans/srf-annual-reports']",['2019\n \nCWSRF Annual Report'],Report,0.9349378347396851
STATE OF GEORGIA,https://gefa.georgia.gov/document/document/2019-dwsrf-annual-report--UNPUBLISHED-document--DO-NOT-SHARE-this-URL--/download,546.5KB,546.498046875,2019-10-03 15:01:08,Jason,,,2019-09-25 11:00:03,Adobe PDF Library 15.0,29,16,1,PDF 1.6,"['https://gefa.georgia.gov/water-programs/intended-use-plans/srf-annual-reports#main-content', 'https://gefa.georgia.gov/water-programs/intended-use-plans/srf-annual-reports']",['2019\n \nDWSRF Annual Report'],Report,0.8729066252708435
download,https://gefa.georgia.gov/document/publication/projects-eligible-cwsrfpdf/download,22.9KB,22.9140625,2019-06-24 16:02:01,,,,2019-06-24 16:02:01,Adobe PDF Library 15.0,1,0,0,PDF 1.4,"['https://gefa.georgia.gov/clean-water-state-revolving-fund', 'https://gefa.georgia.gov/clean-water-state-revolving-fund#main-content']",['here'],Spreadsheet,0.3767091929912567
download,https://gefa.georgia.gov/document/publication/projects-eligible-dwsrfpdf/download,23.9KB,23.919921875,2019-06-24 15:05:07,,,,2019-06-24 15:05:07,Adobe PDF Library 15.0,1,0,0,PDF 1.4,"['https://gefa.georgia.gov/drinking-water-state-revolving-fund', 'https://gefa.georgia.gov/drinking-water-state-revolving-fund#main-content']",['here'],Spreadsheet,0.2970440089702606
download,https://gefa.georgia.gov/document/document/georgia-communities-awarded-367-million-loan-funding-lead-service-line-inventory/download,106.0KB,105.953125,2024-11-14 13:01:01,Shane Hix,,,2024-11-14 13:01:01,Adobe PDF Library 24.4.19,1,1,1,PDF 1.6,"['https://gefa.georgia.gov/press-releases/2024-11-14/georgia-communities-awarded-367-million-loan-funding-lead-service-line', 'https://gefa.georgia.gov/press-releases/2024-11-14/georgia-communities-awarded-367-million-loan-funding-lead-service-line#main-content']",['Georgia\xa0communities awarded $36.7 million in loan funding for lead service line inventory and replacement projects'],Brochure,0.3866850733757019
download,https://gefa.georgia.gov/document/document/august-2024-board-meeting-lslrp-loans/download,116.2KB,116.21484375,2024-08-20 10:03:01,Shane Hix,,,2024-08-19 16:05:03,Adobe PDF Library 24.2.13,1,1,1,PDF 1.6,"['https://gefa.georgia.gov/press-releases/2024-08-27/georgia-communities-awarded-189-million-loan-funding-lead-service-line', 'https://gefa.georgia.gov/press-releases/2024-08-27/georgia-communities-awarded-189-million-loan-funding-lead-service-line#main-content']",['August\xa02024 Board Meeting LSLRP Loans'],Letter,0.19594015181064606
download,https://gefa.georgia.gov/document/document/lead-service-line-inventory-and-replacement-may-2024-board-meeting/download,117.3KB,117.259765625,2024-04-29 15:00:00,Shane Hix,,,2024-04-29 14:05:09,Adobe PDF Library 24.2.207,1,1,1,PDF 1.6,"['https://gefa.georgia.gov/press-releases/2024-05-01/georgia-communities-awarded-13-million-loan-funding-lead-service-line#main-content', 'https://gefa.georgia.gov/press-releases/2024-05-01/georgia-communities-awarded-13-million-loan-funding-lead-service-line']",['May\n \n2024 Lead Service Line Project Details'],Letter,0.23760022222995758
download,https://gefa.georgia.gov/document/document/march-2024-lead-service-line-project-details/download,331.1KB,331.1435546875,2024-03-21 11:02:03,Shane Hix,,,2024-03-20 17:03:05,Adobe PDF Library 24.1.124,1,1,1,PDF 1.6,"['https://gefa.georgia.gov/press-releases/2024-03-21/georgia-communities-awarded-16-million-loan-funding-lead-service-line#main-content', 'https://gefa.georgia.gov/press-releases/2024-03-21/georgia-communities-awarded-16-million-loan-funding-lead-service-line']",['March\xa02024 Lead Service Line Project Details'],Diagram,0.7961896061897278
download,https://gefa.georgia.gov/document/document/february-2024-lead-service-line-project-details/download,148.2KB,148.1650390625,2024-02-26 14:05:07,Shane Hix,,,2024-02-26 14:05:06,Adobe PDF Library 23.8.75,3,3,1,PDF 1.6,"['https://gefa.georgia.gov/press-releases/2024-02-29/georgia-communities-awarded-212-million-loan-and-grant-funding-lead', 'https://gefa.georgia.gov/press-releases/2024-02-29/georgia-communities-awarded-212-million-loan-and-grant-funding-lead#main-content']",['February\xa02024 Lead Service Line Project Details'],Policy,0.33393827080726624
download,https://gefa.georgia.gov/document/document/fy2022-grant-awardees-lead-service-line-inventories/download,209.1KB,209.130859375,2023-06-21 17:00:02,Lisa Golphin,,,2023-06-21 17:00:02,Adobe PDF Library 23.3.233,3,6,1,PDF 1.6,"['https://gefa.georgia.gov/press-releases/2023-06-27/georgia-communities-awarded-187-million-grant-funding-lead-service-line', 'https://gefa.georgia.gov/press-releases/2023-06-27/georgia-communities-awarded-187-million-grant-funding-lead-service-line#main-content']",['FY2022\xa0Grant awardees for Lead Service Line Inventories'],Brochure,0.6151108145713806
20231026 - Loan Committee Agenda.xlsx,https://gefa.georgia.gov/document/document/november-2023-loan-list-finalpdf/download,49.4KB,49.3916015625,2023-11-03 14:01:02,slucki,,,2023-11-03 14:01:02,Acrobat Distiller 23.0 (Windows),1,0,0,PDF 1.6,"['https://gefa.georgia.gov/events/2023-11-09/gefa-board-meeting', 'https://gefa.georgia.gov/events/2023-11-09/gefa-board-meeting#main-content']",['November-2023-loan-list-final.pdf'],Agenda,0.6906645894050598
FY2024 Board Loan Report 1.xlsx,https://gefa.georgia.gov/document/document/august-2023-loan-list-finalpdf/download,46.5KB,46.517578125,2023-08-21 11:01:01,slucki,,,2023-08-21 11:01:01,Acrobat Distiller 23.0 (Windows),1,0,0,PDF 1.6,"['https://gefa.georgia.gov/events/2023-08-22/gefa-board-meeting', 'https://gefa.georgia.gov/events/2023-08-22/gefa-board-meeting#main-content']",['August-2023-loan-list-final.pdf'],Spreadsheet,0.7043964266777039
FY2023 Board Loan Report 1.xlsx,https://gefa.georgia.gov/document/document/november-2022-loan-list-finalpdf/download,50.8KB,50.7861328125,2022-11-09 07:03:07,slucki,,,2022-11-09 07:03:07,Acrobat Distiller 22.0 (Windows),1,0,0,PDF 1.6,"['https://gefa.georgia.gov/events/2022-11-10/gefa-board-meeting', 'https://gefa.georgia.gov/events/2022-11-10/gefa-board-meeting#main-content']",['November-2022-loan-list-final.pdf'],Spreadsheet,0.6980882883071899
FY2023 Board Loan Report 1.xlsx,https://gefa.georgia.gov/document/document/august-2022-loan-list-finalpdf/download,49.8KB,49.8330078125,2022-08-18 13:02:01,slucki,,,2022-08-18 13:02:01,Acrobat Distiller 22.0 (Windows),1,0,0,PDF 1.6,"['https://gefa.georgia.gov/events/2022-08-23/gefa-board-meeting', 'https://gefa.georgia.gov/events/2022-08-23/gefa-board-meeting#main-content']",['August-2022-loan-list-final.pdf'],Spreadsheet,0.6980882883071899
FY2022 Board Loan Report 1.xlsx,https://gefa.georgia.gov/document/document/may-2022-loan-list-finalpdf/download,51.0KB,51.03515625,2022-05-03 15:01:02,slucki,,,2022-05-03 15:01:02,Acrobat Distiller 22.0 (Windows),1,0,0,PDF 1.6,"['https://gefa.georgia.gov/events/2022-05-10/gefa-board-meeting#main-content', 'https://gefa.georgia.gov/events/2022-05-10/gefa-board-meeting']",['May-2022-loan-list-final.pdf'],Spreadsheet,0.6980438828468323
FY2022 Board Loan Report 1.xlsx,https://gefa.georgia.gov/document/document/november-2021-loan-list-finalpdf/download,50.6KB,50.591796875,2021-10-26 09:02:07,slucki,,,2021-10-22 16:02:04,Acrobat Distiller 21.0 (Windows),1,0,0,PDF 1.6,"['https://gefa.georgia.gov/events/2021-11-04/gefa-board-meeting#main-content', 'https://gefa.georgia.gov/events/2021-11-04/gefa-board-meeting']",['november-2021-loan-list-final.pdf'],Spreadsheet,0.6980882883071899
download,https://gefa.georgia.gov/document/document/august-2021-loan-list-finalpdf/download,69.3KB,69.291015625,2021-08-23 07:01:05,"Yawn, Kim",,,2021-08-23 07:01:04,Microsoft® Excel® for Microsoft 365,1,0,0,PDF 1.7,"['https://gefa.georgia.gov/events/2021-08-24/gefa-board-meeting#main-content', 'https://gefa.georgia.gov/events/2021-08-24/gefa-board-meeting']",['august-2021-loan-list-final.pdf'],Notice,0.48761406540870667
FY2021 Board Loan Report 1.xlsx,https://gefa.georgia.gov/document/document/may-2021-loan-list-finalpdf/download,54.6KB,54.6318359375,2021-05-05 16:05:06,slucki,,,2021-05-05 16:05:06,Acrobat Distiller 21.0 (Windows),1,0,0,PDF 1.6,"['https://gefa.georgia.gov/events/2021-05-11/gefa-board-meeting', 'https://gefa.georgia.gov/events/2021-05-11/gefa-board-meeting#main-content']",['may-2021-Loan-List-final.pdf'],Spreadsheet,0.6980438828468323
FY2021 Board Loan Report 1.xlsx,https://gefa.georgia.gov/document/document/january-2021-loan-list-finalpdf/download,50.3KB,50.2861328125,2021-01-21 14:05:02,slucki,,,2021-01-21 14:05:02,Acrobat Distiller 20.0 (Windows),1,0,0,PDF 1.6,"['https://gefa.georgia.gov/events/2021-01-25/gefa-board-meeting', 'https://gefa.georgia.gov/events/2021-01-25/gefa-board-meeting#main-content']",['january-2021-loan-list-final.pdf'],Spreadsheet,0.6980882883071899
FY2021 Board Loan Report 1.xlsx,https://gefa.georgia.gov/document/document/november-2020-loan-list-finalpdf/download,51.4KB,51.4267578125,2020-11-03 17:04:02,slucki,,,2020-11-03 17:04:02,Acrobat Distiller 20.0 (Windows),2,0,0,PDF 1.6,"['https://gefa.georgia.gov/events/2020-11-05/gefa-board-meeting', 'https://gefa.georgia.gov/events/2020-11-05/gefa-board-meeting#main-content']",['november-2020-loan-list-final.pdf'],Spreadsheet,0.7765997052192688
download,https://gefa.georgia.gov/document/document/august-2020-loan-list-finalpdf/download,72.9KB,72.9267578125,2020-08-18 08:01:03,"Yawn, Kim",,,2020-08-18 08:01:03,Microsoft® Excel® for Office 365,1,0,0,PDF 1.7,"['https://gefa.georgia.gov/events/2020-08-25/gefa-board-meeting#main-content', 'https://gefa.georgia.gov/events/2020-08-25/gefa-board-meeting']",['august-2020-loan-list-final.pdf'],Notice,0.4867226779460907
FY2020 Board Loan Report 1.xlsx,https://gefa.georgia.gov/document/document/january-2020-loan-list-final/download,6.8KB,6.7802734375,2020-01-15 16:00:08,slucki,,,2020-01-15 16:00:08,Acrobat Distiller 17.0 (Windows),1,0,0,PDF 1.5,"['https://gefa.georgia.gov/events/2020-01-27/gefa-board-meeting', 'https://gefa.georgia.gov/events/2020-01-27/gefa-board-meeting#main-content']",['january-2020-loan-list-final'],Spreadsheet,0.8220722675323486
download,https://gefa.georgia.gov/document/document/january-2020-board-meeting-summary-finalpdf/download,86.6KB,86.625,2020-01-29 13:04:08,cjones,,,2020-01-29 13:04:08,Microsoft® Word for Office 365,2,0,1,PDF 1.7,"['https://gefa.georgia.gov/events/2020-01-27/gefa-board-meeting', 'https://gefa.georgia.gov/events/2020-01-27/gefa-board-meeting#main-content']",['january-2020-board-meeting-summary-final.pdf'],Policy,0.2634325325489044
