file_name,url,file_size,file_size_kilobytes,last_modified_date,author,subject,keywords,creation_date,producer,number_of_pages,number_of_tables,number_of_images,version,source,text_around_link,predicted_category,predicted_category_confidence
download,https://gta.georgia.gov/document/document/jaggaer-instructions-supplier-response-eventspdf/download,1006.1KB,1006.109375,2020-06-16 05:39:49,"Chapman, Mary",,,2020-06-16 05:39:46,Adobe PDF Library 20.9.95,5,5,15,PDF 1.6,"['https://gta.georgia.gov/working-gta/suppliers', 'https://gta.georgia.gov/working-gta/suppliers#hdi-19336-step-1', 'https://gta.georgia.gov/working-gta/suppliers#hdi-19336-step-3', 'https://gta.georgia.gov/node/19286#hdi-19336-step-3', 'https://gta.georgia.gov/node/19286#hdi-19336-step-2', 'https://gta.georgia.gov/node/19286#hdi-19336-step-4', 'https://gta.georgia.gov/node/19286#main-content', 'https://gta.georgia.gov/node/19286#hdi-19336-step-1', 'https://gta.georgia.gov/node/19286#hdi-19336-step-5', 'https://gta.georgia.gov/working-gta/suppliers#hdi-19336-step-2', 'https://gta.georgia.gov/working-gta/suppliers#hdi-19336-step-4', 'https://gta.georgia.gov/working-gta/suppliers#main-content', 'https://gta.georgia.gov/working-gta/suppliers#hdi-19336-step-5', 'https://gta.georgia.gov/node/19286']",['Jaggaer\xa0Instructions - Supplier Response to Events.pdf'],Brochure,0.2757335603237152
download,https://gta.georgia.gov/document/document/e-verify-contractor-affidavit-29-april-2021/download,193.5KB,193.498046875,2021-04-29 10:36:24,"Glazer-Gay, Nanci",,,2014-03-26 10:46:08,Adobe PDF Library 11.0,1,0,1,PDF 1.6,"['https://gta.georgia.gov/working-gta/suppliers', 'https://gta.georgia.gov/working-gta/suppliers#hdi-19336-step-1', 'https://gta.georgia.gov/working-gta/suppliers#hdi-19336-step-3', 'https://gta.georgia.gov/node/19286#hdi-19336-step-3', 'https://gta.georgia.gov/node/19286#hdi-19336-step-2', 'https://gta.georgia.gov/node/19286#hdi-19336-step-4', 'https://gta.georgia.gov/node/19286#main-content', 'https://gta.georgia.gov/node/19286#hdi-19336-step-1', 'https://gta.georgia.gov/node/19286#hdi-19336-step-5', 'https://gta.georgia.gov/working-gta/suppliers#hdi-19336-step-2', 'https://gta.georgia.gov/working-gta/suppliers#hdi-19336-step-4', 'https://gta.georgia.gov/working-gta/suppliers#main-content', 'https://gta.georgia.gov/working-gta/suppliers#hdi-19336-step-5', 'https://gta.georgia.gov/node/19286']",['E-Verify\xa0contractor\n \naffidavit'],Diagram,0.3036017417907715
(Microsoft Word - AG-#654040-v1-Second_Subcontractor_Affidavit_under_O_C_G_A___247_13-10-91_b__3_).pdf,https://gta.georgia.gov/document/document/subcontractor-affidavit-29-april-2021/download,108.4KB,108.4267578125,2021-04-29 10:35:56,State of GA Department of Law,,,2011-12-13 13:38:52,pdfDocs version 2.2.3.14 (www.pdfdocs.com.au),1,0,1,PDF 1.6,"['https://gta.georgia.gov/working-gta/suppliers', 'https://gta.georgia.gov/working-gta/suppliers#hdi-19336-step-1', 'https://gta.georgia.gov/working-gta/suppliers#hdi-19336-step-3', 'https://gta.georgia.gov/node/19286#hdi-19336-step-3', 'https://gta.georgia.gov/node/19286#hdi-19336-step-2', 'https://gta.georgia.gov/node/19286#hdi-19336-step-4', 'https://gta.georgia.gov/node/19286#main-content', 'https://gta.georgia.gov/node/19286#hdi-19336-step-1', 'https://gta.georgia.gov/node/19286#hdi-19336-step-5', 'https://gta.georgia.gov/working-gta/suppliers#hdi-19336-step-2', 'https://gta.georgia.gov/working-gta/suppliers#hdi-19336-step-4', 'https://gta.georgia.gov/working-gta/suppliers#main-content', 'https://gta.georgia.gov/working-gta/suppliers#hdi-19336-step-5', 'https://gta.georgia.gov/node/19286']",['E-Verify\xa0subcontractor\n \naffidavit'],Letter,0.22923363745212555
download,https://gta.georgia.gov/document/document/certificate-insurance-february-2021/download,580.5KB,580.5126953125,2021-02-12 08:49:52,"Mehalko, Lisa",,,2021-02-12 08:49:29,Adobe PDF Library 20.13.96,1,3,0,PDF 1.7,"['https://gta.georgia.gov/working-gta/suppliers', 'https://gta.georgia.gov/working-gta/suppliers#hdi-19336-step-1', 'https://gta.georgia.gov/working-gta/suppliers#hdi-19336-step-3', 'https://gta.georgia.gov/node/19286#hdi-19336-step-3', 'https://gta.georgia.gov/node/19286#hdi-19336-step-2', 'https://gta.georgia.gov/node/19286#hdi-19336-step-4', 'https://gta.georgia.gov/node/19286#main-content', 'https://gta.georgia.gov/node/19286#hdi-19336-step-1', 'https://gta.georgia.gov/node/19286#hdi-19336-step-5', 'https://gta.georgia.gov/working-gta/suppliers#hdi-19336-step-2', 'https://gta.georgia.gov/working-gta/suppliers#hdi-19336-step-4', 'https://gta.georgia.gov/working-gta/suppliers#main-content', 'https://gta.georgia.gov/working-gta/suppliers#hdi-19336-step-5', 'https://gta.georgia.gov/node/19286']",['Certificate\xa0of\n \ninsurance (COI)'],Diagram,0.7904137372970581
download,https://gta.georgia.gov/document/document/blank-w-9-february-2021/download,73.8KB,73.7509765625,2021-02-05 15:09:09,"Mehalko, Lisa",,,2021-02-05 15:06:22,Adobe PDF Library 20.13.96,7,7,0,PDF 1.7,"['https://gta.georgia.gov/working-gta/suppliers', 'https://gta.georgia.gov/working-gta/suppliers#hdi-19336-step-1', 'https://gta.georgia.gov/working-gta/suppliers#hdi-19336-step-3', 'https://gta.georgia.gov/node/19286#hdi-19336-step-3', 'https://gta.georgia.gov/node/19286#hdi-19336-step-2', 'https://gta.georgia.gov/node/19286#hdi-19336-step-4', 'https://gta.georgia.gov/node/19286#main-content', 'https://gta.georgia.gov/node/19286#hdi-19336-step-1', 'https://gta.georgia.gov/node/19286#hdi-19336-step-5', 'https://gta.georgia.gov/working-gta/suppliers#hdi-19336-step-2', 'https://gta.georgia.gov/working-gta/suppliers#hdi-19336-step-4', 'https://gta.georgia.gov/working-gta/suppliers#main-content', 'https://gta.georgia.gov/working-gta/suppliers#hdi-19336-step-5', 'https://gta.georgia.gov/node/19286']",['W-9'],Policy,0.580233633518219
download,https://gta.georgia.gov/document/document/nda-gta-2022-may/download,156.4KB,156.3818359375,2022-05-13 15:30:41,"Le, Cam-Anh",,,2022-05-13 15:23:55,Adobe PDF Library 22.1.149,4,0,0,PDF 1.6,"['https://gta.georgia.gov/working-gta/suppliers', 'https://gta.georgia.gov/working-gta/suppliers#hdi-19336-step-1', 'https://gta.georgia.gov/working-gta/suppliers#hdi-19336-step-3', 'https://gta.georgia.gov/node/19286#hdi-19336-step-3', 'https://gta.georgia.gov/node/19286#hdi-19336-step-2', 'https://gta.georgia.gov/node/19286#hdi-19336-step-4', 'https://gta.georgia.gov/node/19286#main-content', 'https://gta.georgia.gov/node/19286#hdi-19336-step-1', 'https://gta.georgia.gov/node/19286#hdi-19336-step-5', 'https://gta.georgia.gov/working-gta/suppliers#hdi-19336-step-2', 'https://gta.georgia.gov/working-gta/suppliers#hdi-19336-step-4', 'https://gta.georgia.gov/working-gta/suppliers#main-content', 'https://gta.georgia.gov/working-gta/suppliers#hdi-19336-step-5', 'https://gta.georgia.gov/node/19286']",['Non-disclosure\xa0agreement'],Brochure,0.25073733925819397
download,https://gta.georgia.gov/document/document/tax-compliance-form-february-2021/download,171.8KB,171.83203125,2021-02-12 08:50:36,"Mehalko, Lisa",,,2021-02-12 08:50:15,Adobe PDF Library 20.13.96,1,0,0,PDF 1.7,"['https://gta.georgia.gov/working-gta/suppliers', 'https://gta.georgia.gov/working-gta/suppliers#hdi-19336-step-1', 'https://gta.georgia.gov/working-gta/suppliers#hdi-19336-step-3', 'https://gta.georgia.gov/node/19286#hdi-19336-step-3', 'https://gta.georgia.gov/node/19286#hdi-19336-step-2', 'https://gta.georgia.gov/node/19286#hdi-19336-step-4', 'https://gta.georgia.gov/node/19286#main-content', 'https://gta.georgia.gov/node/19286#hdi-19336-step-1', 'https://gta.georgia.gov/node/19286#hdi-19336-step-5', 'https://gta.georgia.gov/working-gta/suppliers#hdi-19336-step-2', 'https://gta.georgia.gov/working-gta/suppliers#hdi-19336-step-4', 'https://gta.georgia.gov/working-gta/suppliers#main-content', 'https://gta.georgia.gov/working-gta/suppliers#hdi-19336-step-5', 'https://gta.georgia.gov/node/19286']",['Tax\xa0compliance\n \nform'],Form,0.5643264651298523
download,https://gta.georgia.gov/document/document/procurement-protest-procedures-1-february-2021/download,187.8KB,187.7763671875,2021-02-01 09:03:06,"Mehalko, Lisa",,,2021-02-01 09:02:58,Adobe PDF Library 20.13.106,4,1,4,PDF 1.6,"['https://gta.georgia.gov/working-gta/suppliers', 'https://gta.georgia.gov/working-gta/suppliers#hdi-19336-step-1', 'https://gta.georgia.gov/working-gta/suppliers#hdi-19336-step-3', 'https://gta.georgia.gov/procurement-faqs', 'https://gta.georgia.gov/node/19286#hdi-19336-step-3', 'https://gta.georgia.gov/node/19286#hdi-19336-step-2', 'https://gta.georgia.gov/node/19286#hdi-19336-step-4', 'https://gta.georgia.gov/node/19286#main-content', 'https://gta.georgia.gov/node/19286#hdi-19336-step-1', 'https://gta.georgia.gov/node/19286#hdi-19336-step-5', 'https://gta.georgia.gov/procurement-faqs#main-content', 'https://gta.georgia.gov/working-gta/suppliers#hdi-19336-step-2', 'https://gta.georgia.gov/working-gta/suppliers#hdi-19336-step-4', 'https://gta.georgia.gov/working-gta/suppliers#main-content', 'https://gta.georgia.gov/working-gta/suppliers#hdi-19336-step-5', 'https://gta.georgia.gov/node/19286']","['Protest\xa0Procedures', 'GTA\n \nProcurement Protest Procedures.']",Brochure,0.48219025135040283
download,https://gta.georgia.gov/document/document/procurement-quick-guide/download,83.2KB,83.1787109375,2022-10-18 11:58:41,"Clark, Michael",,,2022-10-18 11:58:38,Adobe PDF Library 22.3.34,2,2,2,PDF 1.6,"['https://gta.georgia.gov/working-gta/suppliers', 'https://gta.georgia.gov/working-gta/suppliers#hdi-19336-step-1', 'https://gta.georgia.gov/working-gta/suppliers#hdi-19336-step-3', 'https://gta.georgia.gov/procurement-faqs', 'https://gta.georgia.gov/node/19286#hdi-19336-step-3', 'https://gta.georgia.gov/node/19286#hdi-19336-step-2', 'https://gta.georgia.gov/node/19286#hdi-19336-step-4', 'https://gta.georgia.gov/node/19286#main-content', 'https://gta.georgia.gov/node/19286#hdi-19336-step-1', 'https://gta.georgia.gov/node/19286#hdi-19336-step-5', 'https://gta.georgia.gov/procurement-faqs#main-content', 'https://gta.georgia.gov/working-gta/suppliers#hdi-19336-step-2', 'https://gta.georgia.gov/working-gta/suppliers#hdi-19336-step-4', 'https://gta.georgia.gov/working-gta/suppliers#main-content', 'https://gta.georgia.gov/working-gta/suppliers#hdi-19336-step-5', 'https://gta.georgia.gov/node/19286']","['Quick\xa0Guide', 'Procurement\xa0quick guide']",Brochure,0.33797216415405273
GTA Supplier Scorecard Q3 2025...xlsx,https://gta.georgia.gov/document/document/gta-direct-supplier-scorecard-q1-2023pdf/download,674.2KB,674.1767578125,2025-06-10 12:40:03,"Johnson, Hugh",,,2025-06-10 12:40:03,Microsoft: Print To PDF,1,2,1,PDF 1.7,"['https://gta.georgia.gov/services-0/gta-direct-services#main-content', 'https://gta.georgia.gov/services-0/gta-direct-services']",['GTA\xa0Direct Supplier Scorecard'],Diagram,0.2979319393634796
The NIST Cybersecurity Framework (CSF) 2.0,https://gta.georgia.gov/document/document/nist-cybersecurity-framework-20/download,1.5MB,1493.2607421875,2024-03-07 09:27:27,National Institute of Standards and Technology,"The NIST Cybersecurity Framework (CSF) 2.0 provides guidance to industry, government agencies, and other organizations to manage cybersecurity risks. It offers a taxonomy of high-level cybersecurity outcomes that can be used by any organization — regardless of its size, sector, or maturity — to better understand, assess, prioritize, and communicate its cybersecurity efforts. The CSF does not prescribe how outcomes should be achieved. Rather, it links to online resources that provide additional guidance on practices and controls that could be used to achieve those outcomes. This document describes CSF 2.0, its components, and some of the many ways that it can be used.",cybersecurity; Cybersecurity Framework (CSF); cybersecurity risk governance; cybersecurity risk management; enterprise risk management; Profiles; Tiers,2024-03-06 15:46:45,Adobe PDF Library 23.8.53,32,3,9,PDF 1.6,"['https://gta.georgia.gov/policies-and-programs/cybersecurity#main-content', 'https://gta.georgia.gov/policies-and-programs/cybersecurity']",['NIST\xa0Cybersecurity Framework (CSF) 2.0'],Report,0.6679770946502686
Risk Management Framework for Information Systems and Organizations: A System Life Cycle Approach for Security and Privacy,https://gta.georgia.gov/document/document/nist-sp-800-37/download,2.2MB,2217.1162109375,2018-12-19 15:10:02,Joint Task Force,"This publication describes the Risk Management Framework (RMF) and provides guidelines for applying the RMF to information systems and organizations. The RMF provides a disciplined, structured, and flexible process for managing security and privacy risk that includes information security categorization; control selection, implementation, and assessment; system and common control authorizations; and continuous monitoring. The RMF includes activities to prepare organizations to execute the framework at appropriate risk management levels. The RMF also promotes near real-time risk management and ongoing information system and common control authorization through the implementation of continuous monitoring processes; provides senior leaders and executives with the necessary information to make efficient, cost-effective, risk management decisions about the systems supporting their missions and business functions; and incorporates security and privacy into the system development life cycle. Executing the RMF tasks links essential risk management processes at the system level to risk management processes at the organization level. In addition, it establishes responsibility and accountability for the controls implemented within an organization’s information systems and inherited by those systems.",assess; authorization to operate; authorization to use; authorizing official; categorize; common control; common control authorization; common control provider; continuous monitoring; control assessor; control baseline; cybersecurity framework profile; hybrid control; information owner or steward; information security; monitor; ongoing authorization; plan of action and milestones; privacy; privacy assessment report; privacy control; privacy plan; privacy risk; risk assessment; risk executive function; risk management; risk management framework; security; security assessment report; security control; security engineering; security plan; security risk; senior agency information security officer; senior agency official for privacy; supply chain risk management; system development life cycle; system owner; system privacy officer; system security officer; system-specific control.,2018-12-19 12:51:01,Adobe PDF Library 15.0,183,30,42,PDF 1.6,"['https://gta.georgia.gov/policies-and-programs/cybersecurity#main-content', 'https://gta.georgia.gov/policies-and-programs/cybersecurity']",['NIST\xa0Special Publication 800-37'],Report,0.6936623454093933
download,https://gta.georgia.gov/document/document/enterprise-it-strategic-plan-2025/download,2.8MB,2865.30859375,2024-06-20 14:17:23,,,,2019-08-30 11:16:08,Adobe PDF Library 15.0,23,6,531,PDF 1.7,"['https://gta.georgia.gov/about-us/it-strategic-plan-2025#main-content', 'https://gta.georgia.gov/about-us/it-strategic-plan-2025']",['Enterprise\xa0IT Strategic Plan 2025'],Slides,0.4718426465988159
download,https://gta.georgia.gov/document/document/gta-procurement-manual/download,2.4MB,2407.681640625,2025-06-06 13:51:53,djohnson,,,2025-06-06 10:29:42,Adobe PDF Library 25.1.250,93,60,213,PDF 1.6,"['https://gta.georgia.gov/procurement/government-resources', 'https://gta.georgia.gov/government-resources', 'https://gta.georgia.gov/about-us/procurement#main-content', 'https://gta.georgia.gov/government-resources#main-content', 'https://gta.georgia.gov/procurement/government-resources#main-content', 'https://gta.georgia.gov/about-us/procurement']",['GTA\xa0Procurement Manual'],Report,0.5848324298858643
State Annual IT Report,https://gta.georgia.gov/document/document/annual-state-it-report-2024/download,20.1MB,20548.7412109375,2025-02-13 17:51:45,Deborah Rollins,,"DAGdcj4r6qg,BAEPKCMkqbA,0",2025-02-13 17:51:52,Canva,34,26,28,PDF 1.4,"['https://gta.georgia.gov/news/2025-02-13/georgia-fy-2024-annual-state-it-report-highlights-ai-innovation', 'https://gta.georgia.gov/news/2025-02-13/georgia-fy-2024-annual-state-it-report-highlights-ai-innovation#main-content', 'https://gta.georgia.gov/about-us/annual-state-it-report-0#main-content', 'https://gta.georgia.gov/about-us/annual-state-it-report-0']",['Download report'],Report,0.9109759330749512
C:\pdf\200290.wpd,https://gta.georgia.gov/document/document/ga-house-bill-156/download,15.7KB,15.7294921875,2021-07-15 11:39:08,LMSTask.Service,,,2021-03-11 11:26:19,Acrobat Distiller 9.0.0 (Windows),4,0,0,PDF 1.5,"['https://gta.georgia.gov/contact-us/cybersecurity-incidents#main-content', 'https://gta.georgia.gov/contact-us/cybersecurity-incidents']",['GA\xa0House Bill 156'],Spreadsheet,0.3676791787147522
download,https://gta.georgia.gov/media/10371/download,135.8KB,135.75,2025-05-20 19:38:37,"Fife, Tamara",,,2025-05-20 19:38:37,Microsoft® Word for Microsoft 365,1,0,0,PDF 1.7,"['https://gta.georgia.gov/node/16346#main-content', 'https://gta.georgia.gov/find-your-customer-success-manager-csm', 'https://gta.georgia.gov/contact-us/find-your-customer-success-manager-csm', 'https://gta.georgia.gov/find-your-customer-success-manager-csm#main-content', 'https://gta.georgia.gov/contact-us/find-your-customer-success-manager-csm#main-content', 'https://gta.georgia.gov/node/16346', 'https://gta.georgia.gov/find-your-agency-relationship-manager-0', 'https://gta.georgia.gov/find-your-agency-relationship-manager-0#main-content']",['Territory\n \ncoverage'],Diagram,0.481594979763031
download,https://gta.georgia.gov/media/10366/download,170.9KB,170.9384765625,2025-04-29 00:05:27,Tamara Fife,,,2025-04-29 00:05:27,Microsoft® Publisher for Microsoft 365,1,0,3,PDF 1.7,"['https://gta.georgia.gov/node/16346#main-content', 'https://gta.georgia.gov/find-your-customer-success-manager-csm', 'https://gta.georgia.gov/contact-us/find-your-customer-success-manager-csm', 'https://gta.georgia.gov/find-your-customer-success-manager-csm#main-content', 'https://gta.georgia.gov/contact-us/find-your-customer-success-manager-csm#main-content', 'https://gta.georgia.gov/node/16346', 'https://gta.georgia.gov/find-your-agency-relationship-manager-0', 'https://gta.georgia.gov/find-your-agency-relationship-manager-0#main-content']",['Map'],Diagram,0.5792177319526672
CDO Newsletter,https://gta.georgia.gov/document/document/georgia-chief-development-officer-newsletter-0/download,5.3MB,5442.2197265625,2025-04-09 14:07:21,Deborah Rollins1,,"DAGjX2ZVgXA,BAGgyZtY6UI,0",2025-04-09 14:07:23,Canva,6,1,12,PDF 1.4,"['https://gta.georgia.gov/about-us/news/gta-e-newsletters#main-content', 'https://gta.georgia.gov/about-us/news/gta-e-newsletters']",['Georgia\xa0Chief Development Officer Newsletter'],Press,0.963962197303772
download,https://gta.georgia.gov/document/document/psg-exemption-request-form-fy2021-3-august-2021/download,334.9KB,334.90625,2021-08-03 11:55:58,"Morris, Tom",,,2021-08-03 11:55:58,Microsoft® Word for Microsoft 365,5,9,0,PDF 1.7,"['https://gta.georgia.gov/policies-and-programs/enterprise-portfolio-management/investment-management#main-content', 'https://gta.georgia.gov/policies-and-programs/enterprise-portfolio-management/investment-management']",['Exemption\n \nrequest form'],Form,0.7936971187591553
FY26 GETS PUBLISHED RATES 20250627 SET TO PRINT PDF.xlsx,https://gta.georgia.gov/document/document/fy-2025-gets-inf-rates/download,710.4KB,710.4326171875,2025-06-25 14:54:52,"Parish, Robert",,,2025-06-25 14:54:52,Microsoft: Print To PDF,4,4,4,PDF 1.7,"['https://gta.georgia.gov/gets-financial-and-billing-resource-center-main-page', 'https://gta.georgia.gov/gets-financial-and-billing-resource-center-main-page#main-content']",['Infrastructure\xa0services (INF)'],Spreadsheet,0.21386857330799103
FY26 GETS PUBLISHED RATES 20250627 SET TO PRINT PDF.xlsx,https://gta.georgia.gov/document/document/fy-2026-gets-mns-rates/download,866.6KB,866.5732421875,2025-06-25 14:55:30,"Parish, Robert",,,2025-06-25 14:55:30,Microsoft: Print To PDF,8,8,8,PDF 1.7,"['https://gta.georgia.gov/gets-financial-and-billing-resource-center-main-page', 'https://gta.georgia.gov/gets-financial-and-billing-resource-center-main-page#main-content']",['Managed\xa0network services (MNS)'],Report,0.39974018931388855
download,https://gta.georgia.gov/document/document/glossary-gets-terms-november-2020/download,64.5KB,64.4697265625,2020-11-09 12:29:52,"Thomassen, Les",,,2020-11-09 12:29:52,Microsoft® Word for Microsoft 365,2,0,0,PDF 1.7,"['https://gta.georgia.gov/gta-services/georgia-enterprise-technology-services-gets/managing-your-gets-services/printmail#main-content', 'https://gta.georgia.gov/gta-services/georgia-enterprise-technology-services/managing-your-gets-services#main-content', 'https://gta.georgia.gov/gta-services/georgia-enterprise-technology-services/managing-your-gets-services/wan-service#main-content', 'https://gta.georgia.gov/gta-services/georgia-enterprise-technology-services/managing-your-gets-services', 'https://gta.georgia.gov/gta-services/georgia-enterprise-technology-services/managing-your-gets-services/euc-service', 'https://gta.georgia.gov/gta-services/georgia-enterprise-technology-services-gets/managing-your-gets-services/lan-service', 'https://gta.georgia.gov/gta-services/georgia-enterprise-technology-services/managing-your-gets-services/euc-service#main-content', 'https://gta.georgia.gov/gta-services/georgia-enterprise-technology-services/managing-your-gets-services/voice-service', 'https://gta.georgia.gov/gta-services/georgia-enterprise-technology-services-gets/managing-your-gets-services/lan-service#main-content', 'https://gta.georgia.gov/gta-services/georgia-enterprise-technology-services/managing-your-gets-services/wan-service', 'https://gta.georgia.gov/gta-services/georgia-enterprise-technology-services/managing-your-gets-services/mainframe-service#main-content', 'https://gta.georgia.gov/gta-services/georgia-enterprise-technology-services/managing-your-gets-services/voice-service#main-content', 'https://gta.georgia.gov/gta-services/georgia-enterprise-technology-services-gets/managing-your-gets-services/backup-and#main-content', 'https://gta.georgia.gov/gta-services/georgia-enterprise-technology-services/managing-your-gets-services/storage-service#main-content', 'https://gta.georgia.gov/gta-services/georgia-enterprise-technology-services-gets/managing-your-gets-services/backup-and', 'https://gta.georgia.gov/gta-services/georgia-enterprise-technology-services-gets/managing-your-gets-services/server-service#main-content', 'https://gta.georgia.gov/gta-services/georgia-enterprise-technology-services-gets/managing-your-gets-services/printmail', 'https://gta.georgia.gov/gta-services/georgia-enterprise-technology-services/managing-your-gets-services/storage-service', 'https://gta.georgia.gov/gta-services/georgia-enterprise-technology-services-gets/managing-your-gets-services/server-service', 'https://gta.georgia.gov/gta-services/georgia-enterprise-technology-services/managing-your-gets-services/mainframe-service']",['Glossary\n \nof GETS terms'],Policy,0.31536659598350525
download,https://gta.georgia.gov/media/10356/download,2.4MB,2407.681640625,2025-06-06 13:51:53,djohnson,,,2025-06-06 10:29:42,Adobe PDF Library 25.1.250,93,60,213,PDF 1.6,"['https://gta.georgia.gov/services-0/gta-direct-services/cellular-devices-and-services#main-content', 'https://gta.georgia.gov/services-0/gta-direct-services/cellular-devices-and-services']",['GTA\n \nprocurement manual'],Report,0.6224790811538696
download,https://gta.georgia.gov/document/telecommunications-policy/download,143.8KB,143.80859375,2008-12-16 09:43:04,,,,2008-12-16 09:43:04,Neevia Document Converter 5.1,11,1,1,PDF 1.6,"['https://gta.georgia.gov/services-0/gta-direct-services/cellular-devices-and-services#main-content', 'https://gta.georgia.gov/services-0/gta-direct-services/cellular-devices-and-services']",['telecommunications\n \npolicy'],Policy,0.6851789355278015
download,https://gta.georgia.gov/document/document/gta-java-se-license-statement-guidance-june-27-2019/download,261.7KB,261.736328125,2019-06-27 15:42:47,"Sorensen, Sandra",,,2019-06-27 15:42:20,Microsoft® Word for Office 365,4,6,3,PDF 1.7,"['https://gta.georgia.gov/services-0/gta-direct-services/oracle-products-and-services', 'https://gta.georgia.gov/services-0/gta-direct-services/oracle-products-and-services#main-content']",['Java\n \nSE'],Brochure,0.5425443649291992
download,https://gta.georgia.gov/document/document/fcc-ps-docket-no-19-351-huawei/download,215.4KB,215.419921875,2020-07-14 15:30:20,,,,2020-07-14 15:30:20,Aspose.Words for Java 20.4,29,1,0,PDF 1.7,"['https://gta.georgia.gov/policies-and-programs/cybersecurity/supply-chain-security', 'https://gta.georgia.gov/policies-and-programs/cybersecurity/supply-chain-security#main-content']",['FCC\xa0PS Docket No. 19-351 - Huawei'],Report,0.366068035364151
download,https://gta.georgia.gov/document/document/fcc-ps-docket-no-19-352-zte/download,160.4KB,160.4453125,2020-07-14 15:29:20,,,,2020-07-14 15:29:20,Aspose.Words for Java 20.4,16,0,0,PDF 1.7,"['https://gta.georgia.gov/policies-and-programs/cybersecurity/supply-chain-security', 'https://gta.georgia.gov/policies-and-programs/cybersecurity/supply-chain-security#main-content']",['FCC\xa0PS Docket No. 19-352 - ZTE'],Policy,0.4904290735721588
download,https://gta.georgia.gov/document/document/fcc-wc-docket-no-18-89/download,130.2KB,130.2109375,2022-03-28 11:21:17,,,,2022-03-28 11:21:17,Aspose.Words for Java 21.5.0,4,1,1,PDF 1.7,"['https://gta.georgia.gov/policies-and-programs/cybersecurity/supply-chain-security', 'https://gta.georgia.gov/policies-and-programs/cybersecurity/supply-chain-security#main-content']",['FCC\xa0WC Docket No. 18-89'],Policy,0.4057498872280121
download,https://gta.georgia.gov/document/document/federal-register-83-fr-28141-kaspersky-lab/download,273.8KB,273.82421875,2019-09-10 01:43:19,,,,2019-09-10 05:42:13,iText® 5.5.13 ©2000-2018 iText Group NV (Government Publishing Office; licensed version),2,0,0,PDF 1.5,"['https://gta.georgia.gov/policies-and-programs/cybersecurity/supply-chain-security', 'https://gta.georgia.gov/policies-and-programs/cybersecurity/supply-chain-security#main-content']",['Federal\xa0Register 83 FR 28141 -  Kaspersky Lab'],Brochure,0.5795810222625732
Resolution No,https://broadband.georgia.gov/media/4/download,177.4KB,177.39453125,2019-02-14 13:17:36,Jerome D. Kitchens,,,2019-02-14 13:17:36,Microsoft® Word for Office 365,3,3,0,PDF 1.7,"['https://gta.georgia.gov/policies-and-programs/broadband/support-local-governments#main-content', 'https://gta.georgia.gov/policies-and-programs/broadband/support-local-governments']",['PDF'],Policy,0.9126168489456177
DOC-402930A1.pdf,https://docs.fcc.gov/public/attachments/DOC-402930A1.pdf,158.6KB,158.5830078125,,,,,,Aspose.Words for Java 21.12.0,2,0,1,PDF 1.7,"['https://gta.georgia.gov/policies-and-programs/broadband/funding', 'https://gta.georgia.gov/policies-and-programs/broadband/funding#main-content']",['FCC Chair Rosenworcel announced'],Brochure,0.268498033285141
download,https://gta.georgia.gov/document/document/georgia-bead-application-questions/download,864.4KB,864.373046875,2024-10-25 15:18:11,"Lashko, Wed",,,2024-10-25 15:18:01,Adobe PDF Library 24.3.212,29,10,12,PDF 1.6,"['https://gta.georgia.gov/broadband/funding/bead-program#main-content', 'https://gta.georgia.gov/policies-and-programs/broadband/funding/bead-program', 'https://gta.georgia.gov/policies-and-programs/broadband/funding/bead-program#main-content', 'https://gta.georgia.gov/broadband/funding/bead-program']",['Georgia\xa0BEAD Application Questions'],Report,0.3003528118133545
PowerPoint Presentation,https://gta.georgia.gov/document/document/bead-application-webinar-slide-deck/download,652.8KB,652.75390625,2024-11-19 13:15:39,Microsoft Office User,,,2024-11-19 13:15:34,Adobe PDF Library 24.4.48,34,2,40,PDF 1.6,"['https://gta.georgia.gov/broadband/funding/bead-program#main-content', 'https://gta.georgia.gov/policies-and-programs/broadband/funding/bead-program', 'https://gta.georgia.gov/policies-and-programs/broadband/funding/bead-program#main-content', 'https://gta.georgia.gov/broadband/funding/bead-program']",['BEAD\xa0Application Webinar Slide Deck'],Slides,0.9849451184272766
download,https://gta.georgia.gov/document/document/georgia-ip-v2-81224pdf/download,7.7MB,7870.69140625,2024-09-26 16:04:11,Marc Schulhof,,,2024-09-26 15:58:53,Adobe PDF Library 24.3.144,272,53,84,PDF 1.6,"['https://gta.georgia.gov/broadband/funding/bead-program#main-content', 'https://gta.georgia.gov/policies-and-programs/broadband/funding/bead-program', 'https://gta.georgia.gov/policies-and-programs/broadband/funding/bead-program#main-content', 'https://gta.georgia.gov/broadband/funding/bead-program']","[""Georgia's\xa0Initial Proposal, Volume II""]",Report,0.9510871767997742
download,https://gta.georgia.gov/document/document/2020-broadband-report/download,3.4MB,3519.1728515625,2020-09-17 12:47:24,Jason Sell,,,2020-09-17 12:47:24,Microsoft® Word for Office 365,31,4,30,PDF 1.7,"['https://gta.georgia.gov/policies-and-programs/broadband/additional-resources#main-content', 'https://gta.georgia.gov/broadband/additional-resources', 'https://gta.georgia.gov/policies-and-programs/broadband/additional-resources', 'https://gta.georgia.gov/broadband/additional-resources#main-content']",['2020'],Slides,0.41523006558418274
download,https://gta.georgia.gov/document/document/2021-broadband-report-final/download,1.9MB,1989.5048828125,2021-07-14 10:32:40,Jason Sell,,,2021-07-14 10:32:40,Microsoft® Word for Microsoft 365,20,2,34,PDF 1.7,"['https://gta.georgia.gov/policies-and-programs/broadband/additional-resources#main-content', 'https://gta.georgia.gov/broadband/additional-resources', 'https://gta.georgia.gov/policies-and-programs/broadband/additional-resources', 'https://gta.georgia.gov/broadband/additional-resources#main-content']",['2021'],Slides,0.6306691765785217
download,https://gta.georgia.gov/document/document/2022-broadband-annual-report/download,1.5MB,1492.7568359375,2023-01-18 22:39:22,"Berks, Sarah",,,2023-01-18 22:35:56,Microsoft® Word for Microsoft 365,23,18,16,PDF 1.7,"['https://gta.georgia.gov/policies-and-programs/broadband/additional-resources#main-content', 'https://gta.georgia.gov/broadband/additional-resources', 'https://gta.georgia.gov/policies-and-programs/broadband/additional-resources', 'https://gta.georgia.gov/broadband/additional-resources#main-content']",['2022'],Slides,0.4385019540786743
download,https://gta.georgia.gov/document/document/agency-procurement-review-validation/download,182.2KB,182.2314453125,2022-09-20 10:38:04,"Parrott, Nancy",,,2022-09-20 10:38:04,Microsoft® Word for Microsoft 365,2,3,0,PDF 1.7,"['https://gta.georgia.gov/procurement/agency-technology-procurement-reviews/procurement-review-checklist-user-guide', 'https://gta.georgia.gov/procurement/agency-technology-procurement-reviews/procurement-review-checklist-user-guide#main-content']",['Agency\n \nprocurement review validation form'],Form,0.5878244638442993
download,https://gta.georgia.gov/document/document/business-case-form/download,420.5KB,420.474609375,2025-02-28 17:50:42,"Thacker, Mia",,,2025-02-28 12:25:42,Adobe PDF Library 24.5.197,7,9,0,PDF 1.7,"['https://gta.georgia.gov/policies-and-programs/enterprise-portfolio-management/submit-business-case#main-content', 'https://gta.georgia.gov/policies-and-programs/enterprise-portfolio-management/submit-business-case']",['Download PDF'],Policy,0.2898114025592804
PowerPoint Presentation,https://gta.georgia.gov/document/document/board-meeting-march-2024-posting/download,536.6KB,536.576171875,2024-03-18 16:28:29,"Calhoun, Paula",,,2024-03-18 16:28:29,Microsoft® PowerPoint® for Microsoft 365,27,2,22,PDF 1.7,"['https://gta.georgia.gov/about-us/who-we-are/board-directors/board-meeting-presentations', 'https://gta.georgia.gov/about-us/who-we-are/board-directors/board-meeting-presentations#main-content']",['March\xa014'],Slides,0.9954207539558411
PowerPoint Presentation,https://gta.georgia.gov/document/document/gta-board-meeting-28-june-2024-posting/download,372.5KB,372.544921875,2024-09-13 08:07:51,"Calhoun, Paula",,,2024-09-13 08:07:51,Microsoft® PowerPoint® for Microsoft 365,18,0,16,PDF 1.7,"['https://gta.georgia.gov/about-us/who-we-are/board-directors/board-meeting-presentations', 'https://gta.georgia.gov/about-us/who-we-are/board-directors/board-meeting-presentations#main-content']",['June\xa028'],Slides,0.9943355917930603
PowerPoint Presentation,https://gta.georgia.gov/document/document/gta-board-meeting-12-september-2024-posting/download,904.6KB,904.591796875,2024-09-12 15:42:37,"Calhoun, Paula",,,2024-09-12 15:42:37,Microsoft® PowerPoint® for Microsoft 365,51,12,30,PDF 1.7,"['https://gta.georgia.gov/about-us/who-we-are/board-directors/board-meeting-presentations', 'https://gta.georgia.gov/about-us/who-we-are/board-directors/board-meeting-presentations#main-content']",['September\xa012'],Slides,0.9913769960403442
PowerPoint Presentation,https://gta.georgia.gov/document/document/board-presentation-12-december-2024/download,791.2KB,791.1845703125,2024-12-17 15:08:12,"Calhoun, Paula",,,2024-12-17 15:08:12,Microsoft® PowerPoint® for Microsoft 365,30,10,20,PDF 1.7,"['https://gta.georgia.gov/about-us/who-we-are/board-directors/board-meeting-presentations', 'https://gta.georgia.gov/about-us/who-we-are/board-directors/board-meeting-presentations#main-content']",['December\xa012'],Slides,0.9949628114700317
PowerPoint Presentation,https://gta.georgia.gov/document/document/board-meeting-9-march-2023-posting/download,1.2MB,1269.6181640625,2023-03-13 09:31:10,"Calhoun, Paula",,,2023-03-13 09:31:10,Microsoft® PowerPoint® for Microsoft 365,27,1,21,PDF 1.7,"['https://gta.georgia.gov/about-us/who-we-are/board-directors/board-meeting-presentations', 'https://gta.georgia.gov/about-us/who-we-are/board-directors/board-meeting-presentations#main-content']",['March\xa09'],Slides,0.9955825209617615
PowerPoint Presentation,https://gta.georgia.gov/document/document/gta-board-meeting-june-21-2023-post/download,411.8KB,411.84375,2023-06-21 13:04:07,"Calhoun, Paula",,,2023-06-21 13:04:07,Microsoft® PowerPoint® for Microsoft 365,26,0,15,PDF 1.7,"['https://gta.georgia.gov/about-us/who-we-are/board-directors/board-meeting-presentations', 'https://gta.georgia.gov/about-us/who-we-are/board-directors/board-meeting-presentations#main-content']",['June\xa021'],Slides,0.99443519115448
PowerPoint Presentation,https://gta.georgia.gov/document/document/gta-board-meeting-5-october-2023-posting/download,525.6KB,525.5947265625,2023-10-10 15:57:42,"Calhoun, Paula",,,2023-10-10 15:57:42,Microsoft® PowerPoint® for Microsoft 365,32,0,24,PDF 1.7,"['https://gta.georgia.gov/about-us/who-we-are/board-directors/board-meeting-presentations', 'https://gta.georgia.gov/about-us/who-we-are/board-directors/board-meeting-presentations#main-content']",['October\xa05'],Slides,0.995270311832428
Placing Apps into Production,https://gta.georgia.gov/document/document/gta-environmental-procurement-policy-09012021/download,128.7KB,128.7392578125,2021-08-24 09:47:30,tmorris,,,2021-08-24 09:47:10,Adobe PDF Library 21.5.92,2,1,2,PDF 1.6,"['https://gta.georgia.gov/procurement/government-resources', 'https://gta.georgia.gov/government-resources', 'https://gta.georgia.gov/government-resources#main-content', 'https://gta.georgia.gov/procurement/government-resources#main-content']",['GTA\xa0Environmental Procurement Policy'],Policy,0.4912177622318268
download,https://gta.georgia.gov/document/publication/gta-procurement-ethics-policy-updated-may-1-2017/download,249.2KB,249.177734375,2017-05-01 11:44:43,,,,2017-05-01 11:31:04,Adobe PSL 1.3e for Canon,5,0,10,PDF 1.4,"['https://gta.georgia.gov/procurement/government-resources', 'https://gta.georgia.gov/government-resources', 'https://gta.georgia.gov/government-resources#main-content', 'https://gta.georgia.gov/procurement/government-resources#main-content']",['GTA\xa0Procurement Ethics Policy'],Policy,0.43574586510658264
Microsoft Word - Annual State IT Report 2022 Final,https://gta.georgia.gov/document/document/2022-annual-state-it-report/download,2.0MB,2018.3212890625,2023-01-17 15:52:42,woodruff,,,2023-01-17 15:52:42,Microsoft: Print To PDF,48,9,24,PDF 1.7,"['https://gta.georgia.gov/news/2023-01-31/annual-state-it-report-looks-advances-challenges-brought-technology', 'https://gta.georgia.gov/news/2023-01-31/annual-state-it-report-looks-advances-challenges-brought-technology#main-content']",['2022\xa0Annual State IT Report'],Report,0.9859835505485535
