file_name,url,file_size,file_size_kilobytes,last_modified_date,author,subject,keywords,creation_date,producer,number_of_pages,number_of_tables,number_of_images,version,source,text_around_link,predicted_category,predicted_category_confidence
download,https://gta-psg.georgia.gov/document/publication/deployment-certification-formpdf/download,13.2KB,13.2021484375,2015-06-22 10:01:07,"Morris, Tom",,,2015-06-22 10:01:07,Adobe PDF Library 10.0,1,0,0,PDF 1.5,"['https://gta-psg.georgia.gov/about-us/related-forms#main-content', 'https://gta-psg.georgia.gov/about-us/related-forms']",['Deployment\xa0Certification Form.pdf'],Form,0.908113420009613
Security and Privacy Controls for Federal Information Systems and Organizations,http://nvlpubs.nist.gov/nistpubs/SpecialPublications/NIST.SP.800-53r4.pdf,5.1MB,5177.595703125,2021-09-23 13:01:03,Joint Task Force Transformation Initiative,"This publication provides a catalog of security and privacy controls for federal information systems and organizations and a process for selecting controls to protect organizational operations (including mission, functions, image, and reputation), organizational assets, individuals, other organizations, and the Nation from a diverse set of threats including hostile cyber attacks, natural disasters, structural failures, and human errors. The controls are customizable and implemented as part of an organization-wide process that manages information security and privacy risk. The controls address a diverse set of security and privacy requirements across the federal government and critical infrastructure, derived from legislation, Executive Orders, policies, directives, regulations, standards, and/or mission/business needs. The publication also describes how to develop specialized sets of controls, or overlays, tailored for specific types of missions/business functions, technologies, or environments of operation. Finally, the catalog of security controls addresses security from both a functionality perspective (the strength of security functions and mechanisms provided) and an assurance perspective (the measures of confidence in the implemented security capability). Addressing both security functionality and security assurance ensures that information technology products and the information systems built from those products using sound systems and security engineering principles are sufficiently trustworthy.","assurance; computer security; FIPS Publication 199; FIPS Publication 200, FISMA; Privacy Act; Risk Management Framework; security controls; security requirements",2015-01-29 01:05:00,Adobe PDF Library 11.0,463,325,20,PDF 1.6,"['https://gta-psg.georgia.gov/by-name#main-content', 'https://gta-psg.georgia.gov/psg/nist-families-georgia-psgs-referenced#main-content', 'https://gta-psg.georgia.gov/by-identifier#main-content', 'https://gta-psg.georgia.gov/psg/nist-families-georgia-psgs-referenced', 'https://gta-psg.georgia.gov/by-identifier', 'https://gta-psg.georgia.gov/by-name']",['http://nvlpubs.nist.gov/nistpubs/SpecialPublications/NIST.SP.800-53r4.pdf'],Report,0.94014972448349
"Glossary, Project Management",https://gta-psg.georgia.gov/document/publication/glossary-terms-january-2014pdf/download,1.0MB,1036.37890625,2014-03-31 06:04:07,Mary Spurr,,"Glossary, Tetrms, Project Managemen",2014-03-31 06:04:07,Microsoft® Word 2010,65,0,0,PDF 1.5,"['https://gta-psg.georgia.gov/glossary-terms#main-content', 'https://gta-psg.georgia.gov/glossary-terms']",['Glossary\xa0of Terms January 2014.pdf'],Report,0.5268701314926147
download,https://gta-psg.georgia.gov/document/publication/psgs-mapped-pmbok-project-management-standards-dec2014pdf/download,117.7KB,117.703125,2014-12-11 13:00:00,"Morris, Tom",,,2014-12-11 13:00:00,Adobe PDF Library 10.0,7,7,0,PDF 1.5,"['https://gta-psg.georgia.gov/mapped-pmbok-project-management-standards#main-content', 'https://gta-psg.georgia.gov/mapped-pmbok-project-management-standards']",['PSGs\xa0Mapped to PMBOK PROJECT Management Standards Dec2014.pdf'],Policy,0.5187176465988159
download,https://gta-psg.georgia.gov/document/publication/psgs-mapped-pmbok-program-mgmt-dec2014pdf/download,76.2KB,76.1806640625,2014-12-11 12:05:09,"Morris, Tom",,,2014-12-11 12:05:09,Adobe PDF Library 10.0,3,3,0,PDF 1.5,"['https://gta-psg.georgia.gov/mapped-pmbok-program-management-standards', 'https://gta-psg.georgia.gov/mapped-pmbok-program-management-standards#main-content']",['PSGs\xa0Mapped to PMBOK PROGRAM Mgmt Dec2014.pdf'],Brochure,0.31719762086868286
download,https://gta-psg.georgia.gov/document/publication/psgs-mapped-pmbok-portfolio-mgmt-dec2014pdf/download,72.6KB,72.5947265625,2014-12-11 12:05:09,"Morris, Tom",,,2014-12-11 12:05:08,Adobe PDF Library 10.0,3,3,0,PDF 1.5,"['https://gta-psg.georgia.gov/mapped-pbmok-portfolio-management-standards#main-content', 'https://gta-psg.georgia.gov/mapped-pbmok-portfolio-management-standards']",['PSGs\xa0Mapped to PMBOK PORTFOLIO Mgmt Dec2014.pdf'],Policy,0.28277432918548584
Microsoft Word - PSGs Mapped to ITIL 20150115,https://gta-psg.georgia.gov/document/publication/psgs-mapped-itil-20150115pdf/download,121.8KB,121.84375,2015-01-16 10:02:01,temorris,,,2015-01-16 10:02:01,Acrobat Distiller 10.1.8 (Windows),15,15,0,PDF 1.5,"['https://gta-psg.georgia.gov/mapped-itil#main-content', 'https://gta-psg.georgia.gov/mapped-itil']",['PSGs\xa0Mapped to ITIL 20150115.pdf'],Policy,0.41341128945350647
Approval Package,https://gta-psg.georgia.gov/document/document/access-control-ps-08-009/download,155.5KB,155.455078125,2024-11-21 15:04:06,tmorris,,,2024-11-21 15:04:06,Adobe PDF Library 24.4.48,2,1,4,PDF 1.6,"['https://gta-psg.georgia.gov/psg/access-control-ps-08-009-1#main-content', 'https://gta-psg.georgia.gov/psg/access-control-ps-08-009-1', 'https://gta-psg.georgia.gov/psg/access-control-ps-08-009-0#main-content', 'https://gta-psg.georgia.gov/psg/access-control-ps-08-009-0']",['Access\xa0Control PS-08-009'],Brochure,0.30651262402534485
Approval Package,https://gta-psg.georgia.gov/document/document/accountability-assets-ps-08-002/download,180.4KB,180.447265625,2024-10-25 11:00:04,tmorris,,,2024-10-25 11:00:04,Microsoft® Word for Microsoft 365,1,1,0,PDF 1.7,"['https://gta-psg.georgia.gov/psg/accountability-assets-ps-08-002', 'https://gta-psg.georgia.gov/psg/accountability-assets-ps-08-002#main-content']",['Accountability\xa0of Assets PS-08-002'],Diagram,0.31833088397979736
Standard,https://gta-psg.georgia.gov/document/document/applications-standard-desktop-clients-sa-10-004pdf/download,41.0KB,40.95703125,2022-09-30 17:02:04,tmorris,,,2022-09-30 17:02:04,Microsoft® Word for Microsoft 365,1,0,0,PDF 1.7,"['https://gta-psg.georgia.gov/psg/applications-standard-desktop-client-sa-10-004#main-content', 'https://gta-psg.georgia.gov/psg/applications-standard-desktop-client-sa-10-004']",['APPLICATIONS\xa0WITH STANDARD DESKTOP CLIENTS SA-10-004.pdf'],Notice,0.319496214389801
Approval Package,https://gta-psg.georgia.gov/document/document/appropriate-use-and-monitoring-ss-08-001/download,228.0KB,228.0185546875,2025-01-23 12:04:05,tmorris,,,2025-01-23 12:04:05,Adobe PDF Library 24.4.48,4,1,4,PDF 1.6,"['https://gta-psg.georgia.gov/article/appropriate-use-and-monitoring#main-content', 'https://gta-psg.georgia.gov/psg/appropriate-use-and-monitoring-ss-08-001#main-content', 'https://gta-psg.georgia.gov/article/appropriate-use-and-monitoring', 'https://gta-psg.georgia.gov/psg/appropriate-use-and-monitoring-ss-08-001']",['Appropriate\xa0Use and Monitoring SS-08-001'],Brochure,0.5453280806541443
Approval Package,https://gta-psg.georgia.gov/document/document/appropriate-use-information-technology-resources-ps-08-003/download,206.6KB,206.55078125,2024-11-21 13:02:05,tmorris,,,2024-11-21 13:02:05,Microsoft® Word for Microsoft 365,2,1,0,PDF 1.7,"['https://gta-psg.georgia.gov/article/appropriate-use-information-technology-resources', 'https://gta-psg.georgia.gov/psg/appropriate-use-information-technology-resources-ps-08-003', 'https://gta-psg.georgia.gov/article/appropriate-use-information-technology-resources#main-content', 'https://gta-psg.georgia.gov/psg/appropriate-use-information-technology-resources-ps-08-003#main-content']",['Appropriate\xa0Use of Information Technology Resources PS-08-003'],Brochure,0.47538959980010986
Approval Package,https://gta-psg.georgia.gov/document/document/artificial-intelligence-responsible-use-ss-23-002/download,283.5KB,283.53125,2025-01-23 12:05:09,tmorris,,,2025-01-23 12:05:09,Adobe PDF Library 24.4.48,9,5,4,PDF 1.6,"['https://gta-psg.georgia.gov/psg/artificial-intelligence-responsible-use-ss-23-002#main-content', 'https://gta-psg.georgia.gov/psg/artificial-intelligence-responsible-use-ss-23-002']",['Artificial\xa0Intelligence Responsible Use SS-23-002'],Policy,0.25653207302093506
Approval Package,https://gta-psg.georgia.gov/document/document/artificial-intelligence-responsible-use-guidelines-gs-23-001/download,210.7KB,210.693359375,2023-12-11 16:05:01,tmorris,,,2023-12-11 16:05:01,Adobe PDF Library 23.6.156,6,1,4,PDF 1.6,"['https://gta-psg.georgia.gov/psg/artificial-intelligence-responsible-use-guidelines-gs-23-001', 'https://gta-psg.georgia.gov/psg/artificial-intelligence-responsible-use-guidelines-gs-23-001#main-content']",['Artificial\xa0Intelligence Responsible Use Guidelines GS-23-001'],Policy,0.28568416833877563
Approval Package,https://gta-psg.georgia.gov/document/document/authorization-and-access-management-ss-08-01002/download,204.6KB,204.5986328125,2025-01-23 13:00:03,tmorris,,,2025-01-23 13:00:03,Adobe PDF Library 24.4.48,4,1,4,PDF 1.6,"['https://gta-psg.georgia.gov/article/authorization-and-access-management', 'https://gta-psg.georgia.gov/article/authorization-and-access-management#main-content', 'https://gta-psg.georgia.gov/psg/authorization-and-access-management-ss-08-010', 'https://gta-psg.georgia.gov/psg/authorization-and-access-management-ss-08-010#main-content']",['Authorization\xa0and Access Management SS-08-010'],Brochure,0.48461589217185974
Approval Package,https://gta-psg.georgia.gov/document/document/business-continuity-and-disaster-recovery-ps-08-025/download,210.7KB,210.7060546875,2025-01-15 16:04:02,tmorris,,,2025-01-15 16:04:02,Adobe PDF Library 24.4.48,2,1,4,PDF 1.6,"['https://gta-psg.georgia.gov/article/business-continuity-and-disaster-recovery#main-content', 'https://gta-psg.georgia.gov/psg/business-continuity-and-disaster-recovery-ps-08-025#main-content', 'https://gta-psg.georgia.gov/psg/business-continuity-and-disaster-recovery-ps-08-025', 'https://gta-psg.georgia.gov/article/business-continuity-and-disaster-recovery']",['Business\xa0Continuity and Disaster Recovery (PS-08-025)'],Brochure,0.49338752031326294
Approval Package,https://gta-psg.georgia.gov/document/document/change-management-ps-08-15/download,182.8KB,182.7685546875,2025-01-15 16:00:06,tmorris,,,2025-01-15 16:00:06,Adobe PDF Library 24.4.48,2,1,4,PDF 1.6,"['https://gta-psg.georgia.gov/article/change-management', 'https://gta-psg.georgia.gov/psg/change-management-ps-08-015', 'https://gta-psg.georgia.gov/article/change-management#main-content', 'https://gta-psg.georgia.gov/psg/change-management-ps-08-015#main-content']",['Change\xa0Management PS-08-15'],Brochure,0.47010964155197144
Approval Package,https://gta-psg.georgia.gov/document/document/classification-personal-information-ss-08-002/download,200.8KB,200.771484375,2025-01-23 13:02:01,tmorris,,,2025-01-23 13:02:01,Adobe PDF Library 24.4.48,2,1,4,PDF 1.6,"['https://gta-psg.georgia.gov/psg/classification-personal-information-ss-08-002', 'https://gta-psg.georgia.gov/article/classification-personal-information', 'https://gta-psg.georgia.gov/article/classification-personal-information#main-content', 'https://gta-psg.georgia.gov/psg/classification-personal-information-ss-08-002#main-content']",['Classification\xa0of Personal Information SS-08-002'],Report,0.3370702862739563
Approval Package,https://gta-psg.georgia.gov/document/document/cloud-provisioning-policy-ps-22-001/download,192.2KB,192.244140625,2024-11-21 13:03:07,tmorris,,,2024-11-21 13:03:07,Microsoft® Word for Microsoft 365,2,1,0,PDF 1.7,"['https://gta-psg.georgia.gov/psg/cloud-provisioning-policy-ps-22-001', 'https://gta-psg.georgia.gov/psg/cloud-provisioning-policy-ps-22-001#main-content']",['Cloud\xa0Provisioning Policy PS-22-001'],Brochure,0.48955807089805603
Approval Package,https://gta-psg.georgia.gov/document/document/computer-operations-center-security-ss-08-016/download,183.4KB,183.4169921875,2025-01-24 13:03:05,tmorris,,,2025-01-24 13:03:05,Adobe PDF Library 24.4.48,2,1,4,PDF 1.6,"['https://gta-psg.georgia.gov/article/computer-operations-center-security', 'https://gta-psg.georgia.gov/psg/computer-operations-center-security-ss-08-016#main-content', 'https://gta-psg.georgia.gov/article/computer-operations-center-security#main-content', 'https://gta-psg.georgia.gov/psg/computer-operations-center-security-ss-08-016']",['Computer\xa0Operations Center Security SS-08-016'],Brochure,0.5753647685050964
Computer Security Incident Handling Guide,https://nvlpubs.nist.gov/nistpubs/SpecialPublications/NIST.SP.800-61r2.pdf,1.7MB,1703.5869140625,2025-04-03 08:03:05,"Cichonski, Paul R. ; Millar, Thomas; Scarfone, Karen A.; Grance, Timothy","Computer security incident response has become an important component of information technology (IT) programs. Because performing incident response effectively is a complex undertaking, establishing a successful incident response capability requires substantial planning and resources. This publication assists organizations in establishing computer security incident response capabilities and handling incidents efficiently and effectively. This publication provides guidelines for incident handling, particularly for analyzing incident-related data and determining the appropriate response to each incident. The guidelines can be followed independently of particular hardware platforms, operating systems, protocols, or applications.","NIST SP 800-61 Revision 2, Computer Security Incident Handling Guide, computer security incident; incident handling; incident response; information security",2012-08-06 10:01:01,Microsoft® Word 2010,80,12,8,PDF 1.6,"['https://gta-psg.georgia.gov/article/computer-security-incident-management', 'https://gta-psg.georgia.gov/article/computer-security-incident-management#main-content', 'https://gta-psg.georgia.gov/psg/computer-security-incident-management-ps-08-004', 'https://gta-psg.georgia.gov/psg/computer-security-incident-management-ps-08-004#main-content']",['https://nvlpubs.nist.gov/nistpubs/SpecialPublications/NIST.SP.800-61r2.pdf'],Report,0.5793037414550781
Approval Package,https://gta-psg.georgia.gov/document/document/computer-security-incident-management-ps-08-004/download,220.8KB,220.765625,2024-11-21 13:05:05,tmorris,,,2024-11-21 13:05:05,Microsoft® Word for Microsoft 365,2,1,0,PDF 1.7,"['https://gta-psg.georgia.gov/article/computer-security-incident-management', 'https://gta-psg.georgia.gov/article/computer-security-incident-management#main-content', 'https://gta-psg.georgia.gov/psg/computer-security-incident-management-ps-08-004', 'https://gta-psg.georgia.gov/psg/computer-security-incident-management-ps-08-004#main-content']",['Computer\xa0Security Incident Management PS-08-004'],Brochure,0.6366322636604309
Approval Package,https://gta-psg.georgia.gov/document/document/contingency-planning-ss-08-045/download,218.0KB,217.9794921875,2025-01-24 13:04:04,tmorris,,,2025-01-24 13:04:04,Adobe PDF Library 24.4.48,4,1,4,PDF 1.6,"['https://gta-psg.georgia.gov/article/contingency-planning#main-content', 'https://gta-psg.georgia.gov/psg/contingency-planning-ss-08-045#main-content', 'https://gta-psg.georgia.gov/article/contingency-planning', 'https://gta-psg.georgia.gov/psg/contingency-planning-ss-08-045']",['Contingency\xa0Planning SS 08-045'],Brochure,0.5016255378723145
Approval Package,https://gta-psg.georgia.gov/document/document/cryptographic-controls-ss-08-040/download,241.0KB,241.0146484375,2025-01-26 12:05:00,tmorris,,,2025-01-26 12:05:00,Adobe PDF Library 24.4.48,4,1,4,PDF 1.6,"['https://gta-psg.georgia.gov/article/cryptographic-controls', 'https://gta-psg.georgia.gov/psg/cryptographic-controls-ss-08-040#main-content', 'https://gta-psg.georgia.gov/article/cryptographic-controls#main-content', 'https://gta-psg.georgia.gov/psg/cryptographic-controls-ss-08-040']",['Cryptographic\xa0Controls SS-08-040'],Brochure,0.5711453557014465
Approval Package,https://gta-psg.georgia.gov/document/publication/ss-20-001-cybersecurity-capability-maturity-model-standard-002pdf/download,197.0KB,196.98828125,2025-01-26 13:00:03,tmorris,,,2025-01-26 13:00:03,Adobe PDF Library 24.4.48,3,5,4,PDF 1.6,"['https://gta-psg.georgia.gov/psg/cybersecurity-capability-maturity-model-ss-20-001#main-content', 'https://gta-psg.georgia.gov/psg/cybersecurity-capability-maturity-model-ss-20-001']",['SS-20-001\xa0Cybersecurity Capability Maturity Model Standard (002).pdf'],Brochure,0.4833648204803467
Approval Package,https://gta-psg.georgia.gov/document/document/cybersecurityprofessionalcertificationguidelinegs-20-001pdf/download,134.2KB,134.1884765625,2020-02-10 10:05:01,tmorris,,,2020-02-10 10:05:01,Microsoft® Word for Office 365,1,1,0,PDF 1.7,"['https://gta-psg.georgia.gov/psg/cybersecurity-professional-certification-guideline-gs-20-001-gs-20-001#main-content', 'https://gta-psg.georgia.gov/psg/cybersecurity-professional-certification-guideline-gs-20-001-gs-20-001']",['cybersecurity_professional_certification_guideline_gs-20-001.pdf'],Diagram,0.4766991138458252
PowerPoint Presentation,https://gta-psg.georgia.gov/document/document/cybersecurity-professional-certification-guidelines-charts/download,84.8KB,84.775390625,2020-04-08 17:04:04,"Rees, Sarah D.",,,2020-04-08 17:04:04,Microsoft® PowerPoint® for Office 365,2,2,0,PDF 1.7,"['https://gta-psg.georgia.gov/psg/cybersecurity-professional-certification-guideline-gs-20-001-gs-20-001#main-content', 'https://gta-psg.georgia.gov/psg/cybersecurity-professional-certification-guideline-gs-20-001-gs-20-001']",['Cybersecurity\xa0Professional Certification Guidelines Charts'],Diagram,0.22735169529914856
"FIPS 199, Standards for Security Categorization of Federal Information and Information Systems",https://nvlpubs.nist.gov/nistpubs/fips/nist.fips.199.pdf,78.5KB,78.47265625,2017-03-06 09:05:07,NIST Computer Security Division (CSD),,"FIPS 199, Standards for Security Categorization of Federal Information and Information Systems",2008-04-16 16:03:05,Acrobat Distiller 8.1.0 (Windows),13,1,1,PDF 1.6,"['https://gta-psg.georgia.gov/psg/data-and-asset-categorization-ps-08-012#main-content', 'https://gta-psg.georgia.gov/article/data-and-asset-categorization#main-content', 'https://gta-psg.georgia.gov/article/data-and-asset-categorization', 'https://gta-psg.georgia.gov/psg/data-and-asset-categorization-ps-08-012']",['https://nvlpubs.nist.gov/nistpubs/fips/nist.fips.199.pdf'],Policy,0.5694060921669006
Approval Package,https://gta-psg.georgia.gov/document/document/data-and-asset-categorization-ps-08-01202/download,198.0KB,197.984375,2024-11-21 16:00:04,tmorris,,,2024-11-21 16:00:04,Adobe PDF Library 24.4.48,2,1,4,PDF 1.6,"['https://gta-psg.georgia.gov/psg/data-and-asset-categorization-ps-08-012#main-content', 'https://gta-psg.georgia.gov/article/data-and-asset-categorization#main-content', 'https://gta-psg.georgia.gov/article/data-and-asset-categorization', 'https://gta-psg.georgia.gov/psg/data-and-asset-categorization-ps-08-012']",['Data\xa0and Asset Categorization PS-08-012.02'],Brochure,0.4834038317203522
Approval Package,https://gta-psg.georgia.gov/document/document/data-categorization-impact-level-ss-08-014/download,248.6KB,248.556640625,2025-01-26 13:01:07,tmorris,,,2025-01-26 13:01:07,Adobe PDF Library 24.4.48,5,3,4,PDF 1.6,"['https://gta-psg.georgia.gov/psg/data-categorization-impact-level-ss-08-014', 'https://gta-psg.georgia.gov/article/data-categorization-impact-level#main-content', 'https://gta-psg.georgia.gov/psg/data-categorization-impact-level-ss-08-014#main-content', 'https://gta-psg.georgia.gov/article/data-categorization-impact-level']",['Data\xa0Categorization - Impact Level SS-08-014'],Policy,0.1829291433095932
download,https://gta-psg.georgia.gov/document/document/data-lifecycle-management-pm-14-009/download,67.8KB,67.775390625,2022-04-05 14:00:03,"Morris, Tom",,,2022-04-05 14:00:03,Microsoft® Word for Office 365,2,0,0,PDF 1.7,"['https://gta-psg.georgia.gov/article/data-lifecycle-management', 'https://gta-psg.georgia.gov/article/data-lifecycle-management#main-content', 'https://gta-psg.georgia.gov/psg/data-lifecycle-management-pm-14-009', 'https://gta-psg.georgia.gov/psg/data-lifecycle-management-pm-14-009#main-content']",['Data\xa0Lifecycle Management PM-14-009'],Letter,0.2378574162721634
Approval Package,https://gta-psg.georgia.gov/document/document/data-location-and-access-ss-15-002/download,216.9KB,216.87890625,2025-01-26 13:02:06,tmorris,,,2025-01-26 13:02:06,Adobe PDF Library 24.4.48,3,1,4,PDF 1.6,"['https://gta-psg.georgia.gov/psg/data-storage-location-ss-15-002', 'https://gta-psg.georgia.gov/psg/data-location-and-access-ss-15-002', 'https://gta-psg.georgia.gov/psg/data-storage-location-ss-15-002#main-content', 'https://gta-psg.georgia.gov/psg/data-location-and-access-ss-15-002#main-content']",['Data\xa0Location and Access SS-15-002'],Brochure,0.49794426560401917
download,https://gta-psg.georgia.gov/document/document/deployed-software-currency-sa-10-010pdf/download,43.8KB,43.78125,2022-09-30 17:03:05,tmorris,,,2022-09-30 17:03:05,Microsoft® Word for Microsoft 365,1,0,0,PDF 1.7,"['https://gta-psg.georgia.gov/psg/deployed-software-currency-sa-10-010#main-content', 'https://gta-psg.georgia.gov/psg/deployed-software-currency-sa-10-010']",['DEPLOYED\xa0SOFTWARE CURRENCY SA-10-010.pdf'],Notice,0.371163934469223
download,https://gta-psg.georgia.gov/document/document/deployment-certification-sa-10-009pdf/download,86.7KB,86.662109375,2022-09-30 17:03:01,tmorris,,,2022-09-30 17:03:01,Microsoft® Word for Microsoft 365,2,0,0,PDF 1.7,"['https://gta-psg.georgia.gov/psg/deployment-certification-sa-10-009#main-content', 'https://gta-psg.georgia.gov/psg/deployment-certification-sa-10-009']",['DEPLOYMENT\xa0CERTIFICATION SA-10-009.pdf'],Letter,0.2569686472415924
download,https://gta-psg.georgia.gov/document/document/design-criteria-data-network-protocols-sa-10-002pdf/download,55.0KB,54.990234375,2022-09-30 17:00:08,GTA,,,2022-09-30 17:00:08,Microsoft® Word for Microsoft 365,2,0,0,PDF 1.7,"['https://gta-psg.georgia.gov/psg/design-criteria-data-network-protocols-sa-10-002#main-content', 'https://gta-psg.georgia.gov/psg/design-criteria-data-network-protocols-sa-10-002']",['DESIGN\xa0CRITERIA FOR DATA NETWORK PROTOCOLS SA-10-002.pdf'],Form,0.2766762375831604
Approval Package,https://gta-psg.georgia.gov/document/document/digital-accessibility-standard-final-sm-19-002pdf/download,161.5KB,161.513671875,2022-09-30 18:00:08,tmorris,,,2022-09-30 18:00:08,Microsoft® Word for Microsoft 365,3,1,0,PDF 1.7,"['https://gta-psg.georgia.gov/psg/digital-accessibility-standard-sm-19-002', 'https://gta-psg.georgia.gov/psg/digital-accessibility-standard-sm-19-002#main-content']",['Digital\xa0Accessibility Standard Final SM-19-002.pdf'],Brochure,0.24469192326068878
Approval Package,https://gta-psg.georgia.gov/document/publication/digital-security-standard-pdfpdf/download,188.5KB,188.5439453125,2025-01-26 13:03:09,tmorris,,,2025-01-26 13:03:09,Adobe PDF Library 24.4.48,2,1,4,PDF 1.6,"['https://gta-psg.georgia.gov/psg/digital-security-standard-ss-19-002#main-content', 'https://gta-psg.georgia.gov/psg/digital-security-standard-ss-19-002']",['Digital\xa0Security Standard PDF.pdf'],Brochure,0.5757783651351929
Approval Package,https://gta-psg.georgia.gov/document/document/disaster-recovery-system-backups-ss-08-046/download,224.5KB,224.498046875,2025-01-26 13:04:08,tmorris,,,2025-01-26 13:04:08,Adobe PDF Library 24.4.48,2,1,4,PDF 1.6,"['https://gta-psg.georgia.gov/article/disaster-recovery-system-backup', 'https://gta-psg.georgia.gov/article/disaster-recovery-system-backup#main-content', 'https://gta-psg.georgia.gov/psg/disaster-recovery-system-backup-ss-08-046', 'https://gta-psg.georgia.gov/psg/disaster-recovery-system-backup-ss-08-046#main-content']",['Disaster\xa0Recovery - System Backups SS-08-046'],Brochure,0.6523818969726562
Approval Package,https://gta-psg.georgia.gov/document/document/electronic-communications-accountability-ss-08-009/download,185.9KB,185.89453125,2025-01-26 13:05:06,tmorris,,,2025-01-26 13:05:06,Adobe PDF Library 24.4.48,2,1,4,PDF 1.6,"['https://gta-psg.georgia.gov/article/electronic-communications-accountability', 'https://gta-psg.georgia.gov/psg/electronic-communications-accountability-ss-08-009#main-content', 'https://gta-psg.georgia.gov/article/electronic-communications-accountability#main-content', 'https://gta-psg.georgia.gov/psg/electronic-communications-accountability-ss-08-009']",['Electronic\xa0Communications Accountability SS-08-009'],Brochure,0.5753647685050964
Approval Package,https://gta-psg.georgia.gov/document/document/email-use-and-protection-ss-08-011/download,182.4KB,182.3876953125,2025-01-26 22:04:02,tmorris,,,2025-01-26 22:04:02,Adobe PDF Library 24.4.48,2,1,4,PDF 1.6,"['https://gta-psg.georgia.gov/psg/email-use-and-protection-ss-08-011', 'https://gta-psg.georgia.gov/psg/email-use-and-protection-ss-08-011#main-content']",['Email\xa0Use and Protection SS-08-011'],Brochure,0.448716938495636
Approval Package,https://gta-psg.georgia.gov/document/document/enterprise-artificial-intelligence-responsible-use-ps-23-001/download,189.7KB,189.7041015625,2025-01-28 12:01:00,tmorris,,,2025-01-28 12:01:00,Adobe PDF Library 24.4.48,2,5,4,PDF 1.6,"['https://gta-psg.georgia.gov/psg/enterprise-artificial-intelligence-responsible-use-ps-23-001', 'https://gta-psg.georgia.gov/psg/enterprise-artificial-intelligence-responsible-use-ps-23-001#main-content']",['Enterprise\xa0Artificial Intelligence Responsible Use PS-23-001'],Brochure,0.5680932402610779
An Introduction to Information Security,https://nvlpubs.nist.gov/nistpubs/SpecialPublications/NIST.SP.800-12r1.pdf,1.3MB,1307.646484375,2017-06-21 13:05:06,Michael Nieles,Organizations rely heavily on the use of information technology (IT) products and services to run their day-to-day activities. Ensuring the security of these products and services is of the utmost importance for the success of the organization. This publication provides an introduction to the information security principles organizations may leverage in order to understand the information security needs of their respective systems.,"""assurance; computer security; information security; introduction; risk management; security controls; security requirements""",2017-06-08 11:02:08,Adobe PDF Library 15.0,101,3,8,PDF 1.6,"['https://gta-psg.georgia.gov/psg/information-security-risk-management-ps-08-031#main-content', 'https://gta-psg.georgia.gov/article/information-security-risk-management#main-content', 'https://gta-psg.georgia.gov/article/information-security-risk-management', 'https://gta-psg.georgia.gov/psg/information-security-risk-management-ps-08-031', 'https://gta-psg.georgia.gov/psg/enterprise-information-security-policy-ps-08-005#main-content', 'https://gta-psg.georgia.gov/psg/enterprise-information-security-policy-ps-08-005']","['An Introduction to Information Security', 'AN INTRODUCTION TO INFORMATION SECURITY']",Report,0.7890104651451111
Approval Package,https://gta-psg.georgia.gov/document/document/enterprise-information-security-policy-ps-08-005-0/download,245.6KB,245.5654296875,2024-11-21 15:01:01,tmorris,,,2024-11-21 15:01:01,Microsoft® Word for Microsoft 365,6,1,0,PDF 1.7,"['https://gta-psg.georgia.gov/psg/enterprise-information-security-policy-ps-08-005#main-content', 'https://gta-psg.georgia.gov/psg/enterprise-information-security-policy-ps-08-005']",['Enterprise\xa0Information Security Policy PS-08-005'],Procurement,0.3112165033817291
Approval Package,https://gta-psg.georgia.gov/document/document/facilities-security-ss-08-015/download,183.2KB,183.193359375,2025-01-26 22:05:09,tmorris,,,2025-01-26 22:05:09,Adobe PDF Library 24.4.48,2,1,4,PDF 1.6,"['https://gta-psg.georgia.gov/psg/facilities-security-ss-08-015', 'https://gta-psg.georgia.gov/article/facilities-security#main-content', 'https://gta-psg.georgia.gov/psg/facilities-security-ss-08-015#main-content', 'https://gta-psg.georgia.gov/article/facilities-security']",['Facilities\xa0Security SS-08-015'],Brochure,0.47010964155197144
download,https://gta-psg.georgia.gov/document/document/faqs-domain-names-and-ssl-certificates/download,141.0KB,140.9794921875,2023-02-27 09:01:06,"Thomassen, Les",,,2023-02-27 09:01:06,Microsoft® Word for Microsoft 365,4,0,0,PDF 1.7,"['https://gta-psg.georgia.gov/psg/faqs-domain-names-and-ssl-certificates-doc-20-domain-names-and-ssl-certificates#main-content', 'https://gta-psg.georgia.gov/psg/faqs-domain-names-and-ssl-certificates-doc-20-domain-names-and-ssl-certificates']",['FAQs\xa0Domain Names and SSL Certificates'],Policy,0.35305899381637573
Approval Package,https://gta-psg.georgia.gov/document/document/georgiagov-domain-name-sa-03-007/download,116.6KB,116.599609375,2020-02-13 09:00:07,tmorris,,,2020-02-13 09:00:07,Microsoft® Word for Office 365,4,1,0,PDF 1.7,"['https://gta-psg.georgia.gov/article/georgiagov-domain-name#main-content', 'https://gta-psg.georgia.gov/article/georgiagov-domain-name', 'https://gta-psg.georgia.gov/psg/georgiagov-domain-name-sa-03-007#main-content', 'https://gta-psg.georgia.gov/psg/georgiagov-domain-name-sa-03-007']",['Georgia.Gov\xa0Domain Name SA-03-007'],Policy,0.28962263464927673
Approval Package,https://gta-psg.georgia.gov/document/document/gta-endorsement-proposed-technology-procurement-sm-14-008/download,186.1KB,186.1181640625,2023-04-26 16:02:06,tmorris,,,2023-04-26 16:02:06,Microsoft® Word for Microsoft 365,3,1,0,PDF 1.7,"['https://gta-psg.georgia.gov/psg/gta-endorsement-proposed-technology-procurement-sm-14-008#main-content', 'https://gta-psg.georgia.gov/psg/gta-endorsement-proposed-technology-procurement-sm-14-008']",['GTA\xa0Endorsement of Proposed Technology Procurement SM-14-008'],Brochure,0.4050169885158539
Approval Package,https://gta-psg.georgia.gov/document/document/incident-response-and-reporting-ss-08-004/download,201.2KB,201.1767578125,2023-07-20 10:04:01,tmorris,,,2023-07-20 10:04:01,Microsoft® Word for Microsoft 365,2,1,0,PDF 1.7,"['https://gta-psg.georgia.gov/article/incident-response-and-reporting', 'https://gta-psg.georgia.gov/psg/incident-response-and-reporting-ss-08-004', 'https://gta-psg.georgia.gov/article/incident-response-and-reporting#main-content', 'https://gta-psg.georgia.gov/psg/incident-response-and-reporting-ss-08-004#main-content']",['Incident\xa0Response and Reporting SS-08-004'],Brochure,0.5654879212379456
Approval Package,https://gta-psg.georgia.gov/document/document/independent-security-assessments-ss-08-042/download,181.7KB,181.708984375,2025-01-26 23:01:04,tmorris,,,2025-01-26 23:01:04,Adobe PDF Library 24.4.48,2,1,4,PDF 1.6,"['https://gta-psg.georgia.gov/article/independent-security-assessments#main-content', 'https://gta-psg.georgia.gov/article/independent-security-assessments', 'https://gta-psg.georgia.gov/psg/independent-security-assessments-ss-08-042', 'https://gta-psg.georgia.gov/psg/independent-security-assessments-ss-08-042#main-content']",['Independent\xa0Security Assessments SS-08-042'],Brochure,0.486270010471344
download,https://gta-psg.georgia.gov/document/document/independent-verification-and-validation-sm-06-001pdf/download,180.4KB,180.3662109375,2022-10-01 10:05:07,GTA,,,2022-10-01 10:05:07,Microsoft® Word for Microsoft 365,7,0,0,PDF 1.7,"['https://gta-psg.georgia.gov/psg/independent-verification-and-validation-sm-06-001#main-content', 'https://gta-psg.georgia.gov/psg/independent-verification-and-validation-sm-06-001']",['INDEPENDENT\xa0VERIFICATION AND VALIDATION SM-06-001.pdf'],Policy,0.44897180795669556
Approval Package,https://gta-psg.georgia.gov/document/document/information-security-risk-management-ps-08-031/download,190.6KB,190.5791015625,2025-01-15 17:00:05,tmorris,,,2025-01-15 17:00:05,Adobe PDF Library 24.4.48,2,1,4,PDF 1.6,"['https://gta-psg.georgia.gov/article/information-security-risk-management', 'https://gta-psg.georgia.gov/psg/information-security-risk-management-ps-08-031#main-content', 'https://gta-psg.georgia.gov/article/information-security-risk-management#main-content', 'https://gta-psg.georgia.gov/psg/information-security-risk-management-ps-08-031']",['Information\xa0Security - Risk Management PS-08-031'],Brochure,0.4618850648403168
Approval Package,https://gta-psg.georgia.gov/document/document/information-security-controls-ps-17-001/download,209.2KB,209.203125,2025-01-27 00:01:01,tmorris,,,2025-01-27 00:01:01,Adobe PDF Library 24.4.48,2,1,4,PDF 1.6,"['https://gta-psg.georgia.gov/psg/information-security-controls-policy-ps-17-001', 'https://gta-psg.georgia.gov/article/information-security-control-policy', 'https://gta-psg.georgia.gov/psg/information-security-controls-policy-ps-17-001#main-content', 'https://gta-psg.georgia.gov/article/information-security-control-policy#main-content']",['Information\xa0Security Controls PS-17-001'],Brochure,0.48019954562187195
Approval Package,https://gta-psg.georgia.gov/document/document/information-security-controls-ss-17-001/download,205.5KB,205.4736328125,2025-01-27 00:02:03,tmorris,,,2025-01-27 00:02:03,Adobe PDF Library 24.4.48,4,1,5,PDF 1.6,"['https://gta-psg.georgia.gov/psg/information-security-controls-standard-ss-17-001', 'https://gta-psg.georgia.gov/psg/information-security-controls-standard-ss-17-001#main-content']",['Information\xa0Security Controls SS-17-001'],Brochure,0.4534069895744324
Approval Package,https://gta-psg.georgia.gov/document/document/information-security-infrastructure-ss-08-005-0/download,212.9KB,212.9375,2025-01-27 00:02:09,tmorris,,,2025-01-27 00:02:09,Adobe PDF Library 24.4.48,3,1,4,PDF 1.6,"['https://gta-psg.georgia.gov/psg/information-security-infrastructure-ss-08-005', 'https://gta-psg.georgia.gov/article/information-security-infrastructure#main-content', 'https://gta-psg.georgia.gov/article/information-security-infrastructure', 'https://gta-psg.georgia.gov/psg/information-security-infrastructure-ss-08-005#main-content']",['Information\xa0Security Infrastructure SS-08-005'],Brochure,0.42115798592567444
Approval Package,https://gta-psg.georgia.gov/document/document/information-security-management-organization-ss-08-006/download,211.5KB,211.494140625,2025-01-27 00:04:00,tmorris,,,2025-01-27 00:04:00,Adobe PDF Library 24.4.48,2,1,4,PDF 1.6,"['https://gta-psg.georgia.gov/psg/information-security-management-organization-ss-08-006#main-content', 'https://gta-psg.georgia.gov/article/information-security-management-organization#main-content', 'https://gta-psg.georgia.gov/psg/information-security-management-organization-ss-08-006', 'https://gta-psg.georgia.gov/article/information-security-management-organization']",['Information\xa0Security Management Organization SS-08-006'],Brochure,0.49071839451789856
Approval Package,https://gta-psg.georgia.gov/document/document/information-technology-reporting-ss-08-053/download,246.8KB,246.7861328125,2025-01-27 00:05:08,tmorris,,,2025-01-27 00:05:08,Adobe PDF Library 24.4.48,3,7,4,PDF 1.6,"['https://gta-psg.georgia.gov/psg/information-technology-reporting-ss-08-053', 'https://gta-psg.georgia.gov/psg/information-technology-reporting-ss-08-053#main-content']",['Information\xa0Technology Reporting SS-08-053'],Brochure,0.4543207883834839
Approval Package,https://gta-psg.georgia.gov/document/document/information-technology-review-sm-08-103/download,199.9KB,199.8798828125,2023-02-27 09:00:04,tmorris,,,2023-02-27 09:00:04,Microsoft® Word for Microsoft 365,3,1,0,PDF 1.7,"['https://gta-psg.georgia.gov/psg/information-technology-review-standard-sm-08-103-sm-08-103', 'https://gta-psg.georgia.gov/psg/information-technology-review-standard-sm-08-103-sm-08-103#main-content']",['Information\xa0Technology Review - SM-08-103'],Brochure,0.40319693088531494
Agency Strategic Planning Guidelines,https://opb.georgia.gov/document/document/fy-2023-strategic-planning-guidelines/download,404.4KB,404.3759765625,2022-05-04 11:03:09,"Carver, Meaghan",Fiscal Year 2023,,2022-05-04 11:03:09,Adobe PDF Library 22.1.149,16,0,2,PDF 1.6,"['https://gta-psg.georgia.gov/psg/information-technology-strategic-plan-sm-09-003', 'https://gta-psg.georgia.gov/article/information-technology-strategic-plan', 'https://gta-psg.georgia.gov/psg/information-technology-strategic-plan-sm-09-003#main-content', 'https://gta-psg.georgia.gov/article/information-technology-strategic-plan#main-content']","['“State Strategic Planning Guidelines”, Governor’s Office of Planning and Budget,']",Policy,0.38529255986213684
Approval Package,https://gta-psg.georgia.gov/document/document/information-technology-strategic-plan-sm-19-003pdf/download,160.7KB,160.7294921875,2022-10-01 11:03:07,tmorris,,,2022-10-01 11:03:07,Microsoft® Word for Microsoft 365,4,1,0,PDF 1.7,"['https://gta-psg.georgia.gov/psg/information-technology-strategic-plan-sm-09-003', 'https://gta-psg.georgia.gov/article/information-technology-strategic-plan', 'https://gta-psg.georgia.gov/psg/information-technology-strategic-plan-sm-09-003#main-content', 'https://gta-psg.georgia.gov/article/information-technology-strategic-plan#main-content']",['Information\xa0Technology Strategic Plan SM-19-003.pdf'],Brochure,0.17871709167957306
Approval Package,https://gta-psg.georgia.gov/document/document/teleworking-and-remote-access-international-ss-22-001/download,177.6KB,177.64453125,2025-01-27 01:00:04,tmorris,,,2025-01-27 01:00:04,Adobe PDF Library 24.4.48,3,1,1,PDF 1.6,"['https://gta-psg.georgia.gov/psg/international-teleworking-and-remote-access-ss-22-001', 'https://gta-psg.georgia.gov/psg/international-teleworking-and-remote-access-ss-22-001#main-content']","['Teleworking\xa0and Remote Access, International SS-22-001']",Brochure,0.4125167429447174
Approval Package,https://gta-psg.georgia.gov/document/document/ip-blocking-ss-17-002/download,203.7KB,203.7119140625,2025-01-27 01:01:04,tmorris,,,2025-01-27 01:01:04,Adobe PDF Library 24.4.48,2,1,4,PDF 1.6,"['https://gta-psg.georgia.gov/psg/ip-blocking-standard-ss-17-002-0#main-content', 'https://gta-psg.georgia.gov/psg/ip-blocking-standard-ss-17-002-0']",['IP\xa0Blocking SS-17-002'],Brochure,0.6254265308380127
Approval Package,https://gta-psg.georgia.gov/document/document/it-supply-chain-security-controls-ps-20-002/download,190.6KB,190.5615234375,2025-01-15 17:02:03,tmorris,,,2025-01-15 17:02:03,Adobe PDF Library 24.4.48,2,1,4,PDF 1.6,"['https://gta-psg.georgia.gov/psg/it-supply-chain-security-controls-policy-ps-20-002', 'https://gta-psg.georgia.gov/psg/it-supply-chain-security-controls-policy-ps-20-002#main-content']",['IT\xa0Supply Chain Security Controls (PS-20-002)'],Brochure,0.559945285320282
download,https://gta-psg.georgia.gov/document/document/large-it-project-executive-decision-making-board-pm-17-001/download,156.0KB,155.9755859375,2022-04-05 14:01:01,"Richards, Eric",,,2022-04-05 14:01:01,Microsoft® Word for Office 365,4,1,0,PDF 1.7,"['https://gta-psg.georgia.gov/psg/large-it-project-executive-decision-making-board-pm-17-001#main-content', 'https://gta-psg.georgia.gov/psg/large-it-project-executive-decision-making-board-pm-17-001']",['Large\xa0IT Project Executive Decision-Making Board PM-17-001'],Procurement,0.25955432653427124
Approval Package,https://gta-psg.georgia.gov/document/document/log-management-infrastructure-ss-08-036/download,209.5KB,209.490234375,2025-01-27 01:02:09,tmorris,,,2025-01-27 01:02:09,Adobe PDF Library 24.4.48,2,1,4,PDF 1.6,"['https://gta-psg.georgia.gov/psg/log-management-infrastructure-ss-08-036#main-content', 'https://gta-psg.georgia.gov/article/log-management-infrastructure#main-content', 'https://gta-psg.georgia.gov/psg/log-management-infrastructure-ss-08-036', 'https://gta-psg.georgia.gov/article/log-management-infrastructure']",['Log\xa0Management Infrastructure SS-08-036'],Brochure,0.5601872801780701
Approval Package,https://gta-psg.georgia.gov/document/document/malicious-code-incident-prevention-ss-08-033/download,212.0KB,211.9755859375,2025-01-27 02:00:04,tmorris,,,2025-01-27 02:00:04,Adobe PDF Library 24.4.48,3,1,4,PDF 1.6,"['https://gta-psg.georgia.gov/article/malicious-code-incident-prevention', 'https://gta-psg.georgia.gov/psg/malicious-code-incident-prevention-ss-08-033#main-content', 'https://gta-psg.georgia.gov/psg/malicious-code-incident-prevention-ss-08-033', 'https://gta-psg.georgia.gov/article/malicious-code-incident-prevention#main-content']",['Malicious\xa0Code Incident Prevention SS-08-033'],Brochure,0.8499525785446167
Impact Statement,https://gta-psg.georgia.gov/document/document/management-it-operations-po-09-002/download,53.7KB,53.7373046875,2022-04-05 14:02:00,tmorris,,,2022-04-05 14:02:00,Microsoft® Word for Office 365,1,0,0,PDF 1.7,"['https://gta-psg.georgia.gov/psg/management-it-operations-po-09-002', 'https://gta-psg.georgia.gov/article/management-it-operations', 'https://gta-psg.georgia.gov/article/management-it-operations#main-content', 'https://gta-psg.georgia.gov/psg/management-it-operations-po-09-002#main-content']",['MANAGEMENT\xa0OF IT OPERATIONS PO-09-002'],Form,0.33254769444465637
Approval Package,https://gta-psg.georgia.gov/document/document/media-controls-ps-08-026/download,188.3KB,188.314453125,2025-01-15 16:04:05,tmorris,,,2025-01-15 16:04:05,Adobe PDF Library 24.4.48,2,1,4,PDF 1.6,"['https://gta-psg.georgia.gov/article/media-controls-0#main-content', 'https://gta-psg.georgia.gov/psg/media-controls-ps-08-026', 'https://gta-psg.georgia.gov/article/media-controls-0', 'https://gta-psg.georgia.gov/psg/media-controls-ps-08-026#main-content']",['Media\xa0Controls PS-08-026'],Brochure,0.565463125705719
Approval Package,https://gta-psg.georgia.gov/document/document/media-protection-and-handling-ss-08-043/download,216.9KB,216.92578125,2025-01-27 02:01:09,tmorris,,,2025-01-27 02:01:09,Adobe PDF Library 24.4.48,3,1,4,PDF 1.6,"['https://gta-psg.georgia.gov/article/media-protection-and-handling', 'https://gta-psg.georgia.gov/psg/media-protection-and-handling-ss-08-043#main-content', 'https://gta-psg.georgia.gov/article/media-protection-and-handling#main-content', 'https://gta-psg.georgia.gov/psg/media-protection-and-handling-ss-08-043']",['Media\xa0Protection and Handling SS-08-043'],Brochure,0.49625468254089355
Approval Package,https://gta-psg.georgia.gov/document/document/media-sanitization-vendor-return-ss-08-035/download,190.8KB,190.814453125,2025-01-27 02:03:02,tmorris,,,2025-01-27 02:03:02,Adobe PDF Library 24.4.48,3,1,4,PDF 1.6,"['https://gta-psg.georgia.gov/psg/media-sanitization-vendor-return-ss-08-035#main-content', 'https://gta-psg.georgia.gov/article/media-sanitization-vendor-return-0#main-content', 'https://gta-psg.georgia.gov/psg/media-sanitization-vendor-return-ss-08-035', 'https://gta-psg.georgia.gov/article/media-sanitization-vendor-return-0']",['Media\xa0Sanitization - Vendor Return SS-08-035'],Brochure,0.47045570611953735
Approval Package,https://gta-psg.georgia.gov/document/document/multi-factor-authentication-ps-21-002/download,133.9KB,133.9443359375,2025-01-15 17:01:08,tmorris,,,2025-01-15 17:01:08,Adobe PDF Library 24.4.48,2,1,1,PDF 1.6,"['https://gta-psg.georgia.gov/psg/multi-factor-authentication-policy-ps-21-002#main-content', 'https://gta-psg.georgia.gov/psg/multi-factor-authentication-policy-ps-21-002']",['Multi-Factor\xa0Authentication (PS-21-002)'],Policy,0.2208566516637802
Approval Package,https://gta-psg.georgia.gov/document/document/network-access-and-session-controls-ss-08-048/download,207.9KB,207.9033203125,2025-01-27 02:04:00,tmorris,,,2025-01-27 02:04:00,Adobe PDF Library 24.4.48,2,1,4,PDF 1.6,"['https://gta-psg.georgia.gov/article/network-access-and-session-controls#main-content', 'https://gta-psg.georgia.gov/psg/network-access-and-session-controls-ss-08-048', 'https://gta-psg.georgia.gov/article/network-access-and-session-controls', 'https://gta-psg.georgia.gov/psg/network-access-and-session-controls-ss-08-048#main-content']",['Network\xa0Access and Session Controls SS-08-048'],Brochure,0.5088505148887634
Approval Package,https://gta-psg.georgia.gov/document/document/network-security-boundary-protections-ss-08-047/download,202.6KB,202.5595703125,2025-01-27 11:02:09,tmorris,,,2025-01-27 11:02:09,Adobe PDF Library 24.4.48,4,1,4,PDF 1.6,"['https://gta-psg.georgia.gov/psg/network-security-boundary-protection-ss-08-047', 'https://gta-psg.georgia.gov/article/network-security-boundary-protection#main-content', 'https://gta-psg.georgia.gov/article/network-security-boundary-protection', 'https://gta-psg.georgia.gov/psg/network-security-boundary-protection-ss-08-047#main-content']",['Network\xa0Security - Boundary Protections SS-08-047'],Brochure,0.5274121165275574
Approval Package,https://gta-psg.georgia.gov/document/document/network-security-information-flow-ps-08-030-0/download,184.7KB,184.654296875,2025-01-15 17:00:00,tmorris,,,2025-01-15 17:00:00,Adobe PDF Library 24.4.48,2,1,4,PDF 1.6,"['https://gta-psg.georgia.gov/psg/network-security-information-flow-ps-08-030', 'https://gta-psg.georgia.gov/psg/network-security-information-flow-ps-08-030#main-content', 'https://gta-psg.georgia.gov/article/network-security-information-flow#main-content', 'https://gta-psg.georgia.gov/article/network-security-information-flow']",['Network\xa0Security Information Flow PS-08-030'],Brochure,0.4798305034637451
Approval Package,https://gta-psg.georgia.gov/document/document/network-security-controls-ps-08-027/download,188.9KB,188.890625,2025-01-15 16:04:08,tmorris,,,2025-01-15 16:04:08,Adobe PDF Library 24.4.48,2,1,4,PDF 1.6,"['https://gta-psg.georgia.gov/psg/network-security-controls-ps-08-027', 'https://gta-psg.georgia.gov/article/network-security-controls#main-content', 'https://gta-psg.georgia.gov/article/network-security-controls', 'https://gta-psg.georgia.gov/psg/network-security-controls-ps-08-027#main-content']",['Network\xa0Security Controls PS-08-027'],Brochure,0.565463125705719
download,https://gta-psg.georgia.gov/document/publication/nist-families-mapping-dec2014pdf/download,456.5KB,456.5341796875,2014-12-11 12:05:03,"Morris, Tom",,,2014-12-11 12:05:02,Adobe PDF Library 10.0,53,53,0,PDF 1.5,"['https://gta-psg.georgia.gov/psg/nist-families-georgia-psgs-referenced', 'https://gta-psg.georgia.gov/psg/nist-families-georgia-psgs-referenced#main-content']",['NIST\xa0Families Mapping Dec2014.pdf'],Report,0.5810633897781372
Approval Package,https://gta-psg.georgia.gov/document/document/non-state-technology-and-computing-devices-ss-12-002/download,232.6KB,232.568359375,2025-01-27 11:04:00,tmorris,,,2025-01-27 11:04:00,Adobe PDF Library 24.4.48,3,1,4,PDF 1.6,"['https://gta-psg.georgia.gov/article/non-state-technology-and-computing-devices#main-content', 'https://gta-psg.georgia.gov/article/non-state-technology-and-computing-devices', 'https://gta-psg.georgia.gov/psg/non-state-technology-and-computing-devices-ss-12-002#main-content', 'https://gta-psg.georgia.gov/psg/non-state-technology-and-computing-devices-ss-12-002']",['Non-State\xa0Technology and Computing Devices SS-12-002'],Brochure,0.5602928400039673
Approval Package,https://gta-psg.georgia.gov/document/document/operational-change-control-ss-08-026/download,214.4KB,214.3720703125,2025-01-27 11:04:09,tmorris,,,2025-01-27 11:04:09,Adobe PDF Library 24.4.48,2,1,4,PDF 1.6,"['https://gta-psg.georgia.gov/article/operational-change-control', 'https://gta-psg.georgia.gov/psg/operational-change-control-ss-08-026#main-content', 'https://gta-psg.georgia.gov/psg/operational-change-control-ss-08-026', 'https://gta-psg.georgia.gov/article/operational-change-control#main-content']",['Operational\xa0Change Control SS-08-026'],Brochure,0.5704036951065063
Approval Package,https://gta-psg.georgia.gov/document/document/outsourced-facilities-management-ps-08-019/download,163.4KB,163.4375,2025-01-15 16:01:05,tmorris,,,2025-01-15 16:01:05,Adobe PDF Library 24.4.48,1,1,4,PDF 1.6,"['https://gta-psg.georgia.gov/psg/outsourced-facilities-management-ps-08-019#main-content', 'https://gta-psg.georgia.gov/article/outsourced-facilities-management', 'https://gta-psg.georgia.gov/psg/outsourced-facilities-management-ps-08-019', 'https://gta-psg.georgia.gov/article/outsourced-facilities-management#main-content']",['Outsourced\xa0Facilities Management PS-08-019'],Diagram,0.36489710211753845
Approval Package,https://gta-psg.georgia.gov/document/document/outsourced-it-services-and-third-party-interconnections-ss-08-044/download,215.2KB,215.2314453125,2025-01-27 11:05:03,tmorris,,,2025-01-27 11:05:03,Adobe PDF Library 24.4.48,2,1,4,PDF 1.6,"['https://gta-psg.georgia.gov/psg/outsourced-it-services-and-third-party-interconnections-ss-08-044#main-content', 'https://gta-psg.georgia.gov/psg/outsourced-it-services-and-third-party-interconnections-ss-08-044', 'https://gta-psg.georgia.gov/article/outsourced-it-services-and-third-party-interconnections#main-content', 'https://gta-psg.georgia.gov/article/outsourced-it-services-and-third-party-interconnections']",['Outsourced\xa0IT Services and Third-Party Interconnections SS-08-044'],Brochure,0.4949772357940674
Approval Package,https://gta-psg.georgia.gov/document/document/password-authentication-ps-08-006-0/download,180.7KB,180.7216796875,2024-11-21 15:02:02,tmorris,,,2024-11-21 15:02:02,Microsoft® Word for Microsoft 365,1,1,0,PDF 1.7,"['https://gta-psg.georgia.gov/psg/password-authentication-ps-08-006#main-content', 'https://gta-psg.georgia.gov/psg/password-authentication-ps-08-006', 'https://gta-psg.georgia.gov/article/password-authentication#main-content', 'https://gta-psg.georgia.gov/article/password-authentication']",['Password\xa0Authentication PS-08-006'],Diagram,0.32961687445640564
Approval Package,https://gta-psg.georgia.gov/document/document/password-security-ss-08-007/download,200.6KB,200.5673828125,2025-01-27 11:05:09,tmorris,,,2025-01-27 11:05:09,Adobe PDF Library 24.4.48,3,1,4,PDF 1.6,"['https://gta-psg.georgia.gov/psg/password-security-ss-08-007', 'https://gta-psg.georgia.gov/article/password-security', 'https://gta-psg.georgia.gov/psg/password-security-ss-08-007#main-content', 'https://gta-psg.georgia.gov/article/password-security#main-content']",['Password\xa0Security SS-08-007'],Brochure,0.5282952785491943
Approval Package,https://gta-psg.georgia.gov/document/document/performance-lifecycle-framework-sm-10-006pdf/download,192.4KB,192.3935546875,2022-10-01 12:02:02,tmorris,,,2022-10-01 12:02:02,Microsoft® Word for Microsoft 365,3,1,0,PDF 1.7,"['https://gta-psg.georgia.gov/psg/performance-lifecycle-framework-sm-10-006', 'https://gta-psg.georgia.gov/article/performance-lifecycle-framework', 'https://gta-psg.georgia.gov/psg/performance-lifecycle-framework-sm-10-006#main-content', 'https://gta-psg.georgia.gov/article/performance-lifecycle-framework#main-content']",['Performance\xa0Lifecycle Framework SM-10-006.pdf'],Brochure,0.47045570611953735
Placing Apps into Production,https://gta-psg.georgia.gov/document/publication/performance-lifecycle-management-guideline-gm-11-001pdf/download,644.8KB,644.8046875,2014-03-31 06:02:02,tmorris,,,2014-03-31 06:02:02,Microsoft® Word 2010,12,3,6,PDF 1.5,"['https://gta-psg.georgia.gov/psg/performance-lifecycle-management-guideline-gm-11-001#main-content', 'https://gta-psg.georgia.gov/article/performance-lifecycle-management-guideline', 'https://gta-psg.georgia.gov/psg/performance-lifecycle-management-guideline-gm-11-001', 'https://gta-psg.georgia.gov/article/performance-lifecycle-management-guideline#main-content']",['Performance\xa0Lifecycle Management Guideline GM-11-001.pdf'],Report,0.3378274142742157
Announcing the Standard for Personal Identity Verification (PIV) of Federal Employees and Contractors,https://nvlpubs.nist.gov/nistpubs/fips/nist.fips.201-2.pdf,4.9MB,5035.130859375,2022-01-24 09:00:06,"Ferraiolo, Hildegard;?Cooper, David A.;?Francomacaro, Salvatore;?Mehta, Ketan L.; Sokol, Annie W.","This Standard specifies the architecture and technical requirements for a common identification standard for Federal employees and contractors. The overall goal is to achieve appropriate security assurance for multiple applications by efficiently verifying the claimed identity of individuals seeking physical access to Federally controlled government facilities and logical access to government information systems. The Standard contains the minimum requirements for a Federal personal identity verification system that meets the control and security objectives of Homeland Security Presidential Directive-12 [HSPD-12], including identity proofing, registration, and issuance. The Standard also provides detailed specifications that will support technical interoperability among PIV systems of Federal departments and agencies. It describes the card elements, system interfaces, and security controls required to securely store, process, and retrieve identity credentials from the card.",,2013-08-29 09:01:08,Adobe PDF Library 10.0,88,11,10,PDF 1.6,"['https://gta-psg.georgia.gov/psg/personal-identification-verification-piv-cards-ss-19-001', 'https://gta-psg.georgia.gov/psg/personal-identification-verification-piv-cards-ss-19-001#main-content']",['https://nvlpubs.nist.gov/nistpubs/fips/nist.fips.201-2.pdf'],Report,0.7728499174118042
Approval Package,https://gta-psg.georgia.gov/document/document/personal-identification-verification-piv-cards-ss-19-001/download,187.4KB,187.4150390625,2025-01-27 12:01:02,tmorris,,,2025-01-27 12:01:02,Adobe PDF Library 24.4.48,2,1,4,PDF 1.6,"['https://gta-psg.georgia.gov/psg/personal-identification-verification-piv-cards-ss-19-001', 'https://gta-psg.georgia.gov/psg/personal-identification-verification-piv-cards-ss-19-001#main-content']",['Personal\xa0Identification Verification (PIV) Cards SS-19-001'],Brochure,0.5757783651351929
Approval Package,https://gta-psg.georgia.gov/document/document/personnel-identity-verification-screening-ss-08-017/download,208.5KB,208.5009765625,2025-01-27 16:02:03,tmorris,,,2025-01-27 16:02:03,Adobe PDF Library 24.4.48,2,1,4,PDF 1.6,"['https://gta-psg.georgia.gov/article/personnel-identity-verification-and-screening', 'https://gta-psg.georgia.gov/psg/personnel-identity-verification-and-screening-ss-08-017', 'https://gta-psg.georgia.gov/psg/personnel-identity-verification-and-screening-ss-08-017#main-content', 'https://gta-psg.georgia.gov/article/personnel-identity-verification-and-screening#main-content']",['Personnel\xa0Identity Verification Screening SS-08-017'],Brochure,0.511265218257904
Approval Package,https://gta-psg.georgia.gov/document/document/personnel-security-ps-08-014/download,215.4KB,215.3974609375,2025-01-15 16:00:01,tmorris,,,2025-01-15 16:00:01,Adobe PDF Library 24.4.48,2,1,4,PDF 1.6,"['https://gta-psg.georgia.gov/psg/personnel-security-ps-08-014#main-content', 'https://gta-psg.georgia.gov/psg/personnel-security-ps-08-014', 'https://gta-psg.georgia.gov/article/personnel-security', 'https://gta-psg.georgia.gov/article/personnel-security#main-content']",['Personnel\xa0Security PS-08-014'],Brochure,0.5673891305923462
Approval Package,https://gta-psg.georgia.gov/document/document/physical-and-environmental-security-ps-08-013-0/download,161.8KB,161.751953125,2024-11-21 16:00:09,tmorris,,,2024-11-21 16:00:09,Adobe PDF Library 24.4.48,1,1,4,PDF 1.6,"['https://gta-psg.georgia.gov/psg/physical-and-environmental-security-ps-08-013#main-content', 'https://gta-psg.georgia.gov/article/physical-and-environmental-security#main-content', 'https://gta-psg.georgia.gov/article/physical-and-environmental-security', 'https://gta-psg.georgia.gov/psg/physical-and-environmental-security-ps-08-013']",['Physical\xa0and Environmental Security PS-08-013'],Diagram,0.3567914068698883
Approval Package,https://gta-psg.georgia.gov/document/document/privacy-workplace-ss-12-001/download,228.1KB,228.1025390625,2025-01-27 16:04:01,tmorris,,,2025-01-27 16:04:01,Adobe PDF Library 24.4.48,3,1,4,PDF 1.6,"['https://gta-psg.georgia.gov/article/privacy-workplace', 'https://gta-psg.georgia.gov/psg/privacy-workplace-ss-12-001', 'https://gta-psg.georgia.gov/psg/privacy-workplace-ss-12-001#main-content', 'https://gta-psg.georgia.gov/article/privacy-workplace#main-content']",['Privacy\xa0in the Workplace SS-12-001'],Policy,0.5392956137657166
Approval Package,https://gta-psg.georgia.gov/document/document/prohibited-software-services-ss-22-002pdf/download,226.1KB,226.14453125,2025-03-03 12:02:01,tmorris,,,2025-03-03 12:02:01,Adobe PDF Library 24.4.48,3,2,4,PDF 1.6,"['https://gta-psg.georgia.gov/psg/prohibited-software-services-ss-22-002', 'https://gta-psg.georgia.gov/psg/prohibited-software-services-ss-22-002#main-content']",['Prohibited\xa0Software & Services (SS-22-002).pdf'],Brochure,0.5788358449935913
Approval Package,https://gta-psg.georgia.gov/document/document/project-financial-management-guideline-gm-09-001/download,202.3KB,202.2919921875,2023-04-25 16:03:06,tmorris,,,2023-04-25 16:03:06,Microsoft® Word for Microsoft 365,4,1,0,PDF 1.7,"['https://gta-psg.georgia.gov/psg/project-financial-management-guidelines-gm-09-001#main-content', 'https://gta-psg.georgia.gov/psg/project-financial-management-guidelines-gm-09-001']",['Project\xa0Financial Management Guideline GM-09-001'],Brochure,0.4328784942626953
Approval Package,https://gta-psg.georgia.gov/document/document/project-financial-management-standard-sm-09-001pdf/download,122.7KB,122.68359375,2022-10-01 11:02:03,tmorris,,,2022-10-01 11:02:03,Microsoft® Word for Microsoft 365,3,1,0,PDF 1.7,"['https://gta-psg.georgia.gov/psg/project-financial-management-standard-sm-09-001', 'https://gta-psg.georgia.gov/article/project-financial-management', 'https://gta-psg.georgia.gov/article/project-financial-management#main-content', 'https://gta-psg.georgia.gov/psg/project-financial-management-standard-sm-09-001#main-content']",['Project\xa0Financial Management Standard SM-09-001.pdf'],Procurement,0.2862897217273712
Approval Package,https://gta-psg.georgia.gov/document/document/project-re-baselining-guidelines-gm-22-001/download,200.0KB,200.0283203125,2023-04-26 14:00:02,tmorris,,,2023-04-26 14:00:02,Microsoft® Word for Microsoft 365,5,1,0,PDF 1.7,"['https://gta-psg.georgia.gov/psg/project-re-baselining-guidelines-gm-22-001#main-content', 'https://gta-psg.georgia.gov/psg/project-re-baselining-guidelines-gm-22-001']",['Project\xa0Re-Baselining Guidelines GM-22-001'],Procurement,0.34308961033821106
Approval Package,https://gta-psg.georgia.gov/document/document/protection-malicious-software-ps-08-021/download,211.5KB,211.5029296875,2025-01-15 16:02:04,tmorris,,,2025-01-15 16:02:04,Adobe PDF Library 24.4.48,2,1,4,PDF 1.6,"['https://gta-psg.georgia.gov/article/protection-malicious-software', 'https://gta-psg.georgia.gov/article/protection-malicious-software#main-content', 'https://gta-psg.georgia.gov/psg/protection-malicious-software-ps-08-021#main-content', 'https://gta-psg.georgia.gov/psg/protection-malicious-software-ps-08-021']",['Protection\xa0from Malicious Software PS-08-021'],Brochure,0.5699419975280762
Approval Package,https://gta-psg.georgia.gov/document/document/public-access-systems-ps-08-028/download,186.9KB,186.9052734375,2025-01-15 16:05:01,tmorris,,,2025-01-15 16:05:01,Adobe PDF Library 24.4.48,2,1,4,PDF 1.6,"['https://gta-psg.georgia.gov/psg/public-access-systems-ps-08-028#main-content', 'https://gta-psg.georgia.gov/article/public-access-systems#main-content', 'https://gta-psg.georgia.gov/psg/public-access-systems-ps-08-028', 'https://gta-psg.georgia.gov/article/public-access-systems']",['Public\xa0Access Systems PS-08-028'],Brochure,0.37928372621536255
Approval Package,https://gta-psg.georgia.gov/document/document/reliance-electronic-records-ps-08-00702/download,194.6KB,194.646484375,2024-11-21 15:03:03,tmorris,,,2024-11-21 15:03:03,Adobe PDF Library 24.4.48,2,1,4,PDF 1.6,"['https://gta-psg.georgia.gov/psg/reliance-electronic-records-ps-08-007#main-content', 'https://gta-psg.georgia.gov/article/reliance-electronic-records', 'https://gta-psg.georgia.gov/article/reliance-electronic-records#main-content', 'https://gta-psg.georgia.gov/psg/reliance-electronic-records-ps-08-007']",['Reliance\xa0on Electronic Records PS-08-007.02'],Brochure,0.5393203496932983
Approval Package,https://gta-psg.georgia.gov/document/document/remote-access-ps-08-023/download,191.7KB,191.66796875,2025-01-15 16:03:02,tmorris,,,2025-01-15 16:03:02,Adobe PDF Library 24.4.48,2,1,4,PDF 1.6,"['https://gta-psg.georgia.gov/article/remote-access#main-content', 'https://gta-psg.georgia.gov/psg/remote-access-ps-08-023#main-content', 'https://gta-psg.georgia.gov/article/remote-access', 'https://gta-psg.georgia.gov/psg/remote-access-ps-08-023']",['Remote\xa0Access PS-08-023'],Brochure,0.5497527718544006
"ITL Bulletin Contingency Planning Guide for Information Technology Systems, June 2002",http://csrc.nist.gov/publications/nistbul/bulletin06-02.pdf,327.7KB,327.740234375,2012-04-03 20:05:02,NIST Computer Security Divisin (CSD),,"ITL Bulletin Contingency Planning Guide for Information Technology Systems, June 2002",2002-06-14 16:02:07,Acrobat Distiller 5.0.5 (Windows),6,4,1,PDF 1.3,"['https://gta-psg.georgia.gov/psg/retention-data-backup-media-and-records-management-media-guideline-gm-13-001#main-content', 'https://gta-psg.georgia.gov/psg/retention-data-backup-media-and-records-management-media-guideline-gm-13-001']",['ITL June 02'],Policy,0.1863861232995987
"FIPS 199, Standards for Security Categorization of Federal Information and Information Systems",http://csrc.nist.gov/publications/fips/fips199/FIPS-PUB-199-final.pdf,72.1KB,72.09765625,2012-02-26 19:04:07,NIST Computer Security Division (CSD),,"FIPS 199, Standards for Security Categorization of Federal Information and Information Systems",2008-04-16 16:03:05,Acrobat Distiller 8.1.0 (Windows),13,1,1,PDF 1.6,"['https://gta-psg.georgia.gov/psg/risk-management-framework-ss-08-041#main-content', 'https://gta-psg.georgia.gov/article/risk-management-framework#main-content', 'https://gta-psg.georgia.gov/article/risk-management-framework', 'https://gta-psg.georgia.gov/psg/risk-management-framework-ss-08-041']",['FIPS 199'],Policy,0.7424033880233765
" FIPS 200, Minimum Security Requirements for Federal Information and Information Systems",http://csrc.nist.gov/publications/fips/fips200/FIPS-200-final-march.pdf,201.0KB,200.96875,2012-02-28 15:00:03,NIST Computer Security Division (CSD),," FIPS 200, Minimum Security Requirements for Federal Information and Information Systems, risk-assessment, security controls, security requirements",2006-03-14 13:05:00,Acrobat Distiller 6.0 (Windows),17,0,1,PDF 1.6,"['https://gta-psg.georgia.gov/psg/risk-management-framework-ss-08-041#main-content', 'https://gta-psg.georgia.gov/article/risk-management-framework#main-content', 'https://gta-psg.georgia.gov/article/risk-management-framework', 'https://gta-psg.georgia.gov/psg/risk-management-framework-ss-08-041']",['FIPS 200'],Policy,0.46661901473999023
Approval Package,https://gta-psg.georgia.gov/document/document/risk-management-framework-ss-08-041/download,1.1MB,1137.4208984375,2025-01-27 16:05:08,tmorris,,,2025-01-27 16:05:08,Adobe PDF Library 24.4.48,4,1,63,PDF 1.6,"['https://gta-psg.georgia.gov/psg/risk-management-framework-ss-08-041#main-content', 'https://gta-psg.georgia.gov/article/risk-management-framework#main-content', 'https://gta-psg.georgia.gov/article/risk-management-framework', 'https://gta-psg.georgia.gov/psg/risk-management-framework-ss-08-041']",['Risk\xa0Management Framework SS-08-041'],Brochure,0.6524531245231628
Approval Package,https://gta-psg.georgia.gov/document/document/secure-remote-access-ss-08-038/download,211.0KB,210.9716796875,2025-01-27 23:02:01,tmorris,,,2025-01-27 23:02:01,Adobe PDF Library 24.4.48,3,1,4,PDF 1.6,"['https://gta-psg.georgia.gov/article/secure-remote-access', 'https://gta-psg.georgia.gov/psg/secure-remote-access-ss-08-038#main-content', 'https://gta-psg.georgia.gov/article/secure-remote-access#main-content', 'https://gta-psg.georgia.gov/psg/secure-remote-access-ss-08-038']",['Secure\xa0Remote Access SS-08-038'],Brochure,0.5206319689750671
Approval Package,https://gta-psg.georgia.gov/document/document/security-awareness-program-ss-08-010/download,183.6KB,183.5546875,2024-11-21 15:05:01,tmorris,,,2024-11-21 15:05:01,Adobe PDF Library 24.4.48,2,1,4,PDF 1.6,"['https://gta-psg.georgia.gov/article/security-awareness-program', 'https://gta-psg.georgia.gov/article/security-awareness-program#main-content', 'https://gta-psg.georgia.gov/psg/security-awareness-program-ps-08-010', 'https://gta-psg.georgia.gov/psg/security-awareness-program-ps-08-010#main-content']",['Security\xa0Awareness Program SS-08-010'],Brochure,0.7973452806472778
Approval Package,https://gta-psg.georgia.gov/document/document/security-controls-review-and-assessments-ps-08-029/download,187.7KB,187.685546875,2025-01-15 16:05:06,tmorris,,,2025-01-15 16:05:06,Adobe PDF Library 24.4.48,2,1,4,PDF 1.6,"['https://gta-psg.georgia.gov/psg/security-controls-review-and-assessment-ps-08-02902', 'https://gta-psg.georgia.gov/psg/security-controls-review-and-assessment-ps-08-02902#main-content']",['Security\xa0Controls Review and Assessments PS-08-029'],Brochure,0.4855862855911255
Approval Package,https://gta-psg.georgia.gov/document/document/security-education-and-awareness-ss-08-012/download,189.4KB,189.3994140625,2025-01-27 23:02:06,tmorris,,,2025-01-27 23:02:06,Adobe PDF Library 24.4.48,2,1,4,PDF 1.6,"['https://gta-psg.georgia.gov/psg/security-education-and-awareness-ss-08-012#main-content', 'https://gta-psg.georgia.gov/psg/security-education-and-awareness-ss-08-012', 'https://gta-psg.georgia.gov/article/security-education-and-awareness#main-content', 'https://gta-psg.georgia.gov/article/security-education-and-awareness']",['Security\xa0Education and Awareness SS-08-012'],Brochure,0.5045778155326843
Approval Package,https://gta-psg.georgia.gov/document/document/security-log-management-ps-08-022/download,188.8KB,188.8291015625,2025-01-15 16:02:08,tmorris,,,2025-01-15 16:02:08,Adobe PDF Library 24.4.48,2,1,4,PDF 1.6,"['https://gta-psg.georgia.gov/article/security-log-management', 'https://gta-psg.georgia.gov/article/security-log-management#main-content', 'https://gta-psg.georgia.gov/psg/security-log-management-ps-08-022', 'https://gta-psg.georgia.gov/psg/security-log-management-ps-08-022#main-content']",['Security\xa0Log Management PS-08-022'],Brochure,0.565463125705719
Approval Package,https://gta-psg.georgia.gov/document/document/separation-production-and-development-environments-ps-08-020/download,159.8KB,159.8095703125,2025-01-15 16:01:09,tmorris,,,2025-01-15 16:01:09,Adobe PDF Library 24.4.48,1,1,4,PDF 1.6,"['https://gta-psg.georgia.gov/psg/separation-production-and-development-environments-ps-08-020', 'https://gta-psg.georgia.gov/article/separation-production-and-development-environments#main-content', 'https://gta-psg.georgia.gov/article/separation-production-and-development-environments', 'https://gta-psg.georgia.gov/psg/separation-production-and-development-environments-ps-08-020#main-content']",['Separation\xa0of Production and Development Environments PS-08-020'],Diagram,0.31298595666885376
Approval Package,https://gta-psg.georgia.gov/document/publication/software-management-finalpdf/download,566.1KB,566.07421875,2019-03-14 16:05:06,tmorris,,,2019-03-14 16:05:06,Microsoft® Word 2016,3,1,0,PDF 1.5,"['https://gta-psg.georgia.gov/psg/software-management-standard-sm-19-001', 'https://gta-psg.georgia.gov/psg/software-management-standard-sm-19-001#main-content']",['Software\xa0Management Final.pdf'],Brochure,0.5930142998695374
Approval Package,https://gta-psg.georgia.gov/document/document/surplus-electronic-media-disposal-ss-08-034/download,221.0KB,220.978515625,2025-01-28 10:04:08,tmorris,,,2025-01-28 10:04:08,Adobe PDF Library 24.4.48,2,1,4,PDF 1.6,"['https://gta-psg.georgia.gov/article/surplus-electronic-media-disposal', 'https://gta-psg.georgia.gov/article/surplus-electronic-media-disposal#main-content', 'https://gta-psg.georgia.gov/psg/surplus-electronic-media-disposal-ss-08-034', 'https://gta-psg.georgia.gov/psg/surplus-electronic-media-disposal-ss-08-034#main-content']",['Surplus\xa0Electronic Media Disposal SS-08-034'],Brochure,0.6366322636604309
Approval Package,https://gta-psg.georgia.gov/document/document/system-development-lifecycle-sm-10-005pdf/download,158.1KB,158.0859375,2022-10-01 12:01:01,tmorris,,,2022-10-01 12:01:01,Microsoft® Word for Microsoft 365,4,1,0,PDF 1.7,"['https://gta-psg.georgia.gov/article/system-development-lifecycle#main-content', 'https://gta-psg.georgia.gov/psg/system-development-lifecycle-sm-10-005', 'https://gta-psg.georgia.gov/psg/system-development-lifecycle-sm-10-005#main-content', 'https://gta-psg.georgia.gov/article/system-development-lifecycle']",['System\xa0Development Lifecycle  SM-10-005.pdf'],Procurement,0.17823907732963562
Approval Package,https://gta-psg.georgia.gov/document/document/system-implementation-and-acceptance-ss-08-032/download,207.0KB,206.990234375,2025-01-28 11:02:01,tmorris,,,2025-01-28 11:02:01,Adobe PDF Library 24.4.48,2,1,4,PDF 1.6,"['https://gta-psg.georgia.gov/article/system-implementation-and-acceptance', 'https://gta-psg.georgia.gov/article/system-implementation-and-acceptance#main-content', 'https://gta-psg.georgia.gov/psg/system-implementation-and-acceptance-ss-08-032', 'https://gta-psg.georgia.gov/psg/system-implementation-and-acceptance-ss-08-032#main-content']",['System\xa0Implementation and Acceptance SS-08-032'],Brochure,0.5088505148887634
Approval Package,https://gta-psg.georgia.gov/document/document/system-lifecycle-management-ss-08-025/download,211.7KB,211.6591796875,2025-01-28 11:02:06,tmorris,,,2025-01-28 11:02:06,Adobe PDF Library 24.4.48,2,1,4,PDF 1.6,"['https://gta-psg.georgia.gov/psg/system-lifecycle-management-ss-08-025#main-content', 'https://gta-psg.georgia.gov/psg/system-lifecycle-management-ss-08-025', 'https://gta-psg.georgia.gov/article/system-lifecycle-management#main-content', 'https://gta-psg.georgia.gov/article/system-lifecycle-management']",['System\xa0Lifecycle Management SS-08-025'],Brochure,0.5699419975280762
Approval Package,https://gta-psg.georgia.gov/document/document/system-security-plans-ss-08-028/download,234.1KB,234.052734375,2025-01-28 11:03:02,tmorris,,,2025-01-28 11:03:02,Adobe PDF Library 24.4.48,3,1,4,PDF 1.6,"['https://gta-psg.georgia.gov/article/system-security-plans', 'https://gta-psg.georgia.gov/psg/system-security-plans-ss-08-028#main-content', 'https://gta-psg.georgia.gov/article/system-security-plans#main-content', 'https://gta-psg.georgia.gov/psg/system-security-plans-ss-08-028']",['System\xa0Security Plans SS-08-028'],Brochure,0.5887957215309143
Approval Package,https://gta-psg.georgia.gov/document/document/systems-and-development-lifecycle-ps-08-018/download,188.1KB,188.0517578125,2025-01-15 16:01:01,tmorris,,,2025-01-15 16:01:01,Adobe PDF Library 24.4.48,2,1,4,PDF 1.6,"['https://gta-psg.georgia.gov/article/systems-and-development-lifecycle#main-content', 'https://gta-psg.georgia.gov/psg/systems-and-development-lifecycle-ps-08-018#main-content', 'https://gta-psg.georgia.gov/article/systems-and-development-lifecycle', 'https://gta-psg.georgia.gov/psg/systems-and-development-lifecycle-ps-08-018']",['Systems\xa0and Development Lifecycle PS-08-018'],Brochure,0.45590925216674805
Approval Package,https://gta-psg.georgia.gov/document/document/systems-operations-documentation-ss-08-027/download,223.2KB,223.216796875,2025-01-28 11:04:00,tmorris,,,2025-01-28 11:04:00,Adobe PDF Library 24.4.48,2,1,4,PDF 1.6,"['https://gta-psg.georgia.gov/psg/systems-operations-documentation-ss-08-027', 'https://gta-psg.georgia.gov/article/systems-operations-documentation', 'https://gta-psg.georgia.gov/psg/systems-operations-documentation-ss-08-027#main-content', 'https://gta-psg.georgia.gov/article/systems-operations-documentation#main-content']",['Systems\xa0Operations Documentation SS-08-027'],Brochure,0.6470908522605896
Approval Package,https://gta-psg.georgia.gov/document/document/technology-guideline-remote-worker-0/download,188.0KB,187.99609375,2020-09-15 11:01:03,tmorris,,,2020-09-15 11:01:03,Microsoft® Word for Office 365,8,1,0,PDF 1.7,"['https://gta-psg.georgia.gov/psg/technology-guideline-remote-worker-gs-21-001#main-content', 'https://gta-psg.georgia.gov/psg/technology-guideline-remote-worker-gs-21-001']",['Technology\xa0Guideline for the Remote Worker'],Policy,0.43125343322753906
Approval Package,https://gta-psg.georgia.gov/document/document/technology-project-management-gm-08-101/download,232.5KB,232.4892578125,2023-04-25 15:05:01,tmorris,,,2023-04-25 15:05:01,Microsoft® Word for Microsoft 365,6,1,0,PDF 1.7,"['https://gta-psg.georgia.gov/article/technology-project-management-guideline#main-content', 'https://gta-psg.georgia.gov/article/technology-project-management-guideline', 'https://gta-psg.georgia.gov/psg/technology-project-management-guideline-gm-08-101', 'https://gta-psg.georgia.gov/psg/technology-project-management-guideline-gm-08-101#main-content']",['Technology\xa0Project Management GM-08-101'],Procurement,0.35074424743652344
Approval Package,https://gta-psg.georgia.gov/document/document/teleworking-and-remote-access-ss-08-037/download,187.5KB,187.5419921875,2025-01-28 11:04:06,tmorris,,,2025-01-28 11:04:06,Adobe PDF Library 24.4.48,2,1,4,PDF 1.6,"['https://gta-psg.georgia.gov/psg/teleworking-and-remote-access-ss-08-037#main-content', 'https://gta-psg.georgia.gov/article/teleworking-and-remote-access#main-content', 'https://gta-psg.georgia.gov/article/teleworking-and-remote-access', 'https://gta-psg.georgia.gov/psg/teleworking-and-remote-access-ss-08-037']",['Teleworking\xa0and Remote Access SS-08-037'],Brochure,0.5110288262367249
Approval Package,https://gta-psg.georgia.gov/document/document/terms-and-conditions-cloud-sm-14-010pdf/download,278.8KB,278.8408203125,2022-10-01 09:05:07,tmorris,,,2022-10-01 09:05:07,Microsoft® Word for Microsoft 365,12,1,0,PDF 1.7,"['https://gta-psg.georgia.gov/psg/terms-and-conditions-cloud-services-sm-14-010', 'https://gta-psg.georgia.gov/psg/terms-and-conditions-cloud-services-sm-14-010#main-content']",['Terms\xa0and Conditions for Cloud SM-14-010.pdf'],Policy,0.21447548270225525
Approval Package,https://gta-psg.georgia.gov/document/document/third-party-service-provider-verification-and-screening-ss-24-001/download,214.8KB,214.8193359375,2024-12-02 15:01:09,tmorris,,,2024-12-02 15:01:09,Adobe PDF Library 24.4.48,4,2,4,PDF 1.6,"['https://gta-psg.georgia.gov/psg/third-party-service-provider-verification-and-screening-ss-24-001-ss-24-001', 'https://gta-psg.georgia.gov/psg/third-party-service-provider-verification-and-screening-ss-24-001-ss-24-001#main-content']",['Third\xa0Party Service Provider Verification and Screening SS-24-001'],Brochure,0.500514030456543
Approval Package,https://gta-psg.georgia.gov/document/document/third-party-access-ps-08-011-0/download,186.0KB,186.0419921875,2024-11-21 15:05:08,tmorris,,,2024-11-21 15:05:08,Adobe PDF Library 24.4.48,2,1,4,PDF 1.6,"['https://gta-psg.georgia.gov/psg/third-party-access-ps-08-011#main-content', 'https://gta-psg.georgia.gov/psg/third-party-access-ps-08-011', 'https://gta-psg.georgia.gov/article/third-party-access', 'https://gta-psg.georgia.gov/article/third-party-access#main-content']",['Third\xa0Party Access PS-08-011'],Brochure,0.5753647685050964
Approval Package,https://gta-psg.georgia.gov/document/document/third-party-security-requirements-ss-08-013/download,192.1KB,192.0537109375,2025-01-28 11:05:01,tmorris,,,2025-01-28 11:05:01,Adobe PDF Library 24.4.48,2,1,4,PDF 1.6,"['https://gta-psg.georgia.gov/psg/third-party-security-requirements-ss-08-013#main-content', 'https://gta-psg.georgia.gov/article/third-party-security-requirements', 'https://gta-psg.georgia.gov/psg/third-party-security-requirements-ss-08-013', 'https://gta-psg.georgia.gov/article/third-party-security-requirements#main-content']",['Third\xa0Party Security Requirements SS-08-013'],Brochure,0.5497527718544006
Approval Package,https://gta-psg.georgia.gov/document/document/use-cryptography-ps-08-024/download,251.2KB,251.169921875,2025-01-15 16:03:06,tmorris,,,2025-01-15 16:03:06,Adobe PDF Library 24.4.48,2,1,4,PDF 1.6,"['https://gta-psg.georgia.gov/article/use-cryptography#main-content', 'https://gta-psg.georgia.gov/article/use-cryptography', 'https://gta-psg.georgia.gov/psg/use-cryptography-ps-08-024#main-content', 'https://gta-psg.georgia.gov/psg/use-cryptography-ps-08-024']",['Use\xa0of Cryptography PS-08-024'],Brochure,0.5443180799484253
Approval Package,https://gta-psg.georgia.gov/document/document/vulnerability-disclosure-program-vdp/download,210.3KB,210.32421875,2021-06-01 13:01:00,tmorris,,,2021-06-01 13:01:00,Microsoft® Word for Office 365,3,1,1,PDF 1.7,"['https://gta-psg.georgia.gov/psg/vulnerability-disclosure-program-ps-21-001-vdp#_msocom_1', 'https://gta-psg.georgia.gov/psg/vulnerability-disclosure-program-ps-21-001-vdp', 'https://gta-psg.georgia.gov/psg/vulnerability-disclosure-program-ps-21-001-vdp#main-content']",['Vulnerability\xa0Disclosure Program (VDP)'],Brochure,0.7728271484375
Approval Package,https://gta-psg.georgia.gov/document/document/web-and-e-commerce-security-ss-08-049/download,214.7KB,214.7177734375,2025-01-28 11:05:09,tmorris,,,2025-01-28 11:05:09,Adobe PDF Library 24.4.48,3,1,4,PDF 1.6,"['https://gta-psg.georgia.gov/article/web-and-e-commerce-security', 'https://gta-psg.georgia.gov/psg/web-and-e-commerce-security-ss-08-049#main-content', 'https://gta-psg.georgia.gov/article/web-and-e-commerce-security#main-content', 'https://gta-psg.georgia.gov/psg/web-and-e-commerce-security-ss-08-049']",['Web\xa0and E-Commerce Security SS-08-049'],Brochure,0.4949735105037689
Approval Package,https://gta-psg.georgia.gov/document/document/website-branding-sa-14-002pdf/download,248.7KB,248.7119140625,2022-09-30 18:05:01,tmorris,,,2022-09-30 18:05:01,Microsoft® Word for Microsoft 365,4,1,2,PDF 1.7,"['https://gta-psg.georgia.gov/psg/website-branding-sa-14-002#main-content', 'https://gta-psg.georgia.gov/psg/website-branding-sa-14-002']",['Website\xa0Branding SA-14-002.pdf'],Brochure,0.5666369795799255
Approval Package,https://gta-psg.georgia.gov/document/document/wireless-and-mobile-computing-ss-08-039/download,211.1KB,211.09375,2025-01-28 12:00:05,tmorris,,,2025-01-28 12:00:05,Adobe PDF Library 24.4.48,2,1,4,PDF 1.6,"['https://gta-psg.georgia.gov/article/wireless-and-mobile-computing#main-content', 'https://gta-psg.georgia.gov/psg/wireless-and-mobile-computing-ss-08-039', 'https://gta-psg.georgia.gov/psg/wireless-and-mobile-computing-ss-08-039#main-content', 'https://gta-psg.georgia.gov/article/wireless-and-mobile-computing']",['Wireless\xa0and Mobile Computing SS-08-039'],Brochure,0.5219180583953857
