file_name,url,file_size,file_size_kilobytes,last_modified_date,author,subject,keywords,creation_date,producer,number_of_pages,number_of_tables,number_of_images,version,source,text_around_link,predicted_category,predicted_category_confidence
Microsoft Word - Provider Guidelines Manual 3.04.24,https://gvs.georgia.gov/document/document/provider-guidelines-manual/download,893.6KB,893.564453125,2024-10-31 16:02:06,"Hall, Sharon",,,2024-10-31 16:02:06,Adobe PDF Library 24.3.212,99,0,1,PDF 1.6,"['https://gvs.georgia.gov/vocational-rehabilitation-services/employment-services-and-business-service', 'https://gvs.georgia.gov/vocational-rehabilitation/employees-and-employers#main-content', 'https://gvs.georgia.gov/vocational-rehabilitation/employees-and-employers', 'https://gvs.georgia.gov/vocational-rehabilitation-services/employment-services-and-business-service#main-content']",['Provider\n \nManual'],Report,0.5278478860855103
Microsoft Word - Provider Directory FY25 3.19.2025,https://gvs.georgia.gov/media/9291/download,2.4MB,2417.287109375,2025-03-19 14:05:04,"Hall, Sharon",,,2025-03-19 14:05:04,Microsoft: Print To PDF,162,4,4,PDF 1.7,"['https://gvs.georgia.gov/vocational-rehabilitation-services/employment-services-and-business-service', 'https://gvs.georgia.gov/vocational-rehabilitation/employees-and-employers#main-content', 'https://gvs.georgia.gov/vocational-rehabilitation/employees-and-employers', 'https://gvs.georgia.gov/vocational-rehabilitation-services/employment-services-and-business-service#main-content']",['Provider\n \nList'],Report,0.8769426345825195
download,https://gvs.georgia.gov/document/document/form-ocga-lawful-presence-affidavitpdf/download,106.5KB,106.46875,2025-01-28 08:00:03,"Linowski, Stacy",,,2025-01-28 07:05:08,Microsoft® Word for Microsoft 365,1,0,0,PDF 1.7,"['https://gvs.georgia.gov/vocational-rehabilitation/resources', 'https://gvs.georgia.gov/vocational-rehabilitation/resources#main-content']",['Affidavit'],Brochure,0.28962016105651855
download,https://gvs.georgia.gov/document/document/form-authorized-representativepdf/download,98.7KB,98.748046875,2025-01-28 08:05:01,its,,,2025-01-28 07:05:07,Microsoft® Word for Microsoft 365,1,1,1,PDF 1.7,"['https://gvs.georgia.gov/vocational-rehabilitation/resources', 'https://gvs.georgia.gov/vocational-rehabilitation/resources#main-content']",['Authorized\n \nRepresentative Form'],Form,0.6029833555221558
Real ID Non-U.S. Citizens,https://gvs.georgia.gov/document/document/checklistpdf--UNPUBLISHED-document--DO-NOT-SHARE-this-URL--/download,299.8KB,299.8330078125,2025-01-10 19:00:00,"Harris-Bailey, Sharonda",,,2023-12-21 11:04:08,Microsoft® Word for Microsoft 365,1,1,2,PDF 1.7,"['https://gvs.georgia.gov/vocational-rehabilitation/resources', 'https://gvs.georgia.gov/vocational-rehabilitation/resources#main-content']",['Vocational\n \nServices Checklist'],Diagram,0.627972424030304
Georgia Vocational Rehabilitation agency policies,https://gvs.georgia.gov/document/document/client-services-policy-manual-07-01-22/download,1.5MB,1529.3173828125,2024-04-02 17:03:04,"Linowski, Stacy",,,2024-04-02 17:03:02,Adobe PDF Library 24.1.124,200,156,213,PDF 1.6,"['https://gvs.georgia.gov/get-know-us/publications/manuals#main-content', 'https://gvs.georgia.gov/publications/manuals#main-content', 'https://gvs.georgia.gov/get-know-us/publications/manuals', 'https://gvs.georgia.gov/vocational-rehabilitation/resources', 'https://gvs.georgia.gov/vocational-rehabilitation/resources#main-content', 'https://gvs.georgia.gov/publications/manuals']","['Client\xa0Services Policy Manual 4.1.24', 'Client\n \nServices Policy Manual']",Report,0.49661147594451904
AWT,https://gvs.georgia.gov/document/document/awtfinal1725pdf/download,751.5KB,751.490234375,2025-01-07 21:00:08,Brandeis Thompson,,"DAGQRFzsU1w,BAFSUtYHVBo",2025-01-07 21:00:08,Canva,2,0,15,PDF 1.4,"['https://gvs.georgia.gov/vocational-rehabilitation/resources', 'https://gvs.georgia.gov/vocational-rehabilitation/resources#main-content']",['Assistive\n \nWork Technology'],Brochure,0.7938117980957031
2,https://gvs.georgia.gov/document/document/final-post-secondary-academic-and-vocational-training-handbook-11025pdf/download,263.0KB,263.0126953125,2025-01-31 17:03:01,Natasha Lemler,,,2025-01-31 17:03:01,Adobe PDF Library 24.5.96,14,4,1,PDF 1.6,"['https://gvs.georgia.gov/vocational-rehabilitation/resources', 'https://gvs.georgia.gov/vocational-rehabilitation/resources#main-content']",['Post-Secondary\n \nAcademic and Vocational Training Handbook'],Policy,0.3015836477279663
VR- Sensory Services 3.2,https://gvs.georgia.gov/document/document/vr-sensory-services-brochure/download,2.1MB,2122.0166015625,2023-07-12 10:03:00,,,,2023-07-12 10:03:00,Adobe PDF library 17.00,2,0,7,PDF 1.6,"['https://gvs.georgia.gov/sensory-services/deaf-deaf-blind-and-hoh-services', 'https://gvs.georgia.gov/sensory-services/blind-and-low-vision-field-services#main-content', 'https://gvs.georgia.gov/sensory-populations', 'https://gvs.georgia.gov/older-blindproject-independence', 'https://gvs.georgia.gov/sensory-services/older-blindproject-independence', 'https://gvs.georgia.gov/blind-and-low-vision-field-services', 'https://gvs.georgia.gov/blind-and-low-vision-field-services#main-content', 'https://gvs.georgia.gov/older-blindproject-independence#main-content', 'https://gvs.georgia.gov/deaf-deaf-blind-and-hoh-services#main-content', 'https://gvs.georgia.gov/sensory-services', 'https://gvs.georgia.gov/get-know-us/publications/list-all-gvra-publications', 'https://gvs.georgia.gov/sensory-services/older-blindproject-independence#main-content', 'https://gvs.georgia.gov/sensory-services#main-content', 'https://gvs.georgia.gov/sensory-populations#main-content', 'https://gvs.georgia.gov/sensory-services/deaf-deaf-blind-and-hoh-services#main-content', 'https://gvs.georgia.gov/sensory-services/blind-and-low-vision-field-services', 'https://gvs.georgia.gov/deaf-deaf-blind-and-hoh-services', 'https://gvs.georgia.gov/get-know-us/publications/list-all-gvra-publications#main-content']","['SensoryServices Brochure', 'Sensory\n \nServices Brochure']",Brochure,0.5989803671836853
No Slide Title,https://gvs.georgia.gov/document/document/912021-district-map-finalpdf/download,275.5KB,275.49609375,2021-08-19 16:02:00,Denise Wilson,,,2021-08-17 11:01:07,Adobe PDF Library 11.0,1,1,1,PDF 1.5,"['https://gvs.georgia.gov/sensory-services/blind-and-low-vision-field-services', 'https://gvs.georgia.gov/blind-and-low-vision-field-services#main-content', 'https://gvs.georgia.gov/sensory-services/blind-and-low-vision-field-services#main-content', 'https://gvs.georgia.gov/blind-and-low-vision-field-services']",['District\n \nMap'],Diagram,0.5900077819824219
download,https://gvs.georgia.gov/document/document/rws-grow-application-2025-1pdf/download,211.5KB,211.451171875,2025-02-18 13:04:08,Denise Burson,,,2025-02-18 13:01:09,Adobe PDF Library 24.5.175,1,1,2,PDF 1.6,"['https://gvs.georgia.gov/transition-services-0/roosevelt-warm-springscave-spring-center', 'https://gvs.georgia.gov/transition-services-0/roosevelt-warm-springscave-spring-center#main-content']",['Residential\n \nCamp Application'],Form,0.7342342138290405
download,https://gvs.georgia.gov/document/document/sign-summer-grow/download,378.5KB,378.4814453125,2025-03-03 20:00:02,,,,,Pdftools SDK,1,0,1,PDF 1.4,"['https://gvs.georgia.gov/transition-services-0/roosevelt-warm-springscave-spring-center', 'https://gvs.georgia.gov/transition-services-0/roosevelt-warm-springscave-spring-center#main-content']",['Summer\n \nGROW Sign Up Now Flyer'],Diagram,0.7558668255805969
download,https://gvs.georgia.gov/document/document/preview-summer-grow-4pdf/download,412.9KB,412.87890625,2025-01-28 15:00:07,,,,2025-01-28 15:00:07,3-Heights™ Image to PDF Converter Shell 6.16.0.2 (http://www.pdf-tools.com),1,0,1,PDF 1.7,"['https://gvs.georgia.gov/transition-services-0/roosevelt-warm-springscave-spring-center', 'https://gvs.georgia.gov/transition-services-0/roosevelt-warm-springscave-spring-center#main-content']",['Summer\n \nGROW Preview'],Diagram,0.7782489657402039
GVRA Pre-ETs Rack Card,https://gvs.georgia.gov/document/document/pre-ets-rack-card/download,423.7KB,423.666015625,2023-07-12 19:01:07,Brianna Reese,,"DAFmXjJV5hw,BAFROfnAWEc",2023-07-12 19:01:07,Canva,2,0,3,PDF 1.4,"['https://gvs.georgia.gov/pre-employment-transition-services-0', 'https://gvs.georgia.gov/get-know-us/publications/list-all-gvra-publications', 'https://gvs.georgia.gov/transition-services-0/pre-employment-transition-services', 'https://gvs.georgia.gov/transition-services-0/pre-employment-transition-services#main-content', 'https://gvs.georgia.gov/pre-employment-transition-services-0#main-content', 'https://gvs.georgia.gov/p2p-toolbox', 'https://gvs.georgia.gov/p2p-toolbox#main-content', 'https://gvs.georgia.gov/get-know-us/publications/list-all-gvra-publications#main-content']","['Pre-ETS\xa0Rack Card', 'Pre-ETS\n \nRack Card']",Brochure,0.7284457683563232
