file_name,url,file_size,file_size_kilobytes,last_modified_date,author,subject,keywords,creation_date,producer,number_of_pages,number_of_tables,number_of_images,version,source,text_around_link,predicted_category,predicted_category_confidence
download,https://jnc.georgia.gov/document/publication/jnc-protocols-march-2019pdf/download,706.8KB,706.759765625,2019-03-11 09:00:07,,,,2019-03-08 12:04:05,RICOH MP C6503,1,0,1,PDF 1.5,"['https://jnc.georgia.gov/node/27', 'https://jnc.georgia.gov/node/27#main-content', 'https://jnc.georgia.gov/about-us/protocols', 'https://jnc.georgia.gov/about-us/protocols#main-content']",['JNC\xa0Protocols - March 2019.pdf'],Diagram,0.8234757781028748
download,https://jnc.georgia.gov/document/document/jnc-mandatory-resignation-policy/download,670.8KB,670.8251953125,2019-09-23 09:02:01,,,,2019-09-20 11:01:09,RICOH MP C6503,1,0,1,PDF 1.4,"['https://jnc.georgia.gov/node/27', 'https://jnc.georgia.gov/node/27#main-content', 'https://jnc.georgia.gov/about-us/protocols', 'https://jnc.georgia.gov/about-us/protocols#main-content']",['JNC\xa0Mandatory Resignation Policy'],Diagram,0.790528416633606
download,https://jnc.georgia.gov/document/document/jnc-application-packet-updated-july-2023pdf/download,4.5MB,4637.419921875,2023-07-25 10:01:06,,,,2020-01-28 20:03:08,RICOH MP C6503,12,0,6,PDF 1.6,"['https://jnc.georgia.gov/application', 'https://jnc.georgia.gov/application#main-content']",['JNC\xa0Application Packet (updated July 2023).pdf'],Report,0.3138308823108673
download,https://jnc.georgia.gov/document/document/jnc-vacancy-notice-supreme-court-georgia-extension-032425pdf/download,262.8KB,262.7529296875,2025-03-24 12:03:09,,,,2025-03-24 12:03:09,Adobe PDF Library 25.1.211,1,1,1,PDF 1.6,"['https://jnc.georgia.gov/supreme-court-georgia-2', 'https://jnc.georgia.gov/supreme-court-georgia-2#main-content']",['JNC\xa0Vacancy Notice - Supreme Court of Georgia - extension - 03.24.25.pdf'],Brochure,0.35752373933792114
download,https://jnc.georgia.gov/document/document/jnc-short-list-letter-ga-supreme-court-051325pdf/download,260.8KB,260.7998046875,2025-05-13 15:00:09,,,,2025-05-13 15:00:09,Adobe PDF Library 25.1.211,1,1,1,PDF 1.6,"['https://jnc.georgia.gov/press-releases/2025-05-15/jnc-recommends-candidates-supreme-court-georgia#main-content', 'https://jnc.georgia.gov/press-releases/2025-05-15/jnc-recommends-candidates-supreme-court-georgia']",['JNC\xa0Short List Letter - GA Supreme Court - 05.13.25.pdf'],Diagram,0.32263675332069397
download,https://jnc.georgia.gov/document/document/jnc-short-list-letter-flint-judicial-circuit-042825pdf/download,259.9KB,259.9267578125,2025-04-28 08:01:08,,,,2025-04-28 08:01:08,Adobe PDF Library 25.1.211,1,1,1,PDF 1.6,"['https://jnc.georgia.gov/press-releases/2025-04-29/flint-judicial-circuit#main-content', 'https://jnc.georgia.gov/press-releases/2025-04-29/flint-judicial-circuit']",['JNC\xa0Short List Letter - Flint Judicial Circuit - 04.28.25.pdf'],Diagram,0.32263675332069397
download,https://jnc.georgia.gov/document/document/jnc-short-list-letter-mountain-judicial-circuit-022425pdf/download,250.3KB,250.28515625,2025-02-24 08:00:03,,,,2025-02-24 08:00:03,Adobe PDF Library 24.5.96,1,1,1,PDF 1.6,"['https://jnc.georgia.gov/press-releases/2025-02-26/jnc-recommends-candidates-superior-court-mountain-judicial-circuit', 'https://jnc.georgia.gov/press-releases/2025-02-26/jnc-recommends-candidates-superior-court-mountain-judicial-circuit#main-content']",['JNC\xa0Short List Letter - Mountain Judicial Circuit - 02.24.25.pdf'],Diagram,0.3269132971763611
download,https://jnc.georgia.gov/document/document/jnc-short-list-ltr-paulding-county-state-court-111824pdf/download,251.1KB,251.1435546875,2024-11-18 14:00:07,,,,2024-11-18 13:04:02,Adobe PDF Library 24.4.48,1,0,1,PDF 1.6,"['https://jnc.georgia.gov/press-releases/2024-11-18/jnc-recommends-candidates-state-court-paulding-county', 'https://jnc.georgia.gov/press-releases/2024-11-18/jnc-recommends-candidates-state-court-paulding-county#main-content']",['JNC\xa0Short List Ltr - Paulding County State Court - 11.18.24.pdf'],Diagram,0.3269132971763611
download,https://jnc.georgia.gov/document/document/jnc-short-list-ltr-rockdale-county-state-court-090424pdf/download,250.1KB,250.103515625,2024-09-04 10:03:01,,,,2024-09-04 09:05:04,Adobe PDF Library 24.3.86,1,0,1,PDF 1.6,"['https://jnc.georgia.gov/press-releases/2024-09-09/jnc-recommends-candidates-state-court-rockdale-county', 'https://jnc.georgia.gov/press-releases/2024-09-09/jnc-recommends-candidates-state-court-rockdale-county#main-content']",['JNC\xa0Short List Ltr - Rockdale County State Court - 09.04.24.pdf'],Diagram,0.3269132971763611
download,https://jnc.georgia.gov/document/document/jnc-short-list-ltr-houston-judicial-circuit-july-17-2024pdf/download,250.2KB,250.16015625,2024-07-17 12:03:09,,,,2024-07-17 08:00:00,Adobe PDF Library 24.2.159,1,0,1,PDF 1.6,"['https://jnc.georgia.gov/press-releases/2024-07-17/jnc-recommends-candidates-superior-courts-houston-piedmont-and-tifton', 'https://jnc.georgia.gov/press-releases/2024-07-17/jnc-recommends-candidates-superior-courts-houston-piedmont-and-tifton#main-content']",['JNC\xa0Short List Ltr - Houston Judicial Circuit - July 17 2024.pdf'],Diagram,0.3204062879085541
download,https://jnc.georgia.gov/document/document/jnc-short-list-ltr-piedmont-judicial-circuit-july-17-2024pdf/download,249.7KB,249.7021484375,2024-07-17 12:03:08,,,,2024-07-17 07:05:07,Adobe PDF Library 24.2.159,1,0,1,PDF 1.6,"['https://jnc.georgia.gov/press-releases/2024-07-17/jnc-recommends-candidates-superior-courts-houston-piedmont-and-tifton', 'https://jnc.georgia.gov/press-releases/2024-07-17/jnc-recommends-candidates-superior-courts-houston-piedmont-and-tifton#main-content']",['JNC\xa0Short List Ltr - Piedmont Judicial Circuit - July 17 2024.pdf'],Diagram,0.3204062879085541
download,https://jnc.georgia.gov/document/document/jnc-short-list-ltr-tifton-judicial-circuit-july-17-2024pdf/download,249.8KB,249.84765625,2024-07-17 12:03:09,,,,2024-07-17 08:00:07,Adobe PDF Library 24.2.159,1,0,1,PDF 1.6,"['https://jnc.georgia.gov/press-releases/2024-07-17/jnc-recommends-candidates-superior-courts-houston-piedmont-and-tifton', 'https://jnc.georgia.gov/press-releases/2024-07-17/jnc-recommends-candidates-superior-courts-houston-piedmont-and-tifton#main-content']",['JNC\xa0Short List Ltr - Tifton Judicial Circuit - July 17 2024.pdf'],Diagram,0.3204062879085541
download,https://jnc.georgia.gov/document/document/jnc-short-list-ltr-coweta-county-state-court-012924pdf/download,248.3KB,248.275390625,2024-01-29 10:05:06,,,,2024-01-29 09:03:03,Adobe PDF Library 23.8.246,1,0,1,PDF 1.6,"['https://jnc.georgia.gov/press-releases/2024-01-31/jnc-shortlists-coweta-dekalb-paulding', 'https://jnc.georgia.gov/press-releases/2024-01-31/jnc-shortlists-coweta-dekalb-paulding#main-content']",['JNC\xa0Short List Ltr - Coweta County State Court - 01.29.24.pdf'],Diagram,0.3267771899700165
download,https://jnc.georgia.gov/document/document/jnc-short-list-ltr-dekalb-county-state-court-012924pdf/download,248.3KB,248.3427734375,2024-01-29 10:05:06,,,,2024-01-29 09:03:02,Adobe PDF Library 23.8.246,1,0,1,PDF 1.6,"['https://jnc.georgia.gov/press-releases/2024-01-31/jnc-shortlists-coweta-dekalb-paulding', 'https://jnc.georgia.gov/press-releases/2024-01-31/jnc-shortlists-coweta-dekalb-paulding#main-content']",['JNC\xa0Short List Ltr - DeKalb County State Court - 01.29.24.pdf'],Diagram,0.3267771899700165
download,https://jnc.georgia.gov/document/document/jnc-short-list-ltr-paulding-judicial-circuit-012924pdf/download,248.4KB,248.3916015625,2024-01-29 10:05:06,,,,2024-01-29 09:02:05,Adobe PDF Library 23.8.246,1,0,1,PDF 1.6,"['https://jnc.georgia.gov/press-releases/2024-01-31/jnc-shortlists-coweta-dekalb-paulding', 'https://jnc.georgia.gov/press-releases/2024-01-31/jnc-shortlists-coweta-dekalb-paulding#main-content']",['JNC\xa0Short List Ltr - Paulding Judicial Circuit - 01.29.24.pdf'],Diagram,0.3267771899700165
download,https://jnc.georgia.gov/document/document/jnc-short-list-ltr-columbia-judicial-circuit-121523pdf/download,248.3KB,248.32421875,2023-12-15 17:00:08,,,,2023-12-15 12:05:08,Adobe PDF Library 23.6.156,1,0,1,PDF 1.6,"['https://jnc.georgia.gov/press-releases/2023-12-15/jnc-recommends-candidates-columbia-judicial-circuit#main-content', 'https://jnc.georgia.gov/press-releases/2023-12-15/jnc-recommends-candidates-columbia-judicial-circuit']",['JNC\xa0Short List Ltr - Columbia Judicial Circuit - 12.15.23.pdf'],Diagram,0.3267771899700165
download,https://jnc.georgia.gov/document/document/jnc-short-list-ltr-appalachian-judicial-circuit-december-7-2023pdf/download,248.0KB,247.9853515625,2023-12-07 12:01:02,,,,2023-12-07 08:02:01,Adobe PDF Library 23.6.156,1,0,1,PDF 1.6,"['https://jnc.georgia.gov/press-releases/2023-12-07/jnc-recommends-candidates-appalachian-judicial-circuit-and-court-appeals', 'https://jnc.georgia.gov/press-releases/2023-12-07/jnc-recommends-candidates-appalachian-judicial-circuit-and-court-appeals#main-content']","['JNC\xa0Short List Ltr - Appalachian Judicial Circuit - December 7, 2023.pdf']",Diagram,0.32027551531791687
download,https://jnc.georgia.gov/document/document/jnc-short-list-ltr-georgia-court-appeals-december-7-2023pdf/download,249.3KB,249.265625,2023-12-07 12:01:03,,,,2023-12-07 08:02:02,Adobe PDF Library 23.6.156,1,0,1,PDF 1.6,"['https://jnc.georgia.gov/press-releases/2023-12-07/jnc-recommends-candidates-appalachian-judicial-circuit-and-court-appeals', 'https://jnc.georgia.gov/press-releases/2023-12-07/jnc-recommends-candidates-appalachian-judicial-circuit-and-court-appeals#main-content']",['JNC\xa0Short List Ltr - Georgia Court of Appeals - December 7 2023.pdf'],Brochure,0.3511405289173126
download,https://jnc.georgia.gov/document/document/jnc-short-list-ltr-atlanta-judicial-circuit-100423pdf/download,248.3KB,248.322265625,2023-10-04 12:03:04,,,,2023-10-04 09:05:09,Adobe PDF Library 23.6.96,1,0,1,PDF 1.6,"['https://jnc.georgia.gov/press-releases/2023-10-05/jnc-recommends-candidates-atlanta-and-cherokee-judicial-circuits', 'https://jnc.georgia.gov/press-releases/2023-10-05/jnc-recommends-candidates-atlanta-and-cherokee-judicial-circuits#main-content']",['JNC\xa0Short List Ltr - Atlanta Judicial Circuit - 10.04.23.pdf'],Diagram,0.32027551531791687
download,https://jnc.georgia.gov/document/document/jnc-short-list-ltr-cherokee-judicial-circuit-100423pdf/download,248.1KB,248.134765625,2023-10-04 12:03:04,,,,2023-10-04 09:05:06,Adobe PDF Library 23.6.96,1,0,1,PDF 1.6,"['https://jnc.georgia.gov/press-releases/2023-10-05/jnc-recommends-candidates-atlanta-and-cherokee-judicial-circuits', 'https://jnc.georgia.gov/press-releases/2023-10-05/jnc-recommends-candidates-atlanta-and-cherokee-judicial-circuits#main-content']",['JNC\xa0Short List Ltr - Cherokee Judicial Circuit - 10.04.23.pdf'],Diagram,0.32027551531791687
download,https://jnc.georgia.gov/document/document/jnc-short-list-ltr-atlantic-judicial-circuit-091423pdf/download,244.9KB,244.8671875,2023-09-14 11:01:03,,,,2023-09-13 17:03:03,Adobe PDF Library 23.3.60,1,0,2,PDF 1.6,"['https://jnc.georgia.gov/press-releases/2023-09-14/jnc-recommends-candidates-superior-court-vacancies#main-content', 'https://jnc.georgia.gov/press-releases/2023-09-14/jnc-recommends-candidates-superior-court-vacancies']",['JNC\xa0Short List Ltr - Atlantic Judicial Circuit - 09.14.23.pdf'],Diagram,0.3266807198524475
download,https://jnc.georgia.gov/document/document/jnc-short-list-ltr-coweta-judicial-circuit-091423pdf/download,244.4KB,244.3583984375,2023-09-14 11:01:02,,,,2023-09-13 17:03:02,Adobe PDF Library 23.3.60,1,0,2,PDF 1.6,"['https://jnc.georgia.gov/press-releases/2023-09-14/jnc-recommends-candidates-superior-court-vacancies#main-content', 'https://jnc.georgia.gov/press-releases/2023-09-14/jnc-recommends-candidates-superior-court-vacancies']",['JNC\xa0Short List Ltr - Coweta Judicial Circuit - 09.14.23.pdf'],Diagram,0.3266807198524475
download,https://jnc.georgia.gov/document/document/jnc-short-list-ltr-dougherty-judicial-circuit-091423pdf/download,244.7KB,244.7119140625,2023-09-14 11:01:01,,,,2023-09-13 17:03:00,Adobe PDF Library 23.3.60,1,0,2,PDF 1.6,"['https://jnc.georgia.gov/press-releases/2023-09-14/jnc-recommends-candidates-superior-court-vacancies#main-content', 'https://jnc.georgia.gov/press-releases/2023-09-14/jnc-recommends-candidates-superior-court-vacancies']",['JNC\xa0Short List Ltr - Dougherty Judicial Circuit - 09.14.23.pdf'],Diagram,0.3266807198524475
download,https://jnc.georgia.gov/document/document/jnc-short-list-ltr-macon-judicial-circuit-091423pdf/download,244.8KB,244.7744140625,2023-09-14 11:01:02,,,,2023-09-13 17:03:01,Adobe PDF Library 23.3.60,1,0,2,PDF 1.6,"['https://jnc.georgia.gov/press-releases/2023-09-14/jnc-recommends-candidates-superior-court-vacancies#main-content', 'https://jnc.georgia.gov/press-releases/2023-09-14/jnc-recommends-candidates-superior-court-vacancies']",['JNC\xa0Short List Ltr - Macon Judicial Circuit - 09.14.23.pdf'],Diagram,0.3266807198524475
download,https://jnc.georgia.gov/document/document/jnc-short-list-ltr-dublin-judicial-circuit-042423pdf/download,244.4KB,244.4384765625,2023-04-24 10:04:07,,,,2023-04-24 08:02:07,Adobe PDF Library 23.1.175,1,0,2,PDF 1.6,"['https://jnc.georgia.gov/press-releases/2023-04-24/dublin-judicial-circuit#main-content', 'https://jnc.georgia.gov/press-releases/2023-04-24/dublin-judicial-circuit']",['JNC\xa0Short List Ltr - Dublin Judicial Circuit - 04.24.23.pdf'],Diagram,0.3266807198524475
download,https://jnc.georgia.gov/document/document/jnc-short-list-ltr-stone-mountain-judicial-circuit-031423pdf/download,244.2KB,244.15234375,2023-03-15 14:03:07,,,,2023-03-14 11:03:03,Adobe PDF Library 22.3.98,1,0,2,PDF 1.6,"['https://jnc.georgia.gov/press-releases/2023-03-15/jnc-recommends-candidates-stone-mountain-judicial-circuit#main-content', 'https://jnc.georgia.gov/press-releases/2023-03-15/jnc-recommends-candidates-stone-mountain-judicial-circuit']",['JNC\xa0Short List Ltr - Stone Mountain Judicial Circuit - 03.14.23.pdf'],Diagram,0.3266807198524475
download,https://jnc.georgia.gov/document/document/jnc-short-list-ltr-court-appeals-march-8-2023pdf/download,245.5KB,245.521484375,2023-03-08 16:01:04,,,,2023-03-08 15:02:08,Adobe PDF Library 22.3.98,1,0,2,PDF 1.6,"['https://jnc.georgia.gov/press-releases/2023-03-10/jnc-recommends-candidates-court-appeals-state-georgia#main-content', 'https://jnc.georgia.gov/press-releases/2023-03-10/jnc-recommends-candidates-court-appeals-state-georgia']",['JNC\xa0Short List Ltr - Court of Appeals - March 8 2023.pdf'],Diagram,0.31973713636398315
Microsoft Word - JNC Short List Ltr - Henry County State Court - July 27 2022 4854-7181-9052 v.1,https://jnc.georgia.gov/document/document/jnc-short-list-ltr-henry-county-state-court-july-27-2022pdf/download,199.9KB,199.9404296875,2022-07-27 12:00:03,vrusso,,,2022-07-27 11:01:00,Acrobat Distiller 22.0 (Windows),1,0,2,PDF 1.6,"['https://jnc.georgia.gov/press-releases/2022-07-28/jnc-recommends-candidates-state-court-henry-county#main-content', 'https://jnc.georgia.gov/press-releases/2022-07-28/jnc-recommends-candidates-state-court-henry-county']",['JNC\xa0Short List Ltr - Henry County State Court - July 27 2022.pdf'],Brochure,0.37010306119918823
Microsoft Word - JNC Short List Ltr - Paulding County State Court - May 23 2022 4861-3273-0401 v.1,https://jnc.georgia.gov/document/document/jnc-short-list-ltr-paulding-county-state-court-052322pdf/download,343.1KB,343.1083984375,2022-05-23 14:02:09,vrusso,,,2022-05-23 14:01:02,Microsoft: Print To PDF,1,0,2,PDF 1.7,"['https://jnc.georgia.gov/press-releases/2022-05-24/jnc-recommends-candidates-paulding-county-state-court#main-content', 'https://jnc.georgia.gov/press-releases/2022-05-24/jnc-recommends-candidates-paulding-county-state-court']",['JNC\xa0Short List Ltr - Paulding County State Court - 05.23.22.pdf'],Diagram,0.34478330612182617
download,https://jnc.georgia.gov/document/document/jnc-short-list-ltr-richmond-county-state-court-april-14-2022pdf/download,239.2KB,239.185546875,2022-04-14 13:05:03,,,,2022-04-14 13:04:07,Adobe PDF Library 22.1.117,1,1,2,PDF 1.6,"['https://jnc.georgia.gov/press-releases/2022-04-15/jnc-recommends-candidates-richmond-county-state-court-and-cobb-judicial#main-content', 'https://jnc.georgia.gov/press-releases/2022-04-15/jnc-recommends-candidates-richmond-county-state-court-and-cobb-judicial']",['JNC\xa0Short List Ltr - Richmond County State Court - April 14 2022.pdf'],Diagram,0.3202303647994995
download,https://jnc.georgia.gov/document/document/jnc-short-list-ltr-cobb-judicial-circuit-april-14-2022pdf/download,239.3KB,239.3154296875,2022-04-14 13:05:05,,,,2022-04-14 13:04:04,Adobe PDF Library 22.1.117,1,1,2,PDF 1.6,"['https://jnc.georgia.gov/press-releases/2022-04-15/jnc-recommends-candidates-richmond-county-state-court-and-cobb-judicial#main-content', 'https://jnc.georgia.gov/press-releases/2022-04-15/jnc-recommends-candidates-richmond-county-state-court-and-cobb-judicial']",['JNC\xa0Short List Ltr - Cobb Judicial Circuit - April 14 2022.pdf'],Diagram,0.3202303647994995
Microsoft Word - JNC Short List Ltr - Stone Mountain Judicial Circuit - February 7 2022 4868-7219-6365 v.1,https://jnc.georgia.gov/document/document/jnc-short-list-ltr-stone-mountain-judicial-circuit-february-7-2022pdf/download,343.1KB,343.1103515625,2022-02-07 09:03:02,vrusso,,,2022-02-07 09:02:06,Microsoft: Print To PDF,1,0,2,PDF 1.7,"['https://jnc.georgia.gov/press-releases/2022-02-10/jnc-recommends-candidates-stone-mountain-judicial-circuit', 'https://jnc.georgia.gov/press-releases/2022-02-10/jnc-recommends-candidates-stone-mountain-judicial-circuit#main-content']",['JNC\xa0Short List Ltr - Stone Mountain Judicial Circuit - February 7 2022.pdf'],Diagram,0.34478330612182617
Microsoft Word - JNC Short List Ltr - Chattahoochee Judicial Circuit - Sept 20 2021 4817-1783-6795 v.1,https://jnc.georgia.gov/document/document/jnc-short-list-ltr-chattahoochee-judicial-circuit-sept-20-2021pdf/download,299.8KB,299.806640625,2021-09-20 09:02:03,vrusso,,,2021-09-20 09:01:06,Microsoft: Print To PDF,1,0,2,PDF 1.7,"['https://jnc.georgia.gov/press-releases/2021-09-23/chattahoochee-short-list#main-content', 'https://jnc.georgia.gov/press-releases/2021-09-23/chattahoochee-short-list']",['JNC\xa0Short List Ltr - Chattahoochee Judicial Circuit - Sept 20 2021.pdf'],Flyer,0.3998395800590515
Microsoft Word - JNC Short List Ltr - Ogeechee Judicial Circuit - Sept 20 2021 4828-7612-0059 v.1,https://jnc.georgia.gov/document/document/jnc-short-list-ltr-ogeechee-judicial-circuit-sept-20-2021pdf/download,299.2KB,299.2412109375,2021-09-20 09:02:02,vrusso,,,2021-09-20 09:01:04,Microsoft: Print To PDF,1,0,2,PDF 1.7,"['https://jnc.georgia.gov/press-releases/2021-09-21/ogeechee-judicial-circuit#main-content', 'https://jnc.georgia.gov/press-releases/2021-09-21/ogeechee-judicial-circuit']",['JNC\xa0Short List Ltr - Ogeechee Judicial Circuit - Sept 20 2021.pdf'],Flyer,0.3998395800590515
Microsoft Word - JNC Short List Ltr - Flint Judicial Circuit - Sept 20 2021 4820-1871-2571 v.1,https://jnc.georgia.gov/document/document/jnc-short-list-ltr-flint-judicial-circuit-sept-20-2021pdf/download,299.3KB,299.267578125,2021-09-20 09:02:03,vrusso,,,2021-09-20 09:01:08,Microsoft: Print To PDF,1,0,2,PDF 1.7,"['https://jnc.georgia.gov/press-releases/2021-09-20/flint-judicial-circuit#main-content', 'https://jnc.georgia.gov/press-releases/2021-09-20/flint-judicial-circuit']",['JNC\xa0Short List Ltr - Flint Judicial Circuit - Sept 20 2021.pdf'],Flyer,0.3998395800590515
Microsoft Word - JNC Short List Ltr - DeKalb County State Court - Jury and Traffic Divisions - Sept 13 2021 4849-9031-6794 v.1,https://jnc.georgia.gov/document/document/jnc-short-list-ltr-dekalb-county-state-court-jury-and-traffic-divisions-091321pdf/download,360.6KB,360.634765625,2021-09-13 09:03:06,vrusso,,,2021-09-13 08:05:09,Microsoft: Print To PDF,1,0,2,PDF 1.7,"['https://jnc.georgia.gov/press-releases/2021-09-13/dekalb-county-state-court', 'https://jnc.georgia.gov/press-releases/2021-09-13/dekalb-county-state-court#main-content']",['JNC\xa0Short List Ltr - DeKalb County State Court - Jury and Traffic Divisions - 09.13.21.pdf'],Diagram,0.3430047929286957
Microsoft Word - JNC Short List Ltr - Supreme Court of Georgia - June 2021 4815-1712-8430 v.1,https://jnc.georgia.gov/document/document/jnc-short-list-ltr-supreme-court-georgia-061021pdf/download,299.4KB,299.3583984375,2021-06-10 14:04:02,vrusso,,,2021-06-10 09:05:04,Microsoft: Print To PDF,1,0,2,PDF 1.7,"['https://jnc.georgia.gov/press-releases/2021-06-14/jnc-recommends-candidates-georgia-supreme-court#main-content', 'https://jnc.georgia.gov/press-releases/2021-06-14/jnc-recommends-candidates-georgia-supreme-court']",['JNC\xa0Short List Ltr - Supreme Court of Georgia - 06.10.21.pdf'],Flyer,0.39456960558891296
Microsoft Word - JNC Short List Ltr - State Court of Cobb County - April 19 2021 4835-2187-8758 v.1,https://jnc.georgia.gov/document/document/jnc-short-list-ltr-state-court-cobb-county-041921pdf/download,299.5KB,299.4794921875,2021-04-21 12:00:08,vrusso,,,2021-04-19 08:04:01,Microsoft: Print To PDF,1,0,2,PDF 1.7,"['https://jnc.georgia.gov/press-releases/2021-04-21/jnc-recommends-candidates-cobb-county-state-and-superior-courts', 'https://jnc.georgia.gov/press-releases/2021-04-21/jnc-recommends-candidates-cobb-county-state-and-superior-courts#main-content']",['JNC\xa0Short List Ltr - State Court of Cobb County - 04.19.21.pdf'],Flyer,0.3616518974304199
Microsoft Word - JNC Short List Ltr - Superior Court of the Cobb Judicial Circuit - April 19 2021 4844-6107-5174 v.1,https://jnc.georgia.gov/document/document/jnc-short-list-ltr-superior-court-cobb-judicial-circuit-041921pdf/download,299.2KB,299.2373046875,2021-04-21 12:00:08,vrusso,,,2021-04-19 08:04:01,Microsoft: Print To PDF,1,0,2,PDF 1.7,"['https://jnc.georgia.gov/press-releases/2021-04-21/jnc-recommends-candidates-cobb-county-state-and-superior-courts', 'https://jnc.georgia.gov/press-releases/2021-04-21/jnc-recommends-candidates-cobb-county-state-and-superior-courts#main-content']",['JNC\xa0Short List Ltr - Superior Court of the Cobb Judicial Circuit - 04.19.21.pdf'],Flyer,0.32343095541000366
Microsoft Word - JNC Short List Ltr - Superior Court of the Atlanta Judicial Circuit - March 8 2021 4836-0100-8095 v.1,https://jnc.georgia.gov/document/document/jnc-short-list-ltr-atlanta-judicial-circuit-030821pdf/download,300.1KB,300.1142578125,2021-03-09 09:01:05,vrusso,,,2021-03-08 08:05:06,Microsoft: Print To PDF,1,0,2,PDF 1.7,"['https://jnc.georgia.gov/press-releases/2021-03-09/jnc-recommends-candidates-atlanta-judicial-circuit#main-content', 'https://jnc.georgia.gov/press-releases/2021-03-09/jnc-recommends-candidates-atlanta-judicial-circuit']",['JNC\xa0Short List Ltr - Atlanta Judicial Circuit - 03.08.21.pdf'],Flyer,0.4374641180038452
Microsoft Word - JNC Short List Ltr - State Court of Barrow County December 3 2020 4819-5566-2803 v.1,https://jnc.georgia.gov/document/document/jnc-short-list-state-court-barrow-county-120320pdf/download,299.2KB,299.240234375,2020-12-03 10:02:07,vrusso,,,2020-12-03 10:02:02,Microsoft: Print To PDF,1,0,2,PDF 1.7,"['https://jnc.georgia.gov/press-releases/2020-12-03/jnc-recommends-candidate-state-court-barrow-county#main-content', 'https://jnc.georgia.gov/press-releases/2020-12-03/jnc-recommends-candidate-state-court-barrow-county']",['JNC\xa0Short List - State Court of Barrow County - 12.03.20.pdf'],Flyer,0.4231247305870056
Microsoft Word - JNC Short List Ltr - Superior Court of the AlapahaJudicial Circuit - Nov 2 2020 4817-6364-5648 v.1,https://jnc.georgia.gov/document/document/jnc-shortlist-alapaha-judicial-circuit-110220pdf/download,299.8KB,299.8076171875,2020-11-04 15:05:05,vrusso,,,2020-11-02 12:00:08,Microsoft: Print To PDF,1,0,2,PDF 1.7,"['https://jnc.georgia.gov/press-releases/2020-11-04/jnc-recommends-candidates-superior-courts-alapaha-cherokee-and-rockdale', 'https://jnc.georgia.gov/press-releases/2020-11-04/jnc-recommends-candidates-superior-courts-alapaha-cherokee-and-rockdale#main-content']",['JNC\xa0Shortlist - Alapaha Judicial Circuit - 11.02.20.pdf'],Flyer,0.3729306757450104
Microsoft Word - JNC Short List Ltr - Superior Court of the Cherokee Judicial Circuit - Nov 2 2020 4850-7354-1328 v.1,https://jnc.georgia.gov/document/document/jnc-shortlist-cherokee-judicial-circuit-110220pdf/download,299.1KB,299.1396484375,2020-11-04 15:05:03,vrusso,,,2020-11-02 12:00:06,Microsoft: Print To PDF,1,0,2,PDF 1.7,"['https://jnc.georgia.gov/press-releases/2020-11-04/jnc-recommends-candidates-superior-courts-alapaha-cherokee-and-rockdale', 'https://jnc.georgia.gov/press-releases/2020-11-04/jnc-recommends-candidates-superior-courts-alapaha-cherokee-and-rockdale#main-content']",['JNC\xa0Shortlist - Cherokee Judicial Circuit - 11.02.20.pdf'],Flyer,0.3729306757450104
Microsoft Word - JNC Short List Ltr - Superior Court of the Rockdale Judicial Circuit - Nov 2 2020 4814-6539-1312 v.1,https://jnc.georgia.gov/document/document/jnc-shortlist-rockdale-judicial-circuit-110220pdf/download,299.2KB,299.1728515625,2020-11-04 15:05:04,vrusso,,,2020-11-02 12:00:07,Microsoft: Print To PDF,1,0,2,PDF 1.7,"['https://jnc.georgia.gov/press-releases/2020-11-04/jnc-recommends-candidates-superior-courts-alapaha-cherokee-and-rockdale', 'https://jnc.georgia.gov/press-releases/2020-11-04/jnc-recommends-candidates-superior-courts-alapaha-cherokee-and-rockdale#main-content']",['JNC\xa0Shortlist - Rockdale Judicial Circuit - 11.02.20.pdf'],Flyer,0.3729306757450104
Microsoft Word - JNC Short List Ltr - Superior Court of the Alcovy Judicial Circuit - August 31 2020 4835-8638-9705 v.1,https://jnc.georgia.gov/document/document/jnc-short-list-alcovy-judicial-circuit-083120pdf/download,299.3KB,299.296875,2020-09-01 13:02:07,vrusso,,,2020-08-31 08:04:07,Microsoft: Print To PDF,1,0,2,PDF 1.7,"['https://jnc.georgia.gov/press-releases/2020-09-02/jnc-recommends-candidates-alcovy-judicial-circuit', 'https://jnc.georgia.gov/press-releases/2020-09-02/jnc-recommends-candidates-alcovy-judicial-circuit#main-content']",['JNC\xa0Short List - Alcovy Judicial Circuit - 08.31.20.pdf'],Flyer,0.4374641180038452
Microsoft Word - JNC Short List Ltr - Chief Judge of the Civil and Magistrate Court of Richmond County - June 22 2020 4820-9120-4544 v.1,https://jnc.georgia.gov/document/document/jnc-short-list-civil-and-magistrate-court-richmond-county/download,299.2KB,299.234375,2020-06-22 12:03:08,vrusso,,,2020-06-22 12:00:06,Microsoft: Print To PDF,1,0,2,PDF 1.7,"['https://jnc.georgia.gov/press-releases/2020-06-24/jnc-recommends-candidates-civil-and-magistrate-courts-richmond-county-and#main-content', 'https://jnc.georgia.gov/press-releases/2020-06-24/jnc-recommends-candidates-civil-and-magistrate-courts-richmond-county-and']",['JNC\xa0Short list - Civil and Magistrate Court of Richmond County'],Policy,0.2856564223766327
Microsoft Word - JNC Short List Ltr - Superior Court of the Macon Judicial Circuit - June 22 2020 4818-5317-7792 v.1,https://jnc.georgia.gov/document/document/jnc-short-list-macon-judicial-circuit-062220pdf/download,299.1KB,299.140625,2020-06-22 12:03:07,vrusso,,,2020-06-22 12:00:01,Microsoft: Print To PDF,1,0,2,PDF 1.7,"['https://jnc.georgia.gov/press-releases/2020-06-24/jnc-recommends-candidates-civil-and-magistrate-courts-richmond-county-and#main-content', 'https://jnc.georgia.gov/press-releases/2020-06-24/jnc-recommends-candidates-civil-and-magistrate-courts-richmond-county-and']",['JNC\xa0Short List - Macon Judicial Circuit - 06.22.20.pdf'],Flyer,0.3729306757450104
Microsoft Word - JNC Short List Ltr - Superior Court of the Flint Judicial Circuit - June 22 2020 4845-5077-0624 v.1,https://jnc.georgia.gov/document/document/jnc-short-list-flint-judicial-circuit-062220pdf/download,299.4KB,299.3505859375,2020-06-22 12:03:06,vrusso,,,2020-06-22 11:05:06,Microsoft: Print To PDF,1,0,2,PDF 1.7,"['https://jnc.georgia.gov/press-releases/2020-06-24/jnc-recommends-candidates-civil-and-magistrate-courts-richmond-county-and#main-content', 'https://jnc.georgia.gov/press-releases/2020-06-24/jnc-recommends-candidates-civil-and-magistrate-courts-richmond-county-and']",['JNC\xa0Short list - Flint Judicial Circuit - 06.22.20.pdf'],Flyer,0.3729306757450104
Microsoft Word - JNC Short List Ltr - Superior Court of the Middle Judicial Circuit - May 21 2020 4825-2296-4413 v.1,https://jnc.georgia.gov/document/document/jnc-short-list-middle-judicial-circuit-052120pdf/download,300.3KB,300.2783203125,2020-05-21 14:04:07,vrusso,,,2020-05-21 13:05:07,Microsoft: Print To PDF,1,0,2,PDF 1.7,"['https://jnc.georgia.gov/press-releases/2020-05-22/jnc-recommends-candidates-middle-judicial-circuit#main-content', 'https://jnc.georgia.gov/press-releases/2020-05-22/jnc-recommends-candidates-middle-judicial-circuit']",['JNC\xa0Short list - Middle Judicial Circuit - 05.21.20.pdf'],Flyer,0.4374641180038452
Microsoft Word - JNC Short List Ltr - Superior Court of the Southern Judicial Circuit - March 27 2020 4822-7538-8856 v.1.docx,https://jnc.georgia.gov/document/document/jnc-short-list-letter-southern-judicial-circuit-032720pdf/download,299.8KB,299.8330078125,2020-03-27 15:01:04,vrusso,,,2020-03-27 12:03:07,Microsoft: Print To PDF,1,0,2,PDF 1.7,"['https://jnc.georgia.gov/press-releases/2020-03-27/southern-circuit-ga-supreme-court#main-content', 'https://jnc.georgia.gov/press-releases/2020-03-27/southern-circuit-ga-supreme-court']",['JNC\xa0Short List Letter - Southern Judicial Circuit - 03.27.20.pdf'],Flyer,0.4202370345592499
Microsoft Word - JNC Short List Ltr - Supreme Court of Georgia - March 27 2020 4829-7616-4792 v.1.docx,https://jnc.georgia.gov/document/document/jnc-short-list-letter-supreme-court-georgia-032720pdf/download,300.0KB,300.0322265625,2020-03-27 15:00:09,vrusso,,,2020-03-27 11:04:07,Microsoft: Print To PDF,1,0,2,PDF 1.7,"['https://jnc.georgia.gov/press-releases/2020-03-27/southern-circuit-ga-supreme-court#main-content', 'https://jnc.georgia.gov/press-releases/2020-03-27/southern-circuit-ga-supreme-court']",['JNC\xa0Short List Letter - Supreme Court of Georgia - 03.27.20.pdf'],Flyer,0.3776795566082001
download,https://jnc.georgia.gov/document/document/jnc-short-list-ga-supreme-courtpdf/download,818.5KB,818.4619140625,2020-03-02 17:00:03,,,,2020-03-02 17:02:01,RICOH MP C6503,1,0,1,PDF 1.4,"['https://jnc.georgia.gov/press-releases/2020-03-02/jnc-recommends-candidates-georgia-supreme-court#main-content', 'https://jnc.georgia.gov/press-releases/2020-03-02/jnc-recommends-candidates-georgia-supreme-court']",['JNC\xa0Short List - GA Supreme Court.pdf'],Diagram,0.8233714699745178
download,https://jnc.georgia.gov/document/document/jnc-short-list-augusta-judicial-circuit-021720pdf/download,284.9KB,284.888671875,2020-02-19 10:01:07,,,,2020-02-18 18:03:09,RICOH MP C6503,1,0,1,PDF 1.4,"['https://jnc.georgia.gov/press-releases/2020-02-19/jnc-recommends-candidates-augusta-judicial-circuit#main-content', 'https://jnc.georgia.gov/press-releases/2020-02-19/jnc-recommends-candidates-augusta-judicial-circuit']",['JNC\xa0Short List - Augusta Judicial Circuit - 02.17.20.pdf'],Diagram,0.32720643281936646
download,https://jnc.georgia.gov/document/document/jnc-short-list-henry-county-state-court-021720/download,281.6KB,281.640625,2020-02-18 15:03:08,,,,2020-02-17 12:05:08,RICOH MP C6503,1,0,1,PDF 1.4,"['https://jnc.georgia.gov/press-releases/2020-02-18/jnc-recommends-candidates-state-court-henry-county', 'https://jnc.georgia.gov/press-releases/2020-02-18/jnc-recommends-candidates-state-court-henry-county#main-content']",['JNC\xa0Short List - Henry County State Court - 02.17.20'],Diagram,0.3281780779361725
download,https://jnc.georgia.gov/document/document/jncshortlist-southernjudicialcircuit-121319pdf/download,488.6KB,488.5927734375,2019-12-13 16:00:06,,,,2019-12-13 14:02:08,RICOH MP C6503,1,0,1,PDF 1.4,"['https://jnc.georgia.gov/press-releases/2019-12-13/jnc-recommends-candidates-griffin-and-southern-judicial-circuits', 'https://jnc.georgia.gov/press-releases/2019-12-13/jnc-recommends-candidates-griffin-and-southern-judicial-circuits#main-content']",['jnc_short_list_-_southern_judicial_circuit_-_12.13.19.pdf'],Diagram,0.7890115976333618
download,https://jnc.georgia.gov/document/document/jncshortlist-griffinjudicialcircuit-121319pdf/download,509.8KB,509.7998046875,2019-12-13 16:00:05,,,,2019-12-13 14:02:08,RICOH MP C6503,1,0,1,PDF 1.4,"['https://jnc.georgia.gov/press-releases/2019-12-13/jnc-recommends-candidates-griffin-and-southern-judicial-circuits', 'https://jnc.georgia.gov/press-releases/2019-12-13/jnc-recommends-candidates-griffin-and-southern-judicial-circuits#main-content']",['jnc_short_list_-_griffin_judicial_circuit_-_12.13.19.pdf'],Diagram,0.7901488542556763
download,https://jnc.georgia.gov/document/document/jnc-short-list-court-appeals-11252019pdf/download,502.6KB,502.60546875,2019-11-25 15:02:07,,,,2019-11-25 08:05:02,RICOH MP C6503,1,0,1,PDF 1.4,"['https://jnc.georgia.gov/press-releases/2019-11-26/jnc-recommends-candidates-court-appeals-georgia-and-bulloch-county-state#main-content', 'https://jnc.georgia.gov/press-releases/2019-11-26/jnc-recommends-candidates-court-appeals-georgia-and-bulloch-county-state']",['JNC\xa0Short List - Court of Appeals - 11.25.2019.pdf'],Diagram,0.79021155834198
download,https://jnc.georgia.gov/document/document/bulloch-county-state-court-supplemental-short-list-112519pdf/download,514.4KB,514.4052734375,2020-01-08 16:04:09,,,,2019-11-25 08:05:02,RICOH MP C6503,1,0,1,PDF 1.4,"['https://jnc.georgia.gov/press-releases/2019-11-26/jnc-recommends-candidates-court-appeals-georgia-and-bulloch-county-state#main-content', 'https://jnc.georgia.gov/press-releases/2019-11-26/jnc-recommends-candidates-court-appeals-georgia-and-bulloch-county-state']",['Bulloch\xa0County State Court - Supplemental Short List - 11.25.19.pdf'],Diagram,0.7901488542556763
download,https://jnc.georgia.gov/document/publication/gwinnett-judicial-circuit-short-list-052119pdf/download,498.9KB,498.91015625,2019-05-21 11:00:02,,,,2019-05-20 17:05:07,RICOH MP C6503,1,0,1,PDF 1.5,"['https://jnc.georgia.gov/press-releases/2019-05-21/jnc-recommends-candidates-cherokee-and-gwinnett-judicial-circuits', 'https://jnc.georgia.gov/press-releases/2019-05-21/jnc-recommends-candidates-cherokee-and-gwinnett-judicial-circuits#main-content']",['Gwinnett\xa0Judicial Circuit - Short List - 05.21.19.pdf'],Diagram,0.7901488542556763
download,https://jnc.georgia.gov/document/publication/cherokee-judicial-circuit-short-list-052019pdf/download,497.7KB,497.70703125,2019-05-21 11:00:03,,,,2019-05-20 17:05:07,RICOH MP C6503,1,0,1,PDF 1.5,"['https://jnc.georgia.gov/press-releases/2019-05-21/jnc-recommends-candidates-cherokee-and-gwinnett-judicial-circuits', 'https://jnc.georgia.gov/press-releases/2019-05-21/jnc-recommends-candidates-cherokee-and-gwinnett-judicial-circuits#main-content']",['Cherokee\xa0Judicial Circuit - Short List - 05.20.19.pdf'],Diagram,0.7901488542556763
download,https://jnc.georgia.gov/document/publication/atlanta-judicial-circuit-short-list-051019pdf/download,503.7KB,503.7294921875,2019-05-13 09:00:08,,,,2019-05-10 09:05:08,RICOH MP C6503,1,0,1,PDF 1.4,"['https://jnc.georgia.gov/press-releases/2019-05-16/jnc-recommends-candidates-atlanta-judicial-circuit#main-content', 'https://jnc.georgia.gov/press-releases/2019-05-16/jnc-recommends-candidates-atlanta-judicial-circuit']",['Atlanta\xa0Judicial Circuit - Short List - 05.10.19.pdf'],Diagram,0.7933881282806396
download,https://jnc.georgia.gov/document/publication/jnc-short-list-coweta-judicial-circuit-042919pdf/download,506.7KB,506.6640625,2019-05-02 11:03:06,,,,2019-04-29 10:02:02,RICOH MP C6503,1,0,1,PDF 1.5,"['https://jnc.georgia.gov/press-releases/2019-05-02/jnc-recommends-candidates-coweta-macon-and-stone-mountain-judicial', 'https://jnc.georgia.gov/press-releases/2019-05-02/jnc-recommends-candidates-coweta-macon-and-stone-mountain-judicial#main-content']",['JNC\xa0Short List - Coweta Judicial Circuit - 04.29.19.pdf'],Diagram,0.7901488542556763
download,https://jnc.georgia.gov/document/publication/jnc-short-list-macon-judicial-circuit-042919pdf/download,502.0KB,501.9853515625,2019-05-02 11:03:07,,,,2019-04-29 10:02:02,RICOH MP C6503,1,0,1,PDF 1.5,"['https://jnc.georgia.gov/press-releases/2019-05-02/jnc-recommends-candidates-coweta-macon-and-stone-mountain-judicial', 'https://jnc.georgia.gov/press-releases/2019-05-02/jnc-recommends-candidates-coweta-macon-and-stone-mountain-judicial#main-content']",['JNC\xa0Short List - Macon Judicial Circuit - 04.29.19.pdf'],Diagram,0.7901488542556763
download,https://jnc.georgia.gov/document/publication/jnc-short-list-stone-mountain-judicial-circuit-042919pdf/download,509.1KB,509.1337890625,2019-05-02 11:03:08,,,,2019-04-29 10:02:02,RICOH MP C6503,1,0,1,PDF 1.5,"['https://jnc.georgia.gov/press-releases/2019-05-02/jnc-recommends-candidates-coweta-macon-and-stone-mountain-judicial', 'https://jnc.georgia.gov/press-releases/2019-05-02/jnc-recommends-candidates-coweta-macon-and-stone-mountain-judicial#main-content']",['JNC\xa0Short List - Stone Mountain Judicial Circuit - 04.29.19.pdf'],Diagram,0.7901488542556763
