file_name,url,file_size,file_size_kilobytes,last_modified_date,author,subject,keywords,creation_date,producer,number_of_pages,number_of_tables,number_of_images,version,source,text_around_link,predicted_category,predicted_category_confidence
download,https://oig.georgia.gov/document/document/fiscal-year-2024-annual-report/download,3.2MB,3238.3671875,2024-10-31 14:00:04,,,,2024-10-31 14:00:04,Adobe Acrobat 24.4 Image Conversion Plug-in,7,0,7,PDF 1.6,"['https://oig.georgia.gov#main-content', 'https://oig.georgia.gov']",['FY24 Annual Report'],Report,0.9495075941085815
download,https://oig.georgia.gov/document/document/fy23-sexual-harassment-annual-report/download,62.4KB,62.35546875,2024-06-20 10:01:03,,,,2024-06-20 10:01:03,CutePDF (cutepdf.com),1,0,1,PDF 1.4,"['https://oig.georgia.gov#main-content', 'https://oig.georgia.gov']",['FY23 Sexual Harassment Annual Report'],Report,0.8805103302001953
download,https://oig.georgia.gov/document/document/fy-2023-annual-report/download,11.7MB,11930.1728515625,,,,,,Piktochart,8,0,12,PDF 1.4,"['https://oig.georgia.gov#main-content', 'https://oig.georgia.gov']",['FY 2023 OIG Annual Report'],Report,0.9590684175491333
download,https://oig.georgia.gov/document/document/2022-oig-annual-report/download,5.3MB,5464.970703125,,,,,,Piktochart,9,1,18,PDF 1.4,"['https://oig.georgia.gov/press-releases/2022-10-03/oig-publishes-fy-2022-annual-report', 'https://oig.georgia.gov#main-content', 'https://oig.georgia.gov', 'https://oig.georgia.gov/press-releases/2022-10-03/oig-publishes-fy-2022-annual-report#main-content']","['FY 2022 OIG Annual Report', 'here']",Report,0.9548008441925049
download,https://oig.georgia.gov/document/document/fiscal-year-2022-sexual-harassment-report/download,116.7KB,116.658203125,2022-08-04 09:01:00,,,,2022-08-04 09:00:09,Adobe Acrobat 22.1 Image Conversion Plug-in,1,0,1,PDF 1.6,"['https://oig.georgia.gov/press-releases/2022-08-04/oig-publishes-fy-2022-sexual-harassment-report-0#main-content', 'https://oig.georgia.gov#main-content', 'https://oig.georgia.gov', 'https://oig.georgia.gov/press-releases/2022-08-04/oig-publishes-fy-2022-sexual-harassment-report-0']","['here', 'FY 2022 Sexual Harassment Annual Report']",Report,0.9460501670837402
download,https://oig.georgia.gov/document/document/20220825gvra-evaluation-reportpdf/download,2.6MB,2660.49609375,2022-08-25 10:00:07,"Winfield, Joshua",,,2022-08-25 10:00:07,Microsoft® Word for Microsoft 365,28,4,11,PDF 1.7,"['https://oig.georgia.gov#main-content', 'https://oig.georgia.gov']",['2022 GVRA Evaluation Report'],Report,0.8507288098335266
download,https://oig.georgia.gov/document/document/2023-01-04ui-fraud-letter/download,232.3KB,232.2939453125,2023-01-04 08:04:08,"Schneider, Richard",,,2023-01-04 08:04:07,Microsoft® Word for Microsoft 365,3,0,2,PDF 1.7,"['https://oig.georgia.gov/press-releases/2023-01-04/oig-publishes-open-letter-regarding-ui-fraud-state-government#main-content', 'https://oig.georgia.gov#main-content', 'https://oig.georgia.gov', 'https://oig.georgia.gov/press-releases/2023-01-04/oig-publishes-open-letter-regarding-ui-fraud-state-government']","['2023-01-04_UI Fraud Letter', 'Here']",Brochure,0.5669810175895691
download,https://oig.georgia.gov/document/document/may-2025org-chartpdf/download,95.7KB,95.701171875,2025-05-07 06:05:02,Cedric Johnson,,,2025-05-07 06:05:02,Microsoft® Word for Microsoft 365,1,0,0,PDF 1.7,"['https://oig.georgia.gov/about-office#main-content', 'https://oig.georgia.gov/about-office']",['May\xa02025_Org Chart.pdf'],Letter,0.21954049170017242
C:\pdf\218760.wpd,https://oig.georgia.gov/document/document/senate-bill-59/download,24.3KB,24.3203125,2023-03-21 19:01:00,LMSTask.Service,,,2023-03-21 19:01:00,Acrobat Distiller 9.0.0 (Windows),8,0,0,PDF 1.5,"['https://oig.georgia.gov/about-office#main-content', 'https://oig.georgia.gov/about-office']",['Senate\xa0Bill 59'],Policy,0.36296945810317993
download,https://oig.georgia.gov/document/document/sexual-harassment-prevention-executive-order/download,567.9KB,567.912109375,2019-01-14 17:03:03,,,,2019-01-14 17:02:02,SAVIN MP C3003,4,0,4,PDF 1.4,"['https://oig.georgia.gov/node/10586#main-content', 'https://oig.georgia.gov/report-sexual-harassment#main-content', 'https://oig.georgia.gov/report-sexual-harassment', 'https://oig.georgia.gov/node/10586']","['Executive\xa0Order 01.14.19.02 ""Preventing Sexual Harassment in the Executive Bran…', 'Preventing\n \nSexual Harassment in the Executive Branch of Government']",Brochure,0.355449914932251
download,https://oig.georgia.gov/document/document/statewide-sexual-harassment-prevention-policy-and-procedures/download,209.0KB,209.037109375,2022-01-10 14:03:01,"Whetzel, Bethany",,,2022-01-10 14:03:01,Adobe PDF Library 21.7.131,11,4,1,PDF 1.6,"['https://oig.georgia.gov/node/10586#main-content', 'https://oig.georgia.gov/report-sexual-harassment#main-content', 'https://oig.georgia.gov/report-sexual-harassment', 'https://oig.georgia.gov/node/10586']",['Statewide\xa0Sexual Harassment Prevention Policy and Procedures'],Policy,0.545392632484436
download,https://oig.georgia.gov/document/document/20220825gvra-evaluation-reportpdf--UNPUBLISHED-document--DO-NOT-SHARE-this-URL--/download,2.6MB,2660.49609375,2022-08-25 10:00:07,"Winfield, Joshua",,,2022-08-25 10:00:07,Microsoft® Word for Microsoft 365,28,4,11,PDF 1.7,"['https://oig.georgia.gov/press-releases/2022-08-25/oig-publishes-evaluation-gvras-tuition-assistance#main-content', 'https://oig.georgia.gov/press-releases/2022-08-25/oig-publishes-evaluation-gvras-tuition-assistance']",['here'],Slides,0.522365927696228
download,https://oig.georgia.gov/document/document/2021-annual-report/download,101.3MB,103732.1240234375,,,,,,,9,4,21,PDF 1.4,"['https://oig.georgia.gov/press-releases/2021-11-01/oig-publishes-fy-2021-annual-report#main-content', 'https://oig.georgia.gov/press-releases/2021-11-01/oig-publishes-fy-2021-annual-report']",['here'],Report,0.3819027543067932
download,https://oig.georgia.gov/document/document/2021-09-21roi-20-0032-i-amendedpdf--UNPUBLISHED-document--DO-NOT-SHARE-this-URL--/download,1.2MB,1193.7529296875,2021-09-21 14:05:05,OIG,,,2021-09-21 14:05:05,Microsoft® Word for Microsoft 365,32,1,16,PDF 1.7,"['https://oig.georgia.gov/press-releases/2021-09-21/oig-completes-administrative-investigation-dors-office-special', 'https://oig.georgia.gov/press-releases/2021-09-21/oig-completes-administrative-investigation-dors-office-special#main-content']",['here'],Report,0.4910825788974762
download,https://oig.georgia.gov/document/document/final-governors-sshpp-report-632021pdf/download,9.0MB,9184.83984375,2021-06-02 16:04:02,Shunti Houston Taylor,,,2021-06-02 16:00:09,Adobe PDF Library 21.1.187,180,114,88,PDF 1.7,"['https://oig.georgia.gov/press-releases/2021-06-03/oig-inaugural-sexual-harassment-review', 'https://oig.georgia.gov/press-releases/2021-06-03/oig-inaugural-sexual-harassment-review#main-content']",['https://oig.georgia.gov/document/document/final-governors-sshpp-report-632021pdf/download'],Report,0.9710535407066345
