file_name,url,file_size,file_size_kilobytes,last_modified_date,author,subject,keywords,creation_date,producer,number_of_pages,number_of_tables,number_of_images,version,source,text_around_link,predicted_category,predicted_category_confidence
download,https://pap.georgia.gov/document/document/pardons-paroles-ar-2024i3-dec-30pdf/download,14.8MB,15127.4345703125,2024-12-30 13:00:06,,,,2024-12-30 09:05:04,Adobe PDF Library 17.0,36,13,82,PDF 1.7,"['https://pap.georgia.gov#main-content', 'https://pap.georgia.gov', 'https://pap.georgia.gov/office-communications-news-publications-and-events/publications/annual-reports', 'https://pap.georgia.gov/office-communications-news-publications-and-events/publications/annual-reports#main-content', 'https://pap.georgia.gov/annual-reports', 'https://pap.georgia.gov/annual-reports#main-content']","['Annual\n \nReport 2024', 'Fiscal\n \nYear 2024 Annual Report']",Report,0.9600284099578857
State Board of Pardons and Paroles Past Board Members,https://pap.georgia.gov/document/document/history-members-georgia-parole-board/download,2.7MB,2736.83984375,2025-01-29 21:05:09,Steve Hayes,,,2023-01-03 21:03:08,Microsoft® PowerPoint® 2010,50,0,148,PDF 1.6,"['https://pap.georgia.gov/board-members/past-board-members', 'https://pap.georgia.gov/board-members/past-board-members#main-content']",['History\xa0of the Members of the Georgia Parole Board'],Report,0.49562758207321167
C:\Documents and Settings\cathyc\Local Settings\Temp\notesEA312D\Crime Severity Levels pre-2006.wpd,https://pap.georgia.gov/document/document/click-here-see-crime-severity-levels-chart-pre-2006-offenses/download,14.2KB,14.2216796875,2006-02-24 14:00:06,cathyc,,,2006-02-24 14:00:06,Acrobat Distiller 7.0.5 (Windows),1,0,0,PDF 1.4,"['https://pap.georgia.gov/parole-consideration/parole-consideration-eligibility-guidelines#main-content', 'https://pap.georgia.gov/parole-consideration/parole-consideration-eligibility-guidelines']",['Click\n \nhere to see a Crime Severity Levels chart for Pre-2006 offenses.'],Spreadsheet,0.26781028509140015
download,https://pap.georgia.gov/document/document/click-here-see-crime-severity-levels-chart-post-2006-offenses/download,420.1KB,420.10546875,2018-11-27 22:01:07,,,,2018-11-27 22:01:07,Skia/PDF m70,1,0,0,PDF 1.4,"['https://pap.georgia.gov/parole-consideration/parole-consideration-eligibility-guidelines#main-content', 'https://pap.georgia.gov/parole-consideration/parole-consideration-eligibility-guidelines']",['Click\n \nhere to see a Crime Severity Levels chart for Post-2006 offenses.'],Diagram,0.599674642086029
download,https://pap.georgia.gov/media/13016/download,85.4KB,85.37890625,2021-09-20 13:04:03,,,,2021-09-20 13:04:03,Skia/PDF m93,1,0,0,PDF 1.4,"['https://pap.georgia.gov/parole-consideration/parole-consideration-eligibility-guidelines#main-content', 'https://pap.georgia.gov/parole-consideration/parole-consideration-eligibility-guidelines']","['Click\n \nhere to see the Crime Severity Levels chart for offenses committed on or after July 1, 2021.']",Spreadsheet,0.22076570987701416
download,https://pap.georgia.gov/document/document/notice-action-july-1-2023-google-docspdf/download,71.7KB,71.6982421875,2023-07-11 19:05:04,,,,2023-07-11 19:05:04,Skia/PDF m114,1,0,0,PDF 1.4,"['https://pap.georgia.gov/parole-consideration/parole-consideration-eligibility-guidelines#main-content', 'https://pap.georgia.gov/parole-consideration/parole-consideration-eligibility-guidelines']","['Click\n \nhere to see the Crime Severity Levels chart for offenses committed on or after July 1, 2023']",Spreadsheet,0.24375835061073303
C:\Documents and Settings\cathyc\Local Settings\Temp\notesEA312D\parole success score.wpd,https://pap.georgia.gov/document/document/click-here-see-parole-success-score-chart-pre-2008-cases/download,9.7KB,9.6650390625,2006-02-24 14:00:08,cathyc,,,2006-02-24 14:00:08,Acrobat Distiller 7.0.5 (Windows),1,0,0,PDF 1.4,"['https://pap.georgia.gov/parole-consideration/parole-consideration-eligibility-guidelines#main-content', 'https://pap.georgia.gov/parole-consideration/parole-consideration-eligibility-guidelines']",['Click\n \nhere to see the Parole Success Score Chart for Pre-2008 cases'],Spreadsheet,0.27853038907051086
RISK TO RE-OFFEND SCORE CHART,https://pap.georgia.gov/document/document/click-here-see-risk-reoffend-score-chart-2008-62017-cases/download,9.7KB,9.740234375,2007-12-18 08:03:03,PAP,,,2007-12-18 08:03:03,Acrobat Distiller 8.1.0 (Windows),1,0,0,PDF 1.4,"['https://pap.georgia.gov/parole-consideration/parole-consideration-eligibility-guidelines#main-content', 'https://pap.georgia.gov/parole-consideration/parole-consideration-eligibility-guidelines']",['Click\n \nhere to see the Risk to Reoffend Score Chart for 2008 - 6/2017 cases'],Notice,0.2925223708152771
download,https://pap.georgia.gov/document/document/click-here-see-current-risk-re-offend-score-chart/download,85.7KB,85.6572265625,,,,,,,4,0,0,PDF 1.4,"['https://pap.georgia.gov/parole-consideration/parole-consideration-eligibility-guidelines#main-content', 'https://pap.georgia.gov/parole-consideration/parole-consideration-eligibility-guidelines']",['Click\n \nhere to see the Risk to Re-Offend Score Chart'],Policy,0.3214888572692871
7/2023 updated  New Guidelines risk factor info.,https://pap.georgia.gov/document/document/72023-updated-new-guidelines-risk-factor-infopdf/download,85.6KB,85.5576171875,,,,,,,4,0,0,PDF 1.4,"['https://pap.georgia.gov/parole-consideration/parole-consideration-eligibility-guidelines#main-content', 'https://pap.georgia.gov/parole-consideration/parole-consideration-eligibility-guidelines']",['Click\n \nhere to see the current Risk to Re-Offend Score Chart'],Policy,0.5391549468040466
C:\Documents and Settings\cathyc\Local Settings\Temp\notesEA312D\Parole Decision Guidelines Grid.wpd,https://pap.georgia.gov/document/document/click-here-see-parole-decision-guidelines-grid-pre-2008-cases/download,10.3KB,10.294921875,2006-02-24 14:00:09,cathyc,,,2006-02-24 14:00:09,Acrobat Distiller 7.0.5 (Windows),1,1,0,PDF 1.4,"['https://pap.georgia.gov/parole-consideration/parole-consideration-eligibility-guidelines#main-content', 'https://pap.georgia.gov/parole-consideration/parole-consideration-eligibility-guidelines']",['Click\n \nhere to see the Parole Decision Guidelines Grid for Pre-2008 cases'],Policy,0.3502522110939026
download,https://pap.georgia.gov/document/document/click-here-see-parole-decision-guidelines-grid-2008-62017-cases/download,27.0KB,26.974609375,2007-12-18 08:03:06,tracym,,,2007-12-18 08:03:06,Acrobat Distiller 8.1.0 (Windows),1,1,0,PDF 1.4,"['https://pap.georgia.gov/parole-consideration/parole-consideration-eligibility-guidelines#main-content', 'https://pap.georgia.gov/parole-consideration/parole-consideration-eligibility-guidelines']",['Click\n \nhere to see the Parole Decision Guidelines Grid for 2008 - 6/2017 cases'],Spreadsheet,0.25411003828048706
export,https://pap.georgia.gov/document/document/click-here-see-current-parole-decision-guidelines-grid/download,118.9KB,118.90234375,2017-07-26 10:04:03,scottr,,,2017-07-26 09:04:06,GPL Ghostscript 8.15,1,0,1,PDF 1.4,"['https://pap.georgia.gov/parole-consideration/parole-consideration-eligibility-guidelines#main-content', 'https://pap.georgia.gov/parole-consideration/parole-consideration-eligibility-guidelines']",['Click\n \nhere to see the current Parole Decision Guidelines Grid'],Brochure,0.24211165308952332
Pardons and Restoration of Rights Online User Guide - Google Docs,https://pap.georgia.gov/media/13791/download,3.0MB,3064.529296875,2025-05-08 14:04:05,,,,2025-05-08 14:04:05,Skia/PDF m135,11,0,18,PDF 1.4,"['https://pap.georgia.gov/parole-population-georgia/pardons-restoration-rights#main-content', 'https://pap.georgia.gov/parole-population-georgia/pardons-restoration-rights']",['Friendly\n \nuser guide for the electronic application.'],Brochure,0.32536378502845764
download,https://pap.georgia.gov/media/13321/download,387.8KB,387.77734375,2023-01-24 12:01:00,,,,2023-01-24 12:01:00,Skia/PDF m85,2,0,1,PDF 1.5,"['https://pap.georgia.gov/victim-services-forms#main-content', 'https://pap.georgia.gov/victim-services-forms']",['Victim\n \nImpact Statement Form (PDF Version)'],Form,0.9656543135643005
download,https://pap.georgia.gov/media/13331/download,405.7KB,405.658203125,2023-01-24 12:01:01,,,,2023-01-24 12:01:01,Skia/PDF m85,1,0,1,PDF 1.5,"['https://pap.georgia.gov/victim-services-forms#main-content', 'https://pap.georgia.gov/victim-services-forms']",['Victim\n \nNotification Request Form (PDF Version)'],Form,0.9146718978881836
download,https://pap.georgia.gov/media/13326/download,392.8KB,392.7998046875,2023-01-24 12:01:02,,,,2023-01-24 12:01:02,Skia/PDF m85,1,0,1,PDF 1.5,"['https://pap.georgia.gov/victim-services-forms#main-content', 'https://pap.georgia.gov/victim-services-forms']",['Victim\n \nChange of Address Form (PDF Version)'],Form,0.9134718775749207
download,https://pap.georgia.gov/document/document/patrick-price-community-impact-award/download,123.2KB,123.2333984375,2016-08-05 15:01:05,,,,2016-08-05 15:01:05,Skia/PDF m54,2,0,2,PDF 1.5,"['https://pap.georgia.gov/office-communications-news-publications-and-events/state-board-pardons-and-paroles-memorial-page', 'https://pap.georgia.gov/office-communications-news-publications-and-events/state-board-pardons-and-paroles-memorial-page#main-content']",['Patrick\n \nPrice Community Impact Award'],Brochure,0.32146134972572327
download,https://pap.georgia.gov/document/document/patrick-price-community-impact-award-recipient-2016/download,56.6KB,56.6396484375,2016-08-05 15:01:02,,,,2016-08-05 15:01:02,Skia/PDF m54,1,0,0,PDF 1.5,"['https://pap.georgia.gov/office-communications-news-publications-and-events/state-board-pardons-and-paroles-memorial-page', 'https://pap.georgia.gov/office-communications-news-publications-and-events/state-board-pardons-and-paroles-memorial-page#main-content']",['Patrick\n \nPrice Community Impact Award Recipient 2016'],Notice,0.37685519456863403
download,https://pap.georgia.gov/media/13466/download,128.7KB,128.68359375,2023-11-01 19:03:08,Eris McKennon,,,2023-11-01 19:03:08,Adobe PDF Library 23.6.136,3,7,1,PDF 1.6,"['https://pap.georgia.gov/employment/parole-internship#main-content', 'https://pap.georgia.gov/employment/parole-internship']",['A\n \npaid internship may be available.'],Policy,0.3299821615219116
download,https://pap.georgia.gov/document/document/isprp-fraud-document/download,432.0KB,432.0087890625,2024-07-02 14:05:02,Jimmylewispp@outlook.com,,,2024-06-27 20:05:04,,3,3,2,PDF 1.7,"['https://pap.georgia.gov/public-fraud-alert-least-two-fraud-schemes-are-active', 'https://pap.georgia.gov/public-fraud-alert-least-two-fraud-schemes-are-active#main-content']",['Document'],Brochure,0.5612759590148926
ADA Notice.2021,https://pap.georgia.gov/document/document/ada-notice-2021/download,1.5MB,1505.1533203125,,,,,,Skia/PDF m93 Google Docs Renderer,2,0,1,PDF 1.4,"['https://pap.georgia.gov/ada', 'https://pap.georgia.gov/ada#main-content']",['ADA\n \nNotice.pdf'],Notice,0.7168374061584473
download,https://pap.georgia.gov/document/document/ada-policy-statement-1116/download,261.6KB,261.5537109375,,,,,,Skia/PDF m88,3,0,1,PDF 1.5,"['https://pap.georgia.gov/ada', 'https://pap.georgia.gov/ada#main-content']",['Board\n \nPolicy 1.116 ADA Reasonable Accommodations for Employment.pdf'],Brochure,0.6261425614356995
download,https://pap.georgia.gov/document/document/ada-policy-statement-1133/download,298.4KB,298.37109375,,,,,,Skia/PDF m88,13,1,1,PDF 1.5,"['https://pap.georgia.gov/ada', 'https://pap.georgia.gov/ada#main-content']",['Board\n \nPolicy 1.133 ADA Title II Provisions.pdf'],Policy,0.41132307052612305
download,https://pap.georgia.gov/document/document/ada-grievance-procedure-2/download,1.4MB,1482.3544921875,,,,,,Skia/PDF m88,2,0,1,PDF 1.5,"['https://pap.georgia.gov/ada', 'https://pap.georgia.gov/ada#main-content']",['ADA\n \nGrievance Procedure.pdf'],Brochure,0.6838541626930237
download,https://pap.georgia.gov/document/document/ada-accommodation-request-form-1/download,246.0KB,246.0068359375,,,,,,Skia/PDF m88,2,0,1,PDF 1.5,"['https://pap.georgia.gov/ada', 'https://pap.georgia.gov/ada#main-content']",['FORM\n \n1. ADA ACCOMMODATION REQUEST FORM.pdf'],Form,0.6279930472373962
download,https://pap.georgia.gov/document/document/ada-accommodation-appeal-form-4/download,209.9KB,209.86328125,,,,,,Skia/PDF m88,1,0,1,PDF 1.5,"['https://pap.georgia.gov/ada', 'https://pap.georgia.gov/ada#main-content']",['Form\n \n4. ADA ACCOMMODATION APPEAL FORM.pdf'],Form,0.609337568283081
download,https://pap.georgia.gov/document/document/ada-grievance-form-6/download,209.0KB,208.96484375,,,,,,Skia/PDF m88,1,0,1,PDF 1.5,"['https://pap.georgia.gov/ada', 'https://pap.georgia.gov/ada#main-content']",['Form\n \n6. ADA GRIEVANCE FORM.pdf'],Form,0.609337568283081
download,https://pap.georgia.gov/document/document/ada-grievance-appeal-form-7/download,206.6KB,206.640625,,,,,,Skia/PDF m88,1,0,1,PDF 1.5,"['https://pap.georgia.gov/ada', 'https://pap.georgia.gov/ada#main-content']",['Form\n \n7. ADA GRIEVANCE APPEAL FORM.pdf'],Form,0.609337568283081
download,https://pap.georgia.gov/document/document/reentry-skills-handbook/download,3.2MB,3259.9091796875,2015-06-02 15:05:05,oit,,,2015-06-02 15:05:05,Microsoft® Word 2013,200,46,7,PDF 1.5,"['https://pap.georgia.gov/reentry-services/reentry-handbooks', 'https://pap.georgia.gov/reentry-services/reentry-handbooks#main-content']",['Reentry\n \nSkills Handbook'],Report,0.6725307703018188
download,https://pap.georgia.gov/document/document/reentry-skills-handbook-0/download,2.6MB,2657.455078125,2015-06-02 15:05:05,oit,,,2015-06-02 15:05:05,Microsoft® Word 2013,162,31,9,PDF 1.5,"['https://pap.georgia.gov/reentry-services/reentry-handbooks', 'https://pap.georgia.gov/reentry-services/reentry-handbooks#main-content']",['Reentry\n \nSkills Handbook'],Report,0.6131222248077393
download,https://pap.georgia.gov/document/document/parole-handbook/download,1.6MB,1601.2353515625,2015-12-01 14:03:07,,,,2015-12-01 14:03:00,Adobe PDF Library 9.9,48,3,7,PDF 1.4,"['https://pap.georgia.gov/reentry-services/reentry-handbooks', 'https://pap.georgia.gov/reentry-services/reentry-handbooks#main-content']",['Parole\n \nHandbook'],Report,0.5997111201286316
Microsoft Word - GDC_Inmate_Handbook.docx,https://gdc.georgia.gov/document/document/offender-orientation-handbook/download,680.7KB,680.66796875,2018-05-31 16:01:06,mnrao00,,,2018-05-31 16:01:06,Microsoft: Print To PDF,71,0,0,PDF 1.7,"['https://pap.georgia.gov/reentry-services/reentry-handbooks', 'https://pap.georgia.gov/reentry-services/reentry-handbooks#main-content']",['Inmate Handbook'],Report,0.5340739488601685
Pardons + Paroles AR 2023_converted.indd,https://pap.georgia.gov/document/document/pardons-paroles-ar-2023-finalpdf--UNPUBLISHED-document--DO-NOT-SHARE-this-URL--/download,25.8MB,26432.30078125,2023-11-30 12:01:06,,,,2023-11-30 12:01:05,Adobe PDF Library 17.0,36,19,132,PDF 1.6,"['https://pap.georgia.gov/annual-reports', 'https://pap.georgia.gov/office-communications-news-publications-and-events/publications/annual-reports', 'https://pap.georgia.gov/annual-reports#main-content', 'https://pap.georgia.gov/office-communications-news-publications-and-events/publications/annual-reports#main-content']",['Annual\n \nReport 2023'],Report,0.9704506993293762
Pardons + Paroles AR 2022.indd,https://pap.georgia.gov/media/13351/download,5.6MB,5759.333984375,2023-02-01 23:05:00,,,,2022-12-28 10:01:06,Adobe PDF Library 17.0,36,18,88,PDF 1.6,"['https://pap.georgia.gov/annual-reports', 'https://pap.georgia.gov/office-communications-news-publications-and-events/publications/annual-reports', 'https://pap.georgia.gov/annual-reports#main-content', 'https://pap.georgia.gov/office-communications-news-publications-and-events/publications/annual-reports#main-content']",['Annual\n \nReport 2022'],Report,0.9769690632820129
Pardons + Paroles AR 2021.indd,https://pap.georgia.gov/document/document/state-board-pardons-and-paroles-fy21-annual-report/download,5.4MB,5563.904296875,2021-12-30 09:04:02,,,,2021-12-30 09:04:02,Adobe PDF Library 16.0.3,36,25,87,PDF 1.6,"['https://pap.georgia.gov/annual-reports', 'https://pap.georgia.gov/office-communications-news-publications-and-events/publications/annual-reports', 'https://pap.georgia.gov/annual-reports#main-content', 'https://pap.georgia.gov/office-communications-news-publications-and-events/publications/annual-reports#main-content']",['Annual\n \nReport 2021'],Report,0.9769690632820129
Pardons + Paroles AR 2020-horizontal.indd,https://pap.georgia.gov/media/13366/download,5.8MB,5971.814453125,2023-04-05 19:02:04,,,,2020-12-11 13:02:02,Adobe PDF Library 15.0,36,14,120,PDF 1.6,"['https://pap.georgia.gov/annual-reports', 'https://pap.georgia.gov/office-communications-news-publications-and-events/publications/annual-reports', 'https://pap.georgia.gov/annual-reports#main-content', 'https://pap.georgia.gov/office-communications-news-publications-and-events/publications/annual-reports#main-content']",['Annual\n \nReport 2020'],Report,0.9769690632820129
Pardons + Paroles AR 2019-horizontal.indd,https://pap.georgia.gov/document/document/fy19-annual-report/download,6.0MB,6098.26171875,2020-01-31 19:00:06,,,,2020-01-31 19:00:06,Adobe PDF Library 15.0,36,30,127,PDF 1.6,"['https://pap.georgia.gov/annual-reports', 'https://pap.georgia.gov/office-communications-news-publications-and-events/publications/annual-reports', 'https://pap.georgia.gov/annual-reports#main-content', 'https://pap.georgia.gov/office-communications-news-publications-and-events/publications/annual-reports#main-content']",['Annual\n \nReport 2019'],Report,0.9763719439506531
Pardons + Paroles AR2018 d4.indd,https://pap.georgia.gov/media/12566/download,6.5MB,6622.2333984375,2019-12-31 14:01:06,,,,2019-01-02 08:04:04,Adobe PDF Library 9.9,36,31,86,PDF 1.6,"['https://pap.georgia.gov/annual-reports', 'https://pap.georgia.gov/office-communications-news-publications-and-events/publications/annual-reports', 'https://pap.georgia.gov/annual-reports#main-content', 'https://pap.georgia.gov/office-communications-news-publications-and-events/publications/annual-reports#main-content']",['Annual\n \nReport 2018'],Report,0.9763719439506531
download,https://pap.georgia.gov/document/document/annual-report-2017/download,5.6MB,5769.2763671875,2018-01-04 13:01:06,,,,2018-01-04 13:01:05,Adobe PDF Library 15.0,36,34,87,PDF 1.7,"['https://pap.georgia.gov/annual-reports', 'https://pap.georgia.gov/office-communications-news-publications-and-events/publications/annual-reports', 'https://pap.georgia.gov/annual-reports#main-content', 'https://pap.georgia.gov/office-communications-news-publications-and-events/publications/annual-reports#main-content']",['Annual\n \nReport 2017'],Report,0.9702287912368774
download,https://pap.georgia.gov/document/document/annual-report-2016-2-page-spread/download,16.3MB,16733.216796875,2017-03-06 11:05:01,,,,2017-03-06 11:05:00,Adobe PDF Library 15.0,23,19,97,PDF 1.7,"['https://pap.georgia.gov/annual-reports', 'https://pap.georgia.gov/office-communications-news-publications-and-events/publications/annual-reports', 'https://pap.georgia.gov/annual-reports#main-content', 'https://pap.georgia.gov/office-communications-news-publications-and-events/publications/annual-reports#main-content']",['Annual\n \nReport 2016 (2-page spread)'],Report,0.9005220532417297
download,https://pap.georgia.gov/document/document/annual-report-2016/download,16.5MB,16880.2060546875,2017-03-06 11:05:00,,,,2017-03-06 11:04:09,Adobe PDF Library 15.0,44,19,99,PDF 1.7,"['https://pap.georgia.gov/annual-reports', 'https://pap.georgia.gov/office-communications-news-publications-and-events/publications/annual-reports', 'https://pap.georgia.gov/annual-reports#main-content', 'https://pap.georgia.gov/office-communications-news-publications-and-events/publications/annual-reports#main-content']",['Annual\n \nReport 2016'],Report,0.957624614238739
FY 2014 Annual Report new org odd page headers printable footers web 17,https://pap.georgia.gov/document/document/annual-report-2014/download,17.1MB,17558.3779296875,2017-03-02 17:01:02,shayes,,,2017-03-02 17:01:02,GPL Ghostscript 8.15,38,22,156,PDF 1.4,"['https://pap.georgia.gov/annual-reports', 'https://pap.georgia.gov/office-communications-news-publications-and-events/publications/annual-reports', 'https://pap.georgia.gov/annual-reports#main-content', 'https://pap.georgia.gov/office-communications-news-publications-and-events/publications/annual-reports#main-content']",['Annual\n \nReport 2014'],Report,0.9903311729431152
2013 Annual Report Budget change 17,https://pap.georgia.gov/document/document/annual-report-2013/download,70.1MB,71755.5390625,2017-01-24 21:05:05,shayes,,,2017-01-24 21:05:05,GPL Ghostscript 8.15,37,8,400,PDF 1.4,"['https://pap.georgia.gov/annual-reports', 'https://pap.georgia.gov/office-communications-news-publications-and-events/publications/annual-reports', 'https://pap.georgia.gov/annual-reports#main-content', 'https://pap.georgia.gov/office-communications-news-publications-and-events/publications/annual-reports#main-content']",['Annual\n \nReport 2013'],Report,0.9884111881256104
2012 draft final alternate AB Dec 20print 17,https://pap.georgia.gov/document/document/annual-report-2012/download,16.7MB,17111.318359375,2017-01-24 20:02:01,shayes,,,2017-01-24 20:02:01,GPL Ghostscript 8.15,37,7,195,PDF 1.4,"['https://pap.georgia.gov/annual-reports', 'https://pap.georgia.gov/office-communications-news-publications-and-events/publications/annual-reports', 'https://pap.georgia.gov/annual-reports#main-content', 'https://pap.georgia.gov/office-communications-news-publications-and-events/publications/annual-reports#main-content']",['Annual\n \nReport 2012'],Report,0.9762015342712402
draft 7 2011Tony Revised,https://pap.georgia.gov/document/document/annual-report-2011/download,5.2MB,5322.720703125,2012-01-20 14:02:08,shayes,,,2012-01-20 14:02:08,GPL Ghostscript 8.15,30,26,90,PDF 1.4,"['https://pap.georgia.gov/annual-reports', 'https://pap.georgia.gov/office-communications-news-publications-and-events/publications/annual-reports', 'https://pap.georgia.gov/annual-reports#main-content', 'https://pap.georgia.gov/office-communications-news-publications-and-events/publications/annual-reports#main-content']",['Annual\n \nReport 2011'],Report,0.9390004277229309
AnnualReportReviewDraft4a,https://pap.georgia.gov/document/document/annual-report-2010/download,9.9MB,10173.748046875,2011-11-22 15:05:08,shayes,,,2011-11-22 15:05:08,GPL Ghostscript 8.15,24,9,118,PDF 1.4,"['https://pap.georgia.gov/annual-reports', 'https://pap.georgia.gov/office-communications-news-publications-and-events/publications/annual-reports', 'https://pap.georgia.gov/annual-reports#main-content', 'https://pap.georgia.gov/office-communications-news-publications-and-events/publications/annual-reports#main-content']",['Annual\n \nReport 2010'],Report,0.9020718336105347
AnnualReport2009ReviewDraft.pub,https://pap.georgia.gov/document/document/annual-report-2009/download,662.4KB,662.423828125,2009-12-21 09:01:06,schereel,,,2009-12-21 09:01:06,Acrobat Distiller 8.1.0 (Windows),18,3,19,PDF 1.4,"['https://pap.georgia.gov/annual-reports', 'https://pap.georgia.gov/office-communications-news-publications-and-events/publications/annual-reports', 'https://pap.georgia.gov/annual-reports#main-content', 'https://pap.georgia.gov/office-communications-news-publications-and-events/publications/annual-reports#main-content']",['Annual\n \nReport 2009'],Report,0.959122359752655
08 Annual Report,https://pap.georgia.gov/document/document/annual-report-2008/download,1.0MB,1030.0029296875,2008-12-22 08:03:09,schereel,,,2008-12-22 08:03:09,Acrobat Distiller 8.1.0 (Windows),32,9,36,PDF 1.4,"['https://pap.georgia.gov/annual-reports', 'https://pap.georgia.gov/office-communications-news-publications-and-events/publications/annual-reports', 'https://pap.georgia.gov/annual-reports#main-content', 'https://pap.georgia.gov/office-communications-news-publications-and-events/publications/annual-reports#main-content']",['Annual\n \nReport 2008'],Report,0.9629325270652771
07Annual Report.pub,https://pap.georgia.gov/document/document/annual-report-2007/download,1.1MB,1106.109375,2008-04-17 08:05:04,cathyc,,,2008-04-17 08:05:04,Acrobat Distiller 8.1.0 (Windows),42,15,147,PDF 1.4,"['https://pap.georgia.gov/annual-reports', 'https://pap.georgia.gov/office-communications-news-publications-and-events/publications/annual-reports', 'https://pap.georgia.gov/annual-reports#main-content', 'https://pap.georgia.gov/office-communications-news-publications-and-events/publications/annual-reports#main-content']",['Annual\n \nReport 2007'],Report,0.9745249152183533
06Annual Report.pub,https://pap.georgia.gov/document/document/annual-report-2006/download,2.8MB,2844.6552734375,2007-03-01 10:02:04,PAP,,,2007-03-01 10:02:04,Acrobat Distiller 7.0.5 (Windows),50,11,43,PDF 1.4,"['https://pap.georgia.gov/annual-reports', 'https://pap.georgia.gov/office-communications-news-publications-and-events/publications/annual-reports', 'https://pap.georgia.gov/annual-reports#main-content', 'https://pap.georgia.gov/office-communications-news-publications-and-events/publications/annual-reports#main-content']",['Annual\n \nReport 2006'],Report,0.9822432994842529
Annual Report 05.pub,https://pap.georgia.gov/document/document/annual-report-2005/download,1.1MB,1146.37109375,2006-10-19 15:05:02,PAP,,,2006-10-19 15:05:01,Acrobat Distiller 7.0.5 (Windows),34,4,40,PDF 1.4,"['https://pap.georgia.gov/annual-reports', 'https://pap.georgia.gov/office-communications-news-publications-and-events/publications/annual-reports', 'https://pap.georgia.gov/annual-reports#main-content', 'https://pap.georgia.gov/office-communications-news-publications-and-events/publications/annual-reports#main-content']",['Annual\n \nReport 2005'],Report,0.9617234468460083
AnnualRep04.indd,https://pap.georgia.gov/document/document/annual-report-2004/download,15.3MB,15693.189453125,2005-01-26 16:02:04,,,,2005-01-05 18:03:02,Adobe PDF Library 4.16,41,58,17,PDF 1.4,"['https://pap.georgia.gov/annual-reports', 'https://pap.georgia.gov/office-communications-news-publications-and-events/publications/annual-reports', 'https://pap.georgia.gov/annual-reports#main-content', 'https://pap.georgia.gov/office-communications-news-publications-and-events/publications/annual-reports#main-content']",['Annual\n \nReport 2004'],Report,0.9731979370117188
AnnualRep03 Mar17.indd,https://pap.georgia.gov/document/document/annual-report-2003/download,3.7MB,3754.349609375,2007-01-24 11:01:07,,,,2004-03-17 13:00:05,Adobe PDF Library 4.16,40,83,18,PDF 1.4,"['https://pap.georgia.gov/annual-reports', 'https://pap.georgia.gov/office-communications-news-publications-and-events/publications/annual-reports', 'https://pap.georgia.gov/annual-reports#main-content', 'https://pap.georgia.gov/office-communications-news-publications-and-events/publications/annual-reports#main-content']",['Annual\n \nReport 2003'],Report,0.9737082719802856
download,https://pap.georgia.gov/document/document/annual-report-2002/download,16.4MB,16773.140625,2007-03-27 11:01:02,,,,2007-03-27 10:02:02,Adobe PDF Library 5.0.5,45,0,45,PDF 1.4,"['https://pap.georgia.gov/annual-reports', 'https://pap.georgia.gov/office-communications-news-publications-and-events/publications/annual-reports', 'https://pap.georgia.gov/annual-reports#main-content', 'https://pap.georgia.gov/office-communications-news-publications-and-events/publications/annual-reports#main-content']",['Annual\n \nReport 2002'],Report,0.9583333134651184
SBP&P Annual Report 2001.indd,https://pap.georgia.gov/document/document/annual-report-2001/download,14.0MB,14330.876953125,2007-03-27 15:02:08,,,,2002-05-31 09:04:03,Adobe PDF Library 4.16,42,45,38,PDF 1.6,"['https://pap.georgia.gov/annual-reports', 'https://pap.georgia.gov/office-communications-news-publications-and-events/publications/annual-reports', 'https://pap.georgia.gov/annual-reports#main-content', 'https://pap.georgia.gov/office-communications-news-publications-and-events/publications/annual-reports#main-content']",['Annual\n \nReport 2001'],Report,0.9907037019729614
Winter 2015 Final,https://pap.georgia.gov/document/document/parole-review-newsletter-winter-2015/download,12.0MB,12265.73046875,2015-01-16 12:03:02,shayes,,,2015-01-16 12:03:02,GPL Ghostscript 8.15,12,4,30,PDF 1.4,"['https://pap.georgia.gov/newsletters#main-content', 'https://pap.georgia.gov/newsletters', 'https://pap.georgia.gov/office-communications-news-publications-and-events/publications/newsletters#main-content', 'https://pap.georgia.gov/office-communications-news-publications-and-events/publications/newsletters']",['Parole\n \nReview Newsletter Winter 2015'],Report,0.5081727504730225
Fall,https://pap.georgia.gov/document/document/parole-review-newsletter-fall-2014/download,9.4MB,9614.740234375,2014-10-01 10:04:07,shayes,,,2014-10-01 10:04:07,GPL Ghostscript 8.15,10,8,86,PDF 1.4,"['https://pap.georgia.gov/newsletters#main-content', 'https://pap.georgia.gov/newsletters', 'https://pap.georgia.gov/office-communications-news-publications-and-events/publications/newsletters#main-content', 'https://pap.georgia.gov/office-communications-news-publications-and-events/publications/newsletters']",['Parole\n \nReview Newsletter Fall 2014'],Report,0.32565030455589294
summer 2014 DraftAFphotochangesFinal,https://pap.georgia.gov/document/document/parole-review-newsletter-summer-2014/download,21.5MB,22014.779296875,2014-07-07 21:04:08,shayes,,,2014-07-07 21:04:08,GPL Ghostscript 8.15,12,6,189,PDF 1.4,"['https://pap.georgia.gov/newsletters#main-content', 'https://pap.georgia.gov/newsletters', 'https://pap.georgia.gov/office-communications-news-publications-and-events/publications/newsletters#main-content', 'https://pap.georgia.gov/office-communications-news-publications-and-events/publications/newsletters']",['Parole\n \nReview Newsletter Summer 2014'],Report,0.46819940209388733
Spring 2014 Printable,https://pap.georgia.gov/document/document/parole-review-newsletter-spring-2014/download,18.5MB,18917.8193359375,2014-04-01 09:01:07,shayes,,,2014-04-01 09:01:07,GPL Ghostscript 8.15,14,10,110,PDF 1.4,"['https://pap.georgia.gov/newsletters#main-content', 'https://pap.georgia.gov/newsletters', 'https://pap.georgia.gov/office-communications-news-publications-and-events/publications/newsletters#main-content', 'https://pap.georgia.gov/office-communications-news-publications-and-events/publications/newsletters']",['Parole\n \nReview Newsletter Spring 2014'],Report,0.45004960894584656
Winter 2014 Draft2,https://pap.georgia.gov/document/document/parole-review-newsletter-winter-2014/download,12.4MB,12681.5791015625,2014-01-09 15:05:00,shayes,,,2014-01-09 15:05:00,GPL Ghostscript 8.15,10,8,142,PDF 1.4,"['https://pap.georgia.gov/newsletters#main-content', 'https://pap.georgia.gov/newsletters', 'https://pap.georgia.gov/office-communications-news-publications-and-events/publications/newsletters#main-content', 'https://pap.georgia.gov/office-communications-news-publications-and-events/publications/newsletters']",['Parole\n \nReview Newsletter Winter 2014'],Report,0.4152437448501587
FAll 2013 draft NL a Nov 12,https://pap.georgia.gov/document/document/parole-review-newsletter-fall-2013/download,9.8MB,10011.4453125,2013-11-20 09:03:03,shayes,,,2013-11-20 09:03:03,GPL Ghostscript 8.15,10,4,72,PDF 1.4,"['https://pap.georgia.gov/newsletters#main-content', 'https://pap.georgia.gov/newsletters', 'https://pap.georgia.gov/office-communications-news-publications-and-events/publications/newsletters#main-content', 'https://pap.georgia.gov/office-communications-news-publications-and-events/publications/newsletters']",['Parole\n \nReview Newsletter Fall 2013'],Report,0.3377191126346588
Summer Pub 2013A,https://pap.georgia.gov/document/document/parole-review-newsletter-summer-2013/download,12.8MB,13113.1552734375,2013-09-05 12:00:07,shayes,,,2013-09-05 12:00:07,GPL Ghostscript 8.15,16,11,69,PDF 1.4,"['https://pap.georgia.gov/newsletters#main-content', 'https://pap.georgia.gov/newsletters', 'https://pap.georgia.gov/office-communications-news-publications-and-events/publications/newsletters#main-content', 'https://pap.georgia.gov/office-communications-news-publications-and-events/publications/newsletters']",['Parole\n \nReview Newsletter Summer 2013'],Report,0.4762713313102722
draft Spring 2013 final,https://pap.georgia.gov/document/document/parole-review-newsletter-winterspring-2013/download,21.1MB,21650.2373046875,2015-06-01 19:00:07,shayes,,,2015-06-01 19:00:07,GPL Ghostscript 8.15,20,28,266,PDF 1.4,"['https://pap.georgia.gov/newsletters#main-content', 'https://pap.georgia.gov/newsletters', 'https://pap.georgia.gov/office-communications-news-publications-and-events/publications/newsletters#main-content', 'https://pap.georgia.gov/office-communications-news-publications-and-events/publications/newsletters']",['Parole\n \nReview Newsletter Winter/Spring 2013'],Slides,0.589077889919281
new publication Summer 12AbCdE,https://pap.georgia.gov/document/document/parole-review-newsletter-summer-2012/download,10.8MB,11029.7783203125,2012-08-15 19:03:04,shayes,,,2012-08-15 19:03:04,GPL Ghostscript 8.15,12,16,90,PDF 1.4,"['https://pap.georgia.gov/newsletters#main-content', 'https://pap.georgia.gov/newsletters', 'https://pap.georgia.gov/office-communications-news-publications-and-events/publications/newsletters#main-content', 'https://pap.georgia.gov/office-communications-news-publications-and-events/publications/newsletters']",['Parole\n \nReview Newsletter Summer 2012'],Report,0.3595617115497589
new publication 1AB,https://pap.georgia.gov/document/document/parole-review-newsletter-winterspring-2012/download,13.5MB,13789.453125,2012-03-19 11:00:05,shayes,,,2012-03-19 11:00:05,GPL Ghostscript 8.15,14,2,68,PDF 1.4,"['https://pap.georgia.gov/newsletters#main-content', 'https://pap.georgia.gov/newsletters', 'https://pap.georgia.gov/office-communications-news-publications-and-events/publications/newsletters#main-content', 'https://pap.georgia.gov/office-communications-news-publications-and-events/publications/newsletters']",['Parole\n \nReview Newsletter Winter/Spring 2012'],Report,0.41768065094947815
PublicationSummer2011(4),https://pap.georgia.gov/document/document/parole-review-newsletter-summer-2011/download,16.6MB,16997.4189453125,2011-08-29 19:03:02,shayes,,,2011-08-29 19:03:02,GPL Ghostscript 8.15,16,11,72,PDF 1.4,"['https://pap.georgia.gov/newsletters#main-content', 'https://pap.georgia.gov/newsletters', 'https://pap.georgia.gov/office-communications-news-publications-and-events/publications/newsletters#main-content', 'https://pap.georgia.gov/office-communications-news-publications-and-events/publications/newsletters']",['Parole\n \nReview Newsletter Summer 2011'],Report,0.48183855414390564
Publication5Winter2011,https://pap.georgia.gov/document/document/parole-review-newsletter-winter-2011/download,8.2MB,8353.4287109375,2011-03-07 08:03:06,shayes,,,2011-03-07 08:03:06,GPL Ghostscript 8.15,12,9,66,PDF 1.4,"['https://pap.georgia.gov/newsletters#main-content', 'https://pap.georgia.gov/newsletters', 'https://pap.georgia.gov/office-communications-news-publications-and-events/publications/newsletters#main-content', 'https://pap.georgia.gov/office-communications-news-publications-and-events/publications/newsletters']",['Parole\n \nReview Newsletter Winter 2011'],Report,0.3697182536125183
Summer2010ParoleReviewweb,https://pap.georgia.gov/document/document/parole-review-newsletter-summerfall-2010/download,8.9MB,9120.9326171875,2010-10-26 18:02:00,shayes,,,2010-10-26 18:02:00,GPL Ghostscript 8.15,8,2,19,PDF 1.4,"['https://pap.georgia.gov/newsletters#main-content', 'https://pap.georgia.gov/newsletters', 'https://pap.georgia.gov/office-communications-news-publications-and-events/publications/newsletters#main-content', 'https://pap.georgia.gov/office-communications-news-publications-and-events/publications/newsletters']",['Parole\n \nReview Newsletter Summer/Fall 2010'],Brochure,0.24999353289604187
"September 10, 2024, Board Meeting Agenda",https://pap.georgia.gov/document/document/september-10-2024-board-meeting-agendapdf/download,102.2KB,102.248046875,,,,,,Skia/PDF m129 Google Docs Renderer,1,0,1,PDF 1.4,"['https://pap.georgia.gov/press-releases/2024-08-26/september-meeting-agenda', 'https://pap.georgia.gov/press-releases/2024-08-26/september-meeting-agenda#main-content']",['Agenda'],Agenda,0.9979690909385681
download,https://pap.georgia.gov/document/document/00-application-georgia-board-pardons-parole-behalf-willie-james-pyepdf/download,609.2KB,609.2177734375,,,,,,,36,1,5,PDF 1.6,"['https://pap.georgia.gov/press-releases/2024-03-15/clemency-application#main-content', 'https://pap.georgia.gov/press-releases/2024-03-15/clemency-application']",['Clemency\n \nApplication'],Report,0.44072920083999634
download,https://pap.georgia.gov/document/document/01052404-2pdf/download,31.9KB,31.876953125,2024-01-08 14:05:06,,,,2024-01-08 14:04:04,RICOH IM C3010,1,0,1,PDF 1.4,"['https://pap.georgia.gov/press-releases/2024-01-08/holmes-appointed-parole-board', 'https://pap.georgia.gov/press-releases/2024-01-08/holmes-appointed-parole-board#main-content']",['Executive\n \nOrder'],Notice,0.6030100584030151
download,https://pap.georgia.gov/document/document/here-2/download,95.3KB,95.3212890625,2013-11-01 15:00:00,gov,,,2013-11-01 14:05:08,Microsoft® Office Word 2007,2,0,3,PDF 1.5,"['https://pap.georgia.gov/press-releases/2013-11-01/governor-deal-announces-leadership-appointments-braxton-cotton-parole#main-content', 'https://pap.georgia.gov/press-releases/2013-11-01/governor-deal-announces-leadership-appointments-braxton-cotton-parole']",['here'],Letter,0.2230340540409088
download,https://pap.georgia.gov/document/document/appointments/download,199.4KB,199.4384765625,2013-06-24 13:01:09,,,,2013-06-24 12:02:06,Adobe PDF Scan Library 3.2,1,0,1,PDF 1.3,"['https://pap.georgia.gov/press-releases/2013-07-02/parole-board-host-victims-upcoming-gwinnett-county-meeting#main-content', 'https://pap.georgia.gov/press-releases/2013-07-02/parole-board-host-victims-upcoming-gwinnett-county-meeting']",['appointments'],Notice,0.4519693851470947
Scanned from a Xerox Multifunction Printer (84).pdf,https://pap.georgia.gov/document/document/proposed-amendment-br475-3-05stevehayespdf/download,9.1MB,9361.083984375,2023-05-02 15:05:08,lsmith,,,2023-05-02 15:05:08,Microsoft: Print To PDF,3,0,6,PDF 1.7,"['https://pap.georgia.gov/press-releases/2023-05-02/agency-rule', 'https://pap.georgia.gov/press-releases/2023-05-02/agency-rule#main-content']",['The\n \nPDF describing the changes is available here.'],Brochure,0.5731762647628784
download,https://pap.georgia.gov/document/document/presnellorderpdf/download,50.5KB,50.5322265625,,,,,2022-05-16 16:05:07,Xerox AltaLink C8135,1,0,5,PDF 1.4,['https://pap.georgia.gov/press-releases/2022-05-16/presnell-order'],['Access\n \nthe order.'],Form,0.3139282166957855
download,https://pap.georgia.gov/document/document/presnell-request-clemencypdf/download,1.5MB,1544.619140625,,,,,2022-05-13 11:03:02,Xerox AltaLink C8135,51,0,156,PDF 1.4,['https://pap.georgia.gov/press-releases/2022-05-13/clemency-request-virgil-presnell-jr'],['here'],Report,0.5268366932868958
download,https://pap.georgia.gov/document/document/here-3/download,1.4MB,1450.955078125,,,,,2015-03-03 18:01:09,Google,19,0,48,PDF 1.7,['https://pap.georgia.gov/press-releases/2015-03-03/second-gissendaner-clemency-application-available'],['here'],Slides,0.5904519557952881
download,https://pap.georgia.gov/document/document/gissendaner-application/download,1.7MB,1760.08984375,,,,,2015-02-23 12:02:02,Google,54,0,127,PDF 1.7,"['https://pap.georgia.gov/press-releases/2015-02-23/clemency-application-kelly-gissendaner-available', 'https://pap.georgia.gov/press-releases/2015-02-23/parole-board-declassifies-gissendaner-clemency-application']","['here', 'Gissendaner\n \nApplication']",Form,0.372744619846344
APPA 2022,https://www.appa-net.org/institutes/2022-Atlanta/files/Support-Letter-From-Parole.pdf,134.9KB,134.912109375,2022-01-05 08:04:05,,,,2022-01-05 08:04:05,Skia/PDF m99 Google Docs Renderer,1,0,1,PDF 1.4,['https://pap.georgia.gov/press-releases/2022-01-28/appa-winter-training-institute?fbclid=IwAR0n7NL6mcuFDr9TprHJAsdAM44TzCQMVxh8HJWY3Lr1OtL3lD2vRYaxd9Y'],['Chairman Barnard’s Welcome Letter'],Diagram,0.3349369168281555
