file_name,url,file_size,file_size_kilobytes,last_modified_date,author,subject,keywords,creation_date,producer,number_of_pages,number_of_tables,number_of_images,version,source,text_around_link,predicted_category,predicted_category_confidence
Rivers Alive Annual report 2024 ,https://riversalive.georgia.gov/document/document/rivers-alive-annual-report-2024/download,4.6MB,4751.4638671875,2025-04-28 19:05:07,Emily Skibinski,,"DAGetjSgJ0I,BAFUrCgri68,0",2025-04-28 19:05:07,Canva,12,3,15,PDF 1.4,"['https://riversalive.georgia.gov/about-rivers-alive/annual-reports#main-content', 'https://riversalive.georgia.gov/about-rivers-alive/annual-reports']",['2024'],Report,0.9902807474136353
RA 2024 Annual Report,https://riversalive.georgia.gov/document/document/rivers-alive-2023-annual-report/download,21.8MB,22352.890625,2024-04-17 16:04:07,Michaela Collins,,"DAGBXjlC-1g,BAF9o7vpuiA",2024-04-17 16:04:07,Canva,12,0,31,PDF 1.4,"['https://riversalive.georgia.gov/about-rivers-alive/annual-reports#main-content', 'https://riversalive.georgia.gov/about-rivers-alive/annual-reports']",['2023'],Report,0.990659773349762
Rivers Alive Annual Report 2022,https://riversalive.georgia.gov/document/document/2022-annual-report/download,18.2MB,18609.1826171875,2023-04-21 17:05:06,Gretalyn Donato,,"DAFfEAedGZQ,BAFI1bprhN8",2023-04-21 21:05:05,Canva,12,0,12,PDF 1.4,"['https://riversalive.georgia.gov/about-rivers-alive/annual-reports#main-content', 'https://riversalive.georgia.gov/about-rivers-alive/annual-reports']",['2022'],Report,0.990659773349762
download,https://riversalive.georgia.gov/document/document/2021-annual-report/download,9.1MB,9350.724609375,2022-04-11 12:05:03,,,,2022-04-11 12:05:01,Adobe PDF Library 16.0.7,12,7,26,PDF 1.7,"['https://riversalive.georgia.gov/about-rivers-alive/annual-reports#main-content', 'https://riversalive.georgia.gov/about-rivers-alive/annual-reports']",['2021'],Report,0.8697641491889954
download,https://riversalive.georgia.gov/document/document/2020-annual-reportpdf/download,5.9MB,6062.755859375,2021-08-18 09:04:08,,,,2021-08-18 09:04:08,Adobe PDF Library 15.0,12,0,55,PDF 1.4,"['https://riversalive.georgia.gov/about-rivers-alive/annual-reports#main-content', 'https://riversalive.georgia.gov/about-rivers-alive/annual-reports']",['2020'],Report,0.8767462968826294
download,https://riversalive.georgia.gov/document/document/annualreportdraft73020pdf/download,15.4MB,15743.205078125,2020-07-30 15:00:07,,,,2020-07-30 15:00:07,Adobe PDF Library 15.0,12,23,49,PDF 1.4,"['https://riversalive.georgia.gov/about-rivers-alive/annual-reports#main-content', 'https://riversalive.georgia.gov/about-rivers-alive/annual-reports']",['2019'],Report,0.8913694024085999
download,https://riversalive.georgia.gov/document/document/2018/download,3.4MB,3530.1826171875,2019-06-25 11:02:06,"Yazbak, Lina",,,2019-06-03 08:02:01,Microsoft® Publisher 2010,12,0,38,PDF 1.5,"['https://riversalive.georgia.gov/about-rivers-alive/annual-reports#main-content', 'https://riversalive.georgia.gov/about-rivers-alive/annual-reports']",['2018'],Report,0.8587855100631714
download,https://riversalive.georgia.gov/document/document/2017/download,16.4MB,16748.9921875,2018-05-22 12:02:01,,,,2018-05-22 12:02:01,Adobe PDF Library 9.0,12,0,12,PDF 1.4,"['https://riversalive.georgia.gov/about-rivers-alive/annual-reports#main-content', 'https://riversalive.georgia.gov/about-rivers-alive/annual-reports']",['2017'],Report,0.8913694024085999
download,https://riversalive.georgia.gov/document/document/2016/download,20.5MB,20997.3681640625,2017-04-05 14:04:03,,,,2017-04-05 14:04:03,Adobe PDF Library 9.0,6,0,6,PDF 1.4,"['https://riversalive.georgia.gov/about-rivers-alive/annual-reports#main-content', 'https://riversalive.georgia.gov/about-rivers-alive/annual-reports']",['2016'],Report,0.4656951129436493
download,https://riversalive.georgia.gov/document/publication/ra15reportwebpdf/download,10.7MB,10913.30078125,2016-04-05 09:00:02,,,,2016-04-05 09:00:00,Adobe PDF Library 9.0,6,0,6,PDF 1.4,"['https://riversalive.georgia.gov/about-rivers-alive/annual-reports#main-content', 'https://riversalive.georgia.gov/about-rivers-alive/annual-reports']",['2015'],Report,0.41002166271209717
download,https://riversalive.georgia.gov/document/document/2014/download,26.9MB,27514.80859375,2015-04-13 10:03:08,,,,2015-04-13 10:03:06,Adobe PDF Library 9.0,6,0,17,PDF 1.4,"['https://riversalive.georgia.gov/about-rivers-alive/annual-reports#main-content', 'https://riversalive.georgia.gov/about-rivers-alive/annual-reports']",['2014'],Report,0.4656951129436493
download,https://riversalive.georgia.gov/document/document/2013/download,18.6MB,19075.3291015625,2014-04-07 15:00:03,,,,2014-04-07 15:00:02,Adobe PDF Library 9.0,6,0,6,PDF 1.4,"['https://riversalive.georgia.gov/about-rivers-alive/annual-reports#main-content', 'https://riversalive.georgia.gov/about-rivers-alive/annual-reports']",['2013'],Report,0.4656951129436493
download,https://riversalive.georgia.gov/document/document/2012/download,8.2MB,8375.572265625,2013-03-21 15:02:00,,,,2013-03-21 14:04:06,Adobe PDF Library 10.0.1,12,0,12,PDF 1.4,"['https://riversalive.georgia.gov/about-rivers-alive/annual-reports#main-content', 'https://riversalive.georgia.gov/about-rivers-alive/annual-reports']",['2012'],Report,0.8742064237594604
download,https://riversalive.georgia.gov/document/tools-organizing/volunteer-tally-form/download,155.7KB,155.732421875,2017-12-20 09:04:06,chopkins,,,2017-12-20 09:04:06,Microsoft® Publisher 2010,1,0,1,PDF 1.5,"['https://riversalive.georgia.gov/organize-cleanup-0#main-content', 'https://riversalive.georgia.gov/cleanup-tally-forms-organizer-and-volunteer', 'https://riversalive.georgia.gov/cleanup-tally-forms-organizer-and-volunteer#main-content', 'https://riversalive.georgia.gov/organize-cleanup-0']","['Volunteer\n \nTally Form', 'Volunteer\xa0Tally Form']",Form,0.8718489408493042
RiversAliveDataForm.2014Coordinator,https://riversalive.georgia.gov/document/document/cleanup-organizer-tally-form/download,102.8KB,102.7548828125,2014-08-27 15:04:02,cHopkins,,,2014-08-27 15:04:02,GPL Ghostscript 8.71,2,4,0,PDF 1.4,"['https://riversalive.georgia.gov/organize-cleanup-0#main-content', 'https://riversalive.georgia.gov/organize-cleanup-0']",['Organizer\n \nTally Form'],Form,0.5319125056266785
Rivers Alive,https://riversalive.georgia.gov/document/document/sign-and-waiver-combinedenglishpdf/download,155.8KB,155.7568359375,2020-12-07 15:02:08,KZarneke,,,2020-12-07 15:02:03,Adobe PDF Library 20.13.98,2,1,0,PDF 1.6,"['https://riversalive.georgia.gov/organize-cleanup-0#main-content', 'https://riversalive.georgia.gov/organize-cleanup-0/forms-and-documents', 'https://riversalive.georgia.gov/organize-cleanup-0', 'https://riversalive.georgia.gov/organize-cleanup-0/forms-and-documents#main-content']","['Waiver\xa0Form and Sign-in Sheet (English)', 'English']",Form,0.8761462569236755
Rivers Alive Sign-In Sheet,https://riversalive.georgia.gov/document/document/sign-and-waiver-combinedspanishpdf/download,154.1KB,154.1220703125,2020-12-07 15:02:08,KZarneke,,,2020-12-07 15:02:05,Adobe PDF Library 20.13.98,2,1,0,PDF 1.6,"['https://riversalive.georgia.gov/organize-cleanup-0#main-content', 'https://riversalive.georgia.gov/organize-cleanup-0']",['Spanish'],Brochure,0.305825799703598
download,https://riversalive.georgia.gov/document/promotion/rivers-alive-brochure/download,1.5MB,1566.689453125,2020-01-27 10:05:08,"Encinas, Jacqueline",,,2019-09-03 15:04:06,Microsoft® Publisher 2010,2,1,5,PDF 1.5,"['https://riversalive.georgia.gov/promotional-materials-0', 'https://riversalive.georgia.gov/promotional-materials-0#main-content']",['Rivers\xa0Alive Brochure'],Brochure,0.6580710411071777
download,https://riversalive.georgia.gov/document/document/rivers-alive-talking-points-2019/download,179.3KB,179.3330078125,2020-03-05 17:04:01,Cindy,,,2020-03-05 17:04:01,Microsoft® Word for Office 365,2,0,0,PDF 1.7,"['https://riversalive.georgia.gov/promotional-materials-0', 'https://riversalive.georgia.gov/promotional-materials-0#main-content']",['Rivers\xa0Alive Talking Points'],Brochure,0.496208131313324
download,https://riversalive.georgia.gov/document/promotion/rivers-alive-media-qa/download,112.8KB,112.759765625,2020-01-27 14:05:03,"Encinas, Jacqueline",,,2020-01-27 14:05:03,Microsoft® Word for Office 365,3,0,0,PDF 1.7,"['https://riversalive.georgia.gov/promotional-materials-0', 'https://riversalive.georgia.gov/promotional-materials-0#main-content']",['Rivers\xa0Alive Media Q&A'],Policy,0.3316452205181122
Kayakcleanupguide2012.docx,https://riversalive.georgia.gov/document/tools-organizing/kayak-cleanup-guide/download,38.3KB,38.29296875,,Owner,,,2012-07-31 10:00:06,pdfFactory 4.10 (Windows 7 Home Premium x86),6,2,0,PDF 1.4,"['https://riversalive.georgia.gov/organize-cleanup-0/additional-resources', 'https://riversalive.georgia.gov/getting-started/helpful-links', 'https://riversalive.georgia.gov/organize-cleanup-0/additional-resources#main-content', 'https://riversalive.georgia.gov/getting-started/helpful-links#main-content']",['Kayak\n \nand Canoe River Cleanup Guide'],Brochure,0.3772428035736084
Microsoft Word - Think Safety _aug 2010_.doc,https://riversalive.georgia.gov/document/tools-organizing/think-safety/download,38.3KB,38.322265625,2010-11-04 12:02:07,LAvery,,,2010-11-04 12:02:07,GPL Ghostscript 8.15,2,0,0,PDF 1.4,"['https://riversalive.georgia.gov/organize-cleanup-0/additional-resources', 'https://riversalive.georgia.gov/getting-started/helpful-links', 'https://riversalive.georgia.gov/organize-cleanup-0/additional-resources#main-content', 'https://riversalive.georgia.gov/getting-started/helpful-links#main-content']",['Safety\n \nTips'],Brochure,0.24350178241729736
Cleanup Event Checklist,https://riversalive.georgia.gov/document/tools-organizing/rivers-alive-event-checklist-0/download,180.0KB,180.0439453125,2019-09-03 15:04:00,LAvery,,,2019-09-03 15:04:00,Microsoft® Word 2010,2,0,0,PDF 1.5,"['https://riversalive.georgia.gov/organize-cleanup-0/additional-resources', 'https://riversalive.georgia.gov/getting-started/helpful-links', 'https://riversalive.georgia.gov/organize-cleanup-0/additional-resources#main-content', 'https://riversalive.georgia.gov/getting-started/helpful-links#main-content']",['Event\n \nChecklist'],Brochure,0.5581319332122803
Streams in the City: Educational Article for Middle School Students,https://www.epa.gov/sites/production/files/2016-01/documents/streams_city_article.pdf,1.0MB,1060.5166015625,2013-05-07 17:03:03,US EPA/OWOW/AWPD/Nonpoint Source Control Branch,Two-page article discussing flow characteristics of streams that flow through the city.,"water quality, runoff, sediment ,impervious, trash",2013-05-06 11:00:04,Adobe PDF Library 10.0.1,2,2,5,PDF 1.7,"['https://riversalive.georgia.gov/education-and-partnerships/education-and-partnerships/activities-and-information-general-public#main-content', 'https://riversalive.georgia.gov/education-and-partnerships/education-and-partnerships/activities-and-information-general-public']",['Streams in the City'],Brochure,0.3197588324546814
Stop Pointless Personal Pollution: Educational Article for Middle School Students,https://www.epa.gov/sites/production/files/2016-01/documents/stoppointless_article.pdf,618.8KB,618.841796875,2013-05-07 17:03:02,US EPA/OWOW/AWPD/Nonpoint Source Control Branch,Two-page article discussing how everyday chores around the house and yard can harm streams and lakes.,"yard, landscape, trash, oil, detergent, household chemicals",2013-04-11 16:04:05,Adobe PDF Library 10.0.1,2,2,3,PDF 1.7,"['https://riversalive.georgia.gov/education-and-partnerships/education-and-partnerships/activities-and-information-general-public#main-content', 'https://riversalive.georgia.gov/education-and-partnerships/education-and-partnerships/activities-and-information-general-public']",['Stop Pointless Personal Pollution'],Brochure,0.43618595600128174
download,https://riversalive.georgia.gov/document/document/14-river-basins-map/download,1.1MB,1100.041015625,2021-05-07 13:02:08,,,,2021-03-29 09:05:06,Adobe Photoshop for Windows -- Image Conversion Plug-in,1,0,1,PDF 1.4,"['https://riversalive.georgia.gov/education-and-partnerships/education-and-partnerships/activities-and-information-general-public#main-content', 'https://riversalive.georgia.gov/education-and-partnerships/education-and-partnerships/activities-and-information-general-public']","[""Georgia's\n \n14 River Basins Map""]",Diagram,0.47716599702835083
download,https://riversalive.georgia.gov/document/document/52-watersheds/download,6.4MB,6599.59375,2021-05-07 13:02:06,,,,2021-03-29 10:01:03,Adobe Photoshop for Windows -- Image Conversion Plug-in,1,0,1,PDF 1.4,"['https://riversalive.georgia.gov/education-and-partnerships/education-and-partnerships/activities-and-information-general-public#main-content', 'https://riversalive.georgia.gov/education-and-partnerships/education-and-partnerships/activities-and-information-general-public']","[""Georgia's\n \n52 Large Watersheds Map""]",Diagram,0.6755995154380798
download,https://riversalive.georgia.gov/document/publication/2019-rivers-alive-sponsorship-registration-formpdf/download,115.5KB,115.4873046875,2018-12-19 09:02:02,"Presnell, Toni",,,2018-12-19 09:02:02,Microsoft® Word 2010,1,0,1,PDF 1.5,"['https://riversalive.georgia.gov/sponsorship-0#main-content', 'https://riversalive.georgia.gov/sponsorship', 'https://riversalive.georgia.gov/sponsorship-0', 'https://riversalive.georgia.gov/sponsorship#main-content']","['Sponsorship\n \nRegistration Form', 'Download the form']",Form,0.678726315498352
GETTING STARTED,https://riversalive.georgia.gov/document/publication/general-guide-designed-walk-you-through-process-organizing-successful-rivers/download,934.4KB,934.359375,2017-11-07 13:00:05,LAvery,,,2017-11-07 13:00:05,Microsoft® Word 2010,30,3,5,PDF 1.5,"['https://riversalive.georgia.gov/rivers-alive-organizers-guide', 'https://riversalive.georgia.gov/rivers-alive-organizers-guide#main-content']",['A\xa0general guide designed to walk you through the process of organizing a successful Rivers Alive event.'],Slides,0.37769615650177
download,https://riversalive.georgia.gov/document/tools-organizing/organizer-tally-form/download,158.8KB,158.833984375,2017-12-20 09:04:04,chopkins,,,2017-12-20 09:04:04,Microsoft® Publisher 2010,2,4,2,PDF 1.5,"['https://riversalive.georgia.gov/cleanup-tally-forms-organizer-and-volunteer', 'https://riversalive.georgia.gov/cleanup-tally-forms-organizer-and-volunteer#main-content']",['Organizer\xa0Tally Form'],Form,0.9038265943527222
Georgia Department of Natural Resources,https://riversalive.georgia.gov/document/document/2021-press-release-local/download,125.6KB,125.623046875,2021-08-30 14:05:06,DNR,,,2021-08-30 14:05:06,Microsoft® Word for Microsoft 365,1,0,1,PDF 1.7,"['https://riversalive.georgia.gov/state-and-local-press-releases#main-content', 'https://riversalive.georgia.gov/state-and-local-press-releases']",['2021\xa0Press Release Local'],Letter,0.2424047738313675
Georgia Department of Natural Resources,https://riversalive.georgia.gov/document/document/2021-press-release-state/download,120.0KB,119.9990234375,2021-08-30 14:05:05,DNR,,,2021-08-30 14:05:05,Microsoft® Word for Microsoft 365,1,0,1,PDF 1.7,"['https://riversalive.georgia.gov/state-and-local-press-releases#main-content', 'https://riversalive.georgia.gov/state-and-local-press-releases']",['2021\xa0Press Release State'],Letter,0.23874184489250183
RA Promotional Poster 2023,https://riversalive.georgia.gov/document/document/2023-promotional-poster-spanish/download,767.8KB,767.7529296875,2023-08-29 09:03:03,Gretalyn Donato,,"DAFkapjyX6I,BAFUrCgri68",2023-08-29 13:03:01,Canva,1,0,1,PDF 1.4,"['https://riversalive.georgia.gov/rivers-alive-promotional-posters#main-content', 'https://riversalive.georgia.gov/rivers-alive-promotional-posters']",['2023\xa0Promotional Poster Spanish'],Diagram,0.3530157208442688
RA Promotional Poster 2023,https://riversalive.georgia.gov/document/document/2023-promotional-poster-english/download,781.1KB,781.0830078125,2023-08-29 09:03:04,Gretalyn Donato,,"DAFkapjyX6I,BAFUrCgri68",2023-08-29 13:03:01,Canva,1,0,1,PDF 1.4,"['https://riversalive.georgia.gov/rivers-alive-promotional-posters#main-content', 'https://riversalive.georgia.gov/rivers-alive-promotional-posters']",['2023\xa0Promotional Poster English'],Diagram,0.3057003915309906
