file_name,url,file_size,file_size_kilobytes,last_modified_date,author,subject,keywords,creation_date,producer,number_of_pages,number_of_tables,number_of_images,version,source,text_around_link,predicted_category,predicted_category_confidence
Microsoft Word - App Info Sheet,https://scc.georgia.gov/document/form/membership-application-packet-0/download,1.6MB,1589.197265625,2025-05-06 13:04:08,aarmstrong,,,2020-09-24 11:01:02,Microsoft: Print To PDF,3,2,3,PDF 1.7,"['https://scc.georgia.gov/join-fund', 'https://scc.georgia.gov/join-fund#main-content']",['Membership\xa0Application Packet'],Form,0.7591410279273987
download,https://scc.georgia.gov/document/form/ach-form/download,164.5KB,164.5244140625,2021-08-26 11:00:09,Aleah Armstrong,,,2020-09-22 13:00:04,Adobe PDF Library 20.12.75,1,0,0,PDF 1.6,"['https://scc.georgia.gov/join-fund/dues-information', 'https://scc.georgia.gov/join-fund/dues-information#main-content']","['ACH\xa0Form', 'Automatic\n \nWithdrawal Authorization form']",Form,0.523547887802124
download,https://scc.georgia.gov/document/form/payroll-deduction-form/download,187.4KB,187.37890625,2021-08-26 11:01:02,Aleah armstrong,,,2020-09-22 13:00:06,Adobe PDF Library 20.12.75,1,0,0,PDF 1.6,"['https://scc.georgia.gov/join-fund/dues-information', 'https://scc.georgia.gov/join-fund/dues-information#main-content']","['Payroll\n \nDeduction Form', 'Payroll\xa0Deduction Form']",Form,0.6186157464981079
Microsoft Word - Refund Request Form,https://scc.georgia.gov/document/form/refund-request/download,769.3KB,769.2880859375,2021-08-27 12:05:09,aarmstrong,,,2020-09-25 11:00:00,Microsoft: Print To PDF,1,0,0,PDF 1.7,"['https://scc.georgia.gov/join-fund/dues-information', 'https://scc.georgia.gov/join-fund/dues-information#main-content']","['Refund\xa0Request', 'Refund\n \nRequest form']",Form,0.9630548357963562
Microsoft Word - SSCRF Beneficiary Change Form,https://scc.georgia.gov/document/form/beneficiary-designation/download,698.0KB,698.0390625,2021-08-26 11:01:00,aarmstrong,,,2020-09-24 11:01:04,Microsoft: Print To PDF,1,0,0,PDF 1.7,"['https://scc.georgia.gov/benefits/active-member-benefits', 'https://scc.georgia.gov/benefits/active-member-benefits#main-content']",['Beneficiary\n \nDeclaration Form'],Form,0.9601879119873047
Fillable Clerk Remittance.xlsx,https://scc.georgia.gov/document/form/monthly-remittance-form/download,103.1KB,103.109375,2024-01-05 14:00:02,gjones,,,2024-01-05 14:00:02,Acrobat Distiller 23.0 (Windows),1,0,0,PDF 1.6,"['https://scc.georgia.gov/courts-only#main-content', 'https://scc.georgia.gov/courts-only']",['SCCRF\xa0Monthly Remittance Report - PDF Version'],Report,0.8911532163619995
Microsoft Word - 5-1-25 Agenda,https://scc.georgia.gov/document/agenda/agenda-05012025/download,430.6KB,430.61328125,2025-04-28 09:03:00,Jebby Votaw,,,2025-04-28 09:03:00,Microsoft: Print To PDF,1,0,0,PDF 1.7,"['https://scc.georgia.gov/organization/about-us/board-meetings#main-content', 'https://scc.georgia.gov/organization/about-us/board-meetings']",['Agenda\xa005/01/2025'],Agenda,0.9462248682975769
download,https://scc.georgia.gov/document/2024-minutes/minutes-08012024/download,2.1MB,2201.1513671875,,,,,2024-11-07 14:03:01,,3,0,3,PDF 1.3,"['https://scc.georgia.gov/organization/about-us/board-meetings#main-content', 'https://scc.georgia.gov/past-board-meeting-minutes#main-content', 'https://scc.georgia.gov/past-board-meeting-minutes', 'https://scc.georgia.gov/organization/about-us/board-meetings']",['Minutes\xa008/01/2024'],Policy,0.25028184056282043
download,https://scc.georgia.gov/document/2024-minutes/minutes-11072024/download,2.4MB,2488.453125,,,,,2025-02-06 12:04:06,,3,0,3,PDF 1.3,"['https://scc.georgia.gov/organization/about-us/board-meetings#main-content', 'https://scc.georgia.gov/past-board-meeting-minutes#main-content', 'https://scc.georgia.gov/past-board-meeting-minutes', 'https://scc.georgia.gov/organization/about-us/board-meetings']",['Minutes\xa011/07/2024'],Policy,0.22905117273330688
download,https://scc.georgia.gov/document/2024-minutes/minutes-05022024/download,2.1MB,2178.8583984375,,,,,2024-08-01 14:04:08,,3,0,3,PDF 1.3,"['https://scc.georgia.gov/organization/about-us/board-meetings#main-content', 'https://scc.georgia.gov/past-board-meeting-minutes#main-content', 'https://scc.georgia.gov/past-board-meeting-minutes', 'https://scc.georgia.gov/organization/about-us/board-meetings']",['Minutes\xa005/02/2024'],Policy,0.25028184056282043
download,https://scc.georgia.gov/document/2024-minutes/minutes-02012024/download,893.9KB,893.8779296875,,,,,2024-05-02 11:05:09,,3,0,3,PDF 1.3,"['https://scc.georgia.gov/organization/about-us/board-meetings#main-content', 'https://scc.georgia.gov/past-board-meeting-minutes#main-content', 'https://scc.georgia.gov/past-board-meeting-minutes', 'https://scc.georgia.gov/organization/about-us/board-meetings']",['Minutes\xa002/01/2024'],Notice,0.23929031193256378
SCCRF  2024 Annual Report,https://scc.georgia.gov/document/2024-financial-statements/fy-2024-annual-report/download,6.1MB,6254.166015625,2024-11-21 15:03:05,Aleah Armstrong,,"DAGSWwGdgCM,BADxChs68nY",2024-11-21 15:03:05,Canva,15,2,18,PDF 1.4,"['https://scc.georgia.gov/organization/about-us/financial-statements#main-content', 'https://scc.georgia.gov/organization/about-us/financial-statements']",['FY\xa02024 Annual Report'],Report,0.9827573895454407
A95mwf6o_l9kv6f_hmo.tmp,https://scc.georgia.gov/document/2023-financial-statements/fye-2023-audit-report/download,761.5KB,761.48828125,2024-07-25 15:00:03,DOAA,,,2024-07-23 12:03:07,Acrobat Distiller 24.0 (Windows),34,0,5,PDF 1.6,"['https://scc.georgia.gov/organization/about-us/financial-statements#main-content', 'https://scc.georgia.gov/organization/about-us/financial-statements']",['FYE\xa02023 Audit Report'],Report,0.9586289525032043
A9oatmia_xqrjbu_ro.tmp,https://scc.georgia.gov/document/2023-financial-statements/fye-2023-gasb-audit-report/download,591.4KB,591.40625,2024-07-23 12:04:05,Catherine Greene,,,2024-07-23 12:04:04,Acrobat Distiller 24.0 (Windows),20,0,4,PDF 1.6,"['https://scc.georgia.gov/organization/about-us/financial-statements#main-content', 'https://scc.georgia.gov/organization/about-us/financial-statements']",['FYE\xa02023 GASB Audit Report'],Report,0.9288713932037354
SCC - 2023 Annual Report Cover,https://scc.georgia.gov/document/2023-financial-statements/2023-annual-report/download,14.4MB,14703.1025390625,2023-09-12 15:00:08,Aleah Armstrong,,"DAFlupDS_0s,BADxChs68nY",2023-09-12 15:00:08,Canva,12,3,22,PDF 1.4,"['https://scc.georgia.gov/news/2023-10-16/2023-annual-report', 'https://scc.georgia.gov/organization/about-us/financial-statements#main-content', 'https://scc.georgia.gov/news/2023-10-16/2023-annual-report#main-content', 'https://scc.georgia.gov/organization/about-us/financial-statements']","['FY\xa02023\n \nAnnual Report', '2023\xa0Annual Report']",Report,0.9808861613273621
download,https://scc.georgia.gov/document/2022-financial-statements/fy2022-audit-report/download,540.1KB,540.05078125,2023-06-20 13:00:06,DOAA,,,2023-06-20 12:00:07,Adobe Acrobat Pro (32-bit) 23.1.20174,34,1,5,PDF 1.7,"['https://scc.georgia.gov/organization/about-us/financial-statements#main-content', 'https://scc.georgia.gov/organization/about-us/financial-statements']",['FY2022\xa0Audit Report'],Report,0.9585515856742859
download,https://scc.georgia.gov/document/2022-financial-statements/fy2022-gasb-schedule/download,1.6MB,1640.208984375,2023-06-21 09:04:04,Catherine Greene,,,2023-06-20 12:00:01,Adobe Acrobat Pro (32-bit) 23.1.20174,19,0,4,PDF 1.7,"['https://scc.georgia.gov/organization/about-us/financial-statements#main-content', 'https://scc.georgia.gov/organization/about-us/financial-statements']",['FY2022\xa0GASB Schedule'],Slides,0.6279879808425903
download,https://scc.georgia.gov/document/2022-financial-statements/sccrf-2022-annual-report/download,381.7KB,381.734375,2022-11-04 08:03:07,Brandt Barlow,,,2022-10-17 13:04:06,Adobe PDF Library 22.3.34,5,2,8,PDF 1.6,"['https://scc.georgia.gov/organization/about-us/financial-statements#main-content', 'https://scc.georgia.gov/organization/about-us/financial-statements']",['SCCRF\xa02022 Annual Report'],Report,0.9629350900650024
download,https://scc.georgia.gov/document/2021-financial-statements/fy2021-audit-report/download,682.2KB,682.1904296875,,,,,2022-05-19 10:03:05,PDFium,39,1,5,PDF 1.7,"['https://scc.georgia.gov/organization/about-us/financial-statements#main-content', 'https://scc.georgia.gov/organization/about-us/financial-statements']",['FY2021\xa0Audit Report'],Report,0.9722586870193481
download,https://scc.georgia.gov/document/2021-financial-statements/fy2021-gasb-schedule/download,661.2KB,661.2421875,,,,,2022-05-19 10:03:02,PDFium,18,1,4,PDF 1.7,"['https://scc.georgia.gov/organization/about-us/financial-statements#main-content', 'https://scc.georgia.gov/organization/about-us/financial-statements']",['FY2021\xa0GASB Schedule'],Slides,0.3869718611240387
Microsoft Word - Superior Court Clerk's Retirement Fund of Georgia Financial Statements FY 2020,https://scc.georgia.gov/document/2020-financial-statements/fy2020-audit-report/download,703.2KB,703.25,2021-08-12 10:05:06,delvallen,,,2021-08-12 10:05:05,Acrobat Distiller 21.0 (Windows),32,0,3,PDF 1.6,"['https://scc.georgia.gov/organization/about-us/financial-statements#main-content', 'https://scc.georgia.gov/organization/about-us/financial-statements']",['FY2020\xa0Audit Report'],Report,0.9483018517494202
Microsoft Word - SCC 2020 GASB 68,https://scc.georgia.gov/document/2020-financial-statements/fy2020-gasb68-schedule/download,320.3KB,320.25390625,2021-08-11 10:00:05,delvallen,,,2021-08-11 10:00:01,Acrobat Distiller 21.0 (Windows),18,0,1,PDF 1.6,"['https://scc.georgia.gov/organization/about-us/financial-statements#main-content', 'https://scc.georgia.gov/organization/about-us/financial-statements']",['FY2020\xa0GASB68 Schedule'],Report,0.30807703733444214
download,https://scc.georgia.gov/document/2019-financial-statements/fy2019-audit-report-gasb68-schedule/download,14.8MB,15151.724609375,2020-06-30 09:04:07,,,,2020-06-25 16:04:07,GdPicture Managed PDF Plugin Ver. 3.10025,40,0,40,PDF 1.5,"['https://scc.georgia.gov/organization/about-us/financial-statements#main-content', 'https://scc.georgia.gov/organization/about-us/financial-statements']",['FY2019\xa0Audit Report with GASB68 Schedule'],Report,0.9700984358787537
download,https://scc.georgia.gov/document/2018-financial-statements/fy2018-audit-report-gasb68-schedule/download,16.2MB,16538.767578125,2019-07-25 13:01:05,,,,2019-05-09 14:00:09,GdPicture Managed PDF Plugin Ver. 3.10025,40,0,40,PDF 1.5,"['https://scc.georgia.gov/organization/about-us/financial-statements#main-content', 'https://scc.georgia.gov/organization/about-us/financial-statements']",['FY2018\xa0Audit Report with GASB68 Schedule'],Report,0.9700984358787537
download,https://scc.georgia.gov/document/2017-financial-statements/fy2017-audit-report-gasb68-schedule/download,14.4MB,14709.1884765625,2018-11-14 09:00:08,,,,2018-09-25 13:04:00,GdPicture Managed PDF Plugin Ver. 3.10025,39,0,39,PDF 1.5,"['https://scc.georgia.gov/organization/about-us/financial-statements#main-content', 'https://scc.georgia.gov/organization/about-us/financial-statements']",['FY2017\xa0Audit Report with GASB68 Schedule'],Report,0.9632672667503357
Superior Court Clerks' Retirement Fund of Georgia Fiscal Year 2016 Audit Report,https://scc.georgia.gov/document/2016-financial-statements/fy2016-audit-report/download,2.2MB,2240.3544921875,2017-07-27 07:04:09,DOAA,CPA Audit Report,"financial, audit, report, other, independent, auditors, superior, court, clerks', retirement, fund, Georgia, component, unit, fiscal, year, 2016",2017-07-25 08:02:09,Adobe Acrobat Pro 11.0.19 Paper Capture Plug-in,40,0,40,PDF 1.6,"['https://scc.georgia.gov/organization/about-us/financial-statements#main-content', 'https://scc.georgia.gov/organization/about-us/financial-statements']",['FY2016\xa0Audit Report'],Report,0.9777820110321045
download,https://scc.georgia.gov/document/2015-financial-statements/fy2015-audit-report/download,1.8MB,1794.2080078125,,,,,2021-03-08 14:01:08, ,41,0,41,PDF 1.3,"['https://scc.georgia.gov/organization/about-us/financial-statements#main-content', 'https://scc.georgia.gov/organization/about-us/financial-statements']",['FY2015\xa0Audit Report'],Report,0.9728870987892151
download,https://scc.georgia.gov/document/2014-financial-statements/fy2014-audit-report/download,1.3MB,1360.5166015625,,,,,2021-03-08 14:01:07, ,32,0,32,PDF 1.3,"['https://scc.georgia.gov/organization/about-us/financial-statements#main-content', 'https://scc.georgia.gov/organization/about-us/financial-statements']",['FY2014\xa0Audit Report'],Report,0.9484190344810486
download,https://scc.georgia.gov/document/2013-financial-statements/fy2013-audit-report/download,1.1MB,1113.0498046875,,,,,2021-03-08 09:04:07, ,26,0,26,PDF 1.3,"['https://scc.georgia.gov/organization/about-us/financial-statements#main-content', 'https://scc.georgia.gov/organization/about-us/financial-statements']",['FY2013\xa0Audit Report'],Report,0.9415561556816101
download,https://scc.georgia.gov/document/2012-financial-statements/fy2012-audit-report/download,1.1MB,1155.189453125,,,,,2021-03-08 14:01:06, ,26,0,26,PDF 1.3,"['https://scc.georgia.gov/organization/about-us/financial-statements#main-content', 'https://scc.georgia.gov/organization/about-us/financial-statements']",['FY2012\xa0Audit Report'],Report,0.9401189684867859
download,https://scc.georgia.gov/document/form/contact-info-form/download,161.1KB,161.1142578125,2023-01-11 14:01:04,Aleah Armstrong,,,2023-01-11 14:01:04,Adobe PDF Library 22.3.58,1,0,0,PDF 1.6,"['https://scc.georgia.gov/benefits/retirement-benefit/retiree-account-changes#main-content', 'https://scc.georgia.gov/benefits/retirement-benefit/retiree-account-changes']","['Contact\xa0Info Form', 'Contact\n \nInformation Change Request Form']",Form,0.5334043502807617
Microsoft Word - Income Tax Withholding Declaration,https://scc.georgia.gov/document/form/income-tax-form/download,994.3KB,994.310546875,2021-08-26 11:01:07,aarmstrong,,,2020-09-23 09:03:09,Microsoft: Print To PDF,1,1,0,PDF 1.7,"['https://scc.georgia.gov/news/2023-06-08/cola-effective-7123#main-content', 'https://scc.georgia.gov/benefits/retirement-benefit/retiree-account-changes', 'https://scc.georgia.gov/news/2024-06-04/cola-effective-7124#main-content', 'https://scc.georgia.gov/news/2023-06-08/cola-effective-7123', 'https://scc.georgia.gov/benefits/retirement-benefit/retiree-account-changes#main-content', 'https://scc.georgia.gov/news/2024-06-04/cola-effective-7124']","['Income\n \nTax Withholding Declaration Form', 'Income\xa0Tax Declaration Form', 'Income\n \nTax Withholding Form']",Form,0.6884743571281433
Microsoft Word - DD Form,https://scc.georgia.gov/document/form/direct-deposit-form/download,763.9KB,763.8564453125,2021-08-26 11:01:05,aarmstrong,,,2020-09-23 09:03:09,Microsoft: Print To PDF,1,0,0,PDF 1.7,"['https://scc.georgia.gov/benefits/retirement-benefit/retiree-account-changes#main-content', 'https://scc.georgia.gov/benefits/retirement-benefit/retiree-account-changes']","['Direct\xa0Deposit Form', 'Direct\n \nDeposit Form']",Form,0.9601883888244629
download,https://scc.georgia.gov/document/2023-minutes/minutes-11022023/download,743.8KB,743.76953125,2024-02-02 14:00:05,,,,2024-02-02 10:04:03,,3,0,3,PDF 1.3,"['https://scc.georgia.gov/past-board-meeting-minutes#main-content', 'https://scc.georgia.gov/past-board-meeting-minutes']",['Minutes\xa011/02/2023'],Brochure,0.5643492937088013
download,https://scc.georgia.gov/document/2023-minutes/minutes-08032023/download,650.8KB,650.8427734375,2023-11-09 09:03:03,,,,2023-11-03 11:02:03,,3,0,3,PDF 1.3,"['https://scc.georgia.gov/past-board-meeting-minutes#main-content', 'https://scc.georgia.gov/past-board-meeting-minutes']",['Minutes\xa008/03/2023'],Brochure,0.5471437573432922
download,https://scc.georgia.gov/document/2023-minutes/minutes-05042023/download,905.1KB,905.0859375,,,,,2023-08-07 07:04:04,,3,0,3,PDF 1.3,"['https://scc.georgia.gov/past-board-meeting-minutes#main-content', 'https://scc.georgia.gov/past-board-meeting-minutes']",['Minutes\xa005/04/2023'],Brochure,0.5764629244804382
download,https://scc.georgia.gov/document/2023-minutes/minutes-02022023/download,624.0KB,624.01171875,2023-05-08 14:03:00,,,,2023-05-08 14:00:06,,2,0,2,PDF 1.3,"['https://scc.georgia.gov/past-board-meeting-minutes#main-content', 'https://scc.georgia.gov/past-board-meeting-minutes']",['Minutes\xa002/02/2023'],Brochure,0.6026259660720825
Full page photo,https://scc.georgia.gov/document/2022-minutes/minutes-02032022/download,2.2MB,2278.5361328125,2022-05-05 15:03:03,jvotaw,,,2022-05-05 15:03:03,Microsoft: Print To PDF,3,0,21,PDF 1.7,"['https://scc.georgia.gov/past-board-meeting-minutes#main-content', 'https://scc.georgia.gov/past-board-meeting-minutes']",['Minutes\xa002/03/2022'],Brochure,0.42080068588256836
download,https://scc.georgia.gov/document/2022-minutes/minutes-05052022/download,921.2KB,921.169921875,,,,,2022-08-04 15:03:01,,3,0,3,PDF 1.3,"['https://scc.georgia.gov/past-board-meeting-minutes#main-content', 'https://scc.georgia.gov/past-board-meeting-minutes']",['Minutes\xa005/05/2022'],Brochure,0.5764629244804382
download,https://scc.georgia.gov/document/2022-minutes/minutes-08042022/download,1.0MB,1031.2841796875,2022-11-04 08:03:07,,,,2022-11-03 14:05:08,,3,0,3,PDF 1.3,"['https://scc.georgia.gov/past-board-meeting-minutes#main-content', 'https://scc.georgia.gov/past-board-meeting-minutes']",['Minutes\xa008/04/2022'],Brochure,0.6059291958808899
download,https://scc.georgia.gov/document/2022-minutes/minutes-11032022/download,731.1KB,731.05859375,2023-05-04 08:01:09,,,,2023-05-03 09:01:03,,3,0,3,PDF 1.3,"['https://scc.georgia.gov/past-board-meeting-minutes#main-content', 'https://scc.georgia.gov/past-board-meeting-minutes']",['Minutes\xa011/03/2022'],Brochure,0.5643424391746521
download,https://scc.georgia.gov/document/2021-minutes/minutes-02042021/download,57.9KB,57.916015625,2021-05-10 14:42:33,,,,2021-05-10 14:42:33,,3,0,3,PDF 1.5,"['https://scc.georgia.gov/past-board-meeting-minutes#main-content', 'https://scc.georgia.gov/past-board-meeting-minutes']",['Minutes\xa002/04/2021'],Form,0.28346318006515503
download,https://scc.georgia.gov/document/2021-minutes/minutes-05062021/download,404.8KB,404.80859375,2021-08-05 18:58:10,,,,2021-08-05 18:58:10,,4,0,4,PDF 1.5,"['https://scc.georgia.gov/past-board-meeting-minutes#main-content', 'https://scc.georgia.gov/past-board-meeting-minutes']",['Minutes\xa005/06/2021'],Brochure,0.5071815848350525
download,https://scc.georgia.gov/document/2021-minutes/minutes-08052021/download,205.3KB,205.2509765625,2021-11-05 13:19:20,,,,2021-11-05 13:19:20,,3,0,3,PDF 1.5,"['https://scc.georgia.gov/past-board-meeting-minutes#main-content', 'https://scc.georgia.gov/past-board-meeting-minutes']",['Minutes\xa008/05/2021'],Brochure,0.4489562213420868
download,https://scc.georgia.gov/document/2020-minutes/minutes-05072020/download,537.3KB,537.3173828125,2020-08-10 17:32:50,,,,2020-08-10 17:32:50,,3,0,3,PDF 1.5,"['https://scc.georgia.gov/past-board-meeting-minutes#main-content', 'https://scc.georgia.gov/past-board-meeting-minutes']",['Minutes\xa005/07/2020'],Brochure,0.5715348124504089
download,https://scc.georgia.gov/document/2020-minutes/minutes-08062020/download,48.1KB,48.080078125,2020-11-06 14:07:50,,,,2020-11-06 14:07:50,,2,0,2,PDF 1.5,"['https://scc.georgia.gov/past-board-meeting-minutes#main-content', 'https://scc.georgia.gov/past-board-meeting-minutes']",['Minutes\xa008/06/2020'],Policy,0.25352731347084045
download,https://scc.georgia.gov/document/2020-minutes/minutes-11052020/download,379.3KB,379.326171875,2021-02-04 18:52:03,,,,2021-02-04 18:52:03,,3,0,3,PDF 1.5,"['https://scc.georgia.gov/past-board-meeting-minutes#main-content', 'https://scc.georgia.gov/past-board-meeting-minutes']",['Minutes\xa011/05/2020'],Brochure,0.5182329416275024
Fortis-S4D9AB9E.MAG,https://scc.georgia.gov/document/2019-minutes/minutes-08012019/download,174.8KB,174.779296875,2019-10-31 14:03:06,Judy,,,2019-10-31 14:03:06,Acrobat Distiller 19.0 (Windows),2,0,2,PDF 1.6,"['https://scc.georgia.gov/past-board-meeting-minutes#main-content', 'https://scc.georgia.gov/past-board-meeting-minutes']",['Minutes\xa008/01/2019'],Brochure,0.4274381101131439
download,https://scc.georgia.gov/document/2019-minutes/minutes-10302019/download,221.3KB,221.318359375,2020-02-07 18:21:49,,,,2020-02-07 18:21:49,,3,0,3,PDF 1.5,"['https://scc.georgia.gov/past-board-meeting-minutes#main-content', 'https://scc.georgia.gov/past-board-meeting-minutes']",['Minutes\xa010/30/2019'],Brochure,0.5251951813697815
download,https://scc.georgia.gov/document/2018-minutes/minutes-02012018/download,178.2KB,178.24609375,2018-05-14 13:02:06,,,,2018-05-14 13:02:06,PDFTron PDFNet,3,0,45,PDF 1.4,"['https://scc.georgia.gov/past-board-meeting-minutes#main-content', 'https://scc.georgia.gov/past-board-meeting-minutes']",['Minutes\xa002/01/2018'],Brochure,0.3640397787094116
download,https://scc.georgia.gov/document/2018-minutes/minutes-05032018/download,137.6KB,137.6162109375,2018-08-16 13:05:01,,,,2018-08-16 13:05:01,PDFTron PDFNet,2,0,30,PDF 1.4,"['https://scc.georgia.gov/past-board-meeting-minutes#main-content', 'https://scc.georgia.gov/past-board-meeting-minutes']",['Minutes\xa005/03/2018'],Policy,0.2901667058467865
Fortis-S04D58FA.MAG,https://scc.georgia.gov/document/2018-minutes/minutes-06042018/download,63.4KB,63.3544921875,,,,,2018-08-16 09:05:01,Amyuni PDF Converter version 4.5.2.9,1,0,15,PDF 1.3,"['https://scc.georgia.gov/past-board-meeting-minutes#main-content', 'https://scc.georgia.gov/past-board-meeting-minutes']",['Minutes\xa006/04/2018'],Notice,0.45257896184921265
download,https://scc.georgia.gov/document/2018-minutes/minutes-08022018/download,169.8KB,169.7841796875,2018-11-20 19:03:06,,,,2018-11-20 19:03:06,PDFTron PDFNet,3,0,45,PDF 1.4,"['https://scc.georgia.gov/past-board-meeting-minutes#main-content', 'https://scc.georgia.gov/past-board-meeting-minutes']",['Minutes\xa008/02/2018'],Brochure,0.37410202622413635
download,https://scc.georgia.gov/document/2017-minutes/minutes-02022017/download,245.5KB,245.4736328125,2017-05-15 13:03:08,,,,2017-05-15 13:03:08,PDFTron PDFNet,4,0,60,PDF 1.4,"['https://scc.georgia.gov/past-board-meeting-minutes#main-content', 'https://scc.georgia.gov/past-board-meeting-minutes']",['Minutes\xa002/02/2017'],Brochure,0.5059117078781128
download,https://scc.georgia.gov/document/2017-minutes/minutes-05042017/download,133.6KB,133.6083984375,2017-08-15 18:01:08,,,,2017-08-15 18:01:08,PDFTron PDFNet,2,0,30,PDF 1.4,"['https://scc.georgia.gov/past-board-meeting-minutes#main-content', 'https://scc.georgia.gov/past-board-meeting-minutes']",['Minutes\xa005/04/2017'],Policy,0.2919597029685974
download,https://scc.georgia.gov/document/2017-minutes/minutes-11022017/download,110.1KB,110.13671875,2018-02-07 14:03:07,,,,2018-02-07 14:03:07,PDFTron PDFNet,2,0,30,PDF 1.4,"['https://scc.georgia.gov/past-board-meeting-minutes#main-content', 'https://scc.georgia.gov/past-board-meeting-minutes']",['Minutes\xa011/02/2017'],Policy,0.29244256019592285
Fortis-S1389785.MAG,https://scc.georgia.gov/document/2016-minutes/minutes-02042016/download,132.0KB,132.03125,,,,,2016-05-09 15:05:07,Amyuni PDF Converter version 3.03,2,0,30,PDF 1.3,"['https://scc.georgia.gov/past-board-meeting-minutes#main-content', 'https://scc.georgia.gov/past-board-meeting-minutes']",['Minutes\xa002/04/2016'],Policy,0.2919597029685974
Fortis-SD9167A8.MAG,https://scc.georgia.gov/document/2016-minutes/minutes-05052016/download,164.3KB,164.3203125,,,,,2016-08-10 15:03:07,Amyuni PDF Converter version 3.03,2,0,30,PDF 1.3,"['https://scc.georgia.gov/past-board-meeting-minutes#main-content', 'https://scc.georgia.gov/past-board-meeting-minutes']",['Minutes\xa005/05/2016'],Brochure,0.42825081944465637
Fortis-S80253C9.MAG,https://scc.georgia.gov/document/2016-minutes/minutes-08042016/download,130.2KB,130.23046875,,,,,2016-11-08 11:01:08,Amyuni PDF Converter version 3.03,2,0,30,PDF 1.3,"['https://scc.georgia.gov/past-board-meeting-minutes#main-content', 'https://scc.georgia.gov/past-board-meeting-minutes']",['Minutes\xa008/04/2016'],Policy,0.30085474252700806
Fortis-S780C21E.MAG,https://scc.georgia.gov/document/2016-minutes/minutes-11032016/download,138.6KB,138.64453125,,,,,2017-02-06 10:01:05,Amyuni PDF Converter version 3.03,2,0,30,PDF 1.3,"['https://scc.georgia.gov/past-board-meeting-minutes#main-content', 'https://scc.georgia.gov/past-board-meeting-minutes']",['Minutes\xa011/03/2016'],Policy,0.2937886416912079
Fortis-S6B41DA1.MAG,https://scc.georgia.gov/document/2015-minutes/minutes-02052015/download,188.3KB,188.291015625,,,,,2015-12-08 09:01:06,Amyuni PDF Converter version 3.03,3,0,45,PDF 1.3,"['https://scc.georgia.gov/past-board-meeting-minutes#main-content', 'https://scc.georgia.gov/past-board-meeting-minutes']",['Minutes\xa002/05/2015'],Brochure,0.41459253430366516
Fortis-S6B24D97.MAG,https://scc.georgia.gov/document/2015-minutes/minutes-05142015/download,123.5KB,123.52734375,,,,,2015-12-08 09:01:05,Amyuni PDF Converter version 3.03,2,0,30,PDF 1.3,"['https://scc.georgia.gov/past-board-meeting-minutes#main-content', 'https://scc.georgia.gov/past-board-meeting-minutes']",['Minutes\xa005/14/2015'],Policy,0.2765553295612335
Fortis-S6DB40CB.MAG,https://scc.georgia.gov/document/2015-minutes/minutes-08062015/download,305.0KB,304.9853515625,,,,,2015-11-17 09:05:09,Amyuni PDF Converter version 3.03,3,0,45,PDF 1.3,"['https://scc.georgia.gov/past-board-meeting-minutes#main-content', 'https://scc.georgia.gov/past-board-meeting-minutes']",['Minutes\xa008/06/2015'],Brochure,0.5479788780212402
Fortis-S551F247.MAG,https://scc.georgia.gov/document/2015-minutes/minutes-11052015/download,200.5KB,200.4658203125,,,,,2016-02-05 09:04:00,Amyuni PDF Converter version 3.03,3,0,45,PDF 1.3,"['https://scc.georgia.gov/past-board-meeting-minutes#main-content', 'https://scc.georgia.gov/past-board-meeting-minutes']",['Minutes\xa011/05/2015'],Brochure,0.449245423078537
download,https://scc.georgia.gov/document/2014-minutes/minutes-02062014/download,1.0MB,1048.580078125,,,,,2023-12-08 15:03:09,,6,0,6,PDF 1.3,"['https://scc.georgia.gov/past-board-meeting-minutes#main-content', 'https://scc.georgia.gov/past-board-meeting-minutes']",['Minutes\xa002/06/2014'],Policy,0.3654283285140991
download,https://scc.georgia.gov/document/2014-minutes/minutes-05152014/download,815.5KB,815.5419921875,,,,,2023-12-08 15:03:09,,2,0,2,PDF 1.3,"['https://scc.georgia.gov/past-board-meeting-minutes#main-content', 'https://scc.georgia.gov/past-board-meeting-minutes']",['Minutes\xa005/15/2014'],Brochure,0.6043050289154053
Fortis-00000B61.MAG,https://scc.georgia.gov/document/2014-minutes/minutes-08072014/download,183.3KB,183.326171875,,,,,2015-10-22 15:05:06,Amyuni PDF Converter version 3.03,2,0,30,PDF 1.3,"['https://scc.georgia.gov/past-board-meeting-minutes#main-content', 'https://scc.georgia.gov/past-board-meeting-minutes']",['Minutes\xa008/07/2014'],Brochure,0.4130569398403168
Fortis-00000BF3.MAG,https://scc.georgia.gov/document/2014-minutes/minutes-11062014/download,215.8KB,215.75390625,,,,,2015-02-06 11:04:03,Amyuni PDF Converter version 3.03,2,0,30,PDF 1.3,"['https://scc.georgia.gov/past-board-meeting-minutes#main-content', 'https://scc.georgia.gov/past-board-meeting-minutes']",['Minutes\xa011/06/2014'],Brochure,0.4677562713623047
Fortis-0000097E.MAG,https://scc.georgia.gov/document/2013-minutes/minutes-02072013/download,212.4KB,212.44921875,,,,,2013-11-01 10:01:09,Amyuni PDF Converter version 3.03,2,0,30,PDF 1.3,"['https://scc.georgia.gov/past-board-meeting-minutes#main-content', 'https://scc.georgia.gov/past-board-meeting-minutes']",['Minutes\xa002/07/2013'],Brochure,0.47209855914115906
download,https://scc.georgia.gov/document/2013-minutes/minutes-1172013/download,850.4KB,850.4052734375,,,,,2023-12-08 15:04:01,,4,0,4,PDF 1.3,"['https://scc.georgia.gov/past-board-meeting-minutes#main-content', 'https://scc.georgia.gov/past-board-meeting-minutes']",['Minutes\xa011/7/2013'],Brochure,0.5513780117034912
download,https://scc.georgia.gov/document/2013-minutes/minutes-592013/download,909.7KB,909.6513671875,,,,,2023-12-08 15:04:02,,4,0,4,PDF 1.3,"['https://scc.georgia.gov/past-board-meeting-minutes#main-content', 'https://scc.georgia.gov/past-board-meeting-minutes']",['Minutes\xa05/9/2013'],Brochure,0.5486939549446106
download,https://scc.georgia.gov/document/2013-minutes/minutes-812013/download,1.2MB,1274.7451171875,,,,,2023-12-08 15:04:01,,6,0,6,PDF 1.3,"['https://scc.georgia.gov/past-board-meeting-minutes#main-content', 'https://scc.georgia.gov/past-board-meeting-minutes']",['Minutes\xa08/1/2013'],Policy,0.3434458076953888
download,https://scc.georgia.gov/document/2012-minutes/minutes-1042012/download,847.6KB,847.595703125,,,,,2023-12-08 15:04:04,,4,0,4,PDF 1.3,"['https://scc.georgia.gov/past-board-meeting-minutes#main-content', 'https://scc.georgia.gov/past-board-meeting-minutes']",['Minutes\xa010/4/2012'],Brochure,0.5513780117034912
download,https://scc.georgia.gov/document/2012-minutes/minutes-1112012/download,831.4KB,831.38671875,,,,,2023-12-08 15:04:04,,4,0,4,PDF 1.3,"['https://scc.georgia.gov/past-board-meeting-minutes#main-content', 'https://scc.georgia.gov/past-board-meeting-minutes']",['Minutes\xa011/1/2012'],Brochure,0.5376895666122437
download,https://scc.georgia.gov/document/2012-minutes/minutes-222012/download,920.2KB,920.2060546875,,,,,2023-12-08 15:04:06,,4,0,4,PDF 1.3,"['https://scc.georgia.gov/past-board-meeting-minutes#main-content', 'https://scc.georgia.gov/past-board-meeting-minutes']",['Minutes\xa02/2/2012'],Brochure,0.5486939549446106
download,https://scc.georgia.gov/document/2012-minutes/minutes-5102012/download,1.4MB,1435.6552734375,,,,,2023-12-08 15:04:05,,6,0,6,PDF 1.3,"['https://scc.georgia.gov/past-board-meeting-minutes#main-content', 'https://scc.georgia.gov/past-board-meeting-minutes']",['Minutes\xa05/10/2012'],Policy,0.31805944442749023
download,https://scc.georgia.gov/document/2011-minutes/minutes-1132011/download,1.2MB,1266.6396484375,,,,,2023-12-12 12:02:04,,6,0,6,PDF 1.3,"['https://scc.georgia.gov/past-board-meeting-minutes#main-content', 'https://scc.georgia.gov/past-board-meeting-minutes']",['Minutes\xa011/3/2011'],Policy,0.3434458076953888
download,https://scc.georgia.gov/document/2011-minutes/minutes-2102011/download,465.2KB,465.2216796875,,,,,2023-12-12 12:02:02,,2,0,2,PDF 1.3,"['https://scc.georgia.gov/past-board-meeting-minutes#main-content', 'https://scc.georgia.gov/past-board-meeting-minutes']",['Minutes\xa02/10/2011'],Brochure,0.6855379939079285
download,https://scc.georgia.gov/document/2011-minutes/minutes-5192011/download,1.1MB,1076.19921875,,,,,2023-12-12 12:02:02,,4,0,4,PDF 1.3,"['https://scc.georgia.gov/past-board-meeting-minutes#main-content', 'https://scc.georgia.gov/past-board-meeting-minutes']",['Minutes\xa05/19/2011'],Brochure,0.5767911672592163
download,https://scc.georgia.gov/document/2011-minutes/minutes-842011/download,1.2MB,1254.0546875,,,,,2023-12-12 12:02:03,,6,0,6,PDF 1.3,"['https://scc.georgia.gov/past-board-meeting-minutes#main-content', 'https://scc.georgia.gov/past-board-meeting-minutes']",['Minutes\xa08/4/2011'],Policy,0.3434458076953888
download,https://scc.georgia.gov/document/2010-minutes/minutes-1142010/download,1.0MB,1038.9931640625,,,,,2023-12-12 12:02:01,,4,0,4,PDF 1.3,"['https://scc.georgia.gov/past-board-meeting-minutes#main-content', 'https://scc.georgia.gov/past-board-meeting-minutes']",['Minutes\xa011/4/2010'],Brochure,0.5767911672592163
download,https://scc.georgia.gov/document/2010-minutes/minutes-242010/download,805.7KB,805.7470703125,,,,,2023-12-12 11:04:08,,2,0,2,PDF 1.3,"['https://scc.georgia.gov/past-board-meeting-minutes#main-content', 'https://scc.georgia.gov/past-board-meeting-minutes']",['Minutes\xa02/4/2010'],Brochure,0.6067723035812378
download,https://scc.georgia.gov/document/2010-minutes/minutes-852010/download,948.1KB,948.1044921875,,,,,2023-12-12 12:02:00,,4,0,4,PDF 1.3,"['https://scc.georgia.gov/past-board-meeting-minutes#main-content', 'https://scc.georgia.gov/past-board-meeting-minutes']",['Minutes\xa08/5/2010'],Brochure,0.5485922694206238
"February 5, 2009",https://scc.georgia.gov/document/2009-minutes/minutes-02052009/download,87.0KB,87.001953125,2009-02-13 15:00:09,SheilaS,,,2009-02-13 15:00:09,AFPL Ghostscript 8.14,2,0,2,PDF 1.3,"['https://scc.georgia.gov/past-board-meeting-minutes#main-content', 'https://scc.georgia.gov/past-board-meeting-minutes']",['Minutes\xa002/05/2009'],Policy,0.28645390272140503
"January 23, 2008",https://scc.georgia.gov/document/2008-minutes/minutes-01232008/download,68.7KB,68.73046875,2009-02-13 15:02:08,SheilaS,,,2009-02-13 15:02:08,AFPL Ghostscript 8.14,2,0,2,PDF 1.3,"['https://scc.georgia.gov/past-board-meeting-minutes#main-content', 'https://scc.georgia.gov/past-board-meeting-minutes']",['Minutes\xa001/23/2008'],Policy,0.2926494777202606
"February 25, 2008",https://scc.georgia.gov/document/2008-minutes/minutes-02252008/download,42.5KB,42.5498046875,2009-02-13 15:02:02,SheilaS,,,2009-02-13 15:02:02,AFPL Ghostscript 8.14,1,0,1,PDF 1.3,"['https://scc.georgia.gov/past-board-meeting-minutes#main-content', 'https://scc.georgia.gov/past-board-meeting-minutes']",['Minutes\xa002/25/2008'],Notice,0.7315120697021484
"March 6, 2008",https://scc.georgia.gov/document/2008-minutes/minutes-03062008/download,78.6KB,78.609375,2009-02-13 15:02:01,SheilaS,,,2009-02-13 15:02:01,AFPL Ghostscript 8.14,2,0,2,PDF 1.3,"['https://scc.georgia.gov/past-board-meeting-minutes#main-content', 'https://scc.georgia.gov/past-board-meeting-minutes']",['Minutes\xa003/06/2008'],Policy,0.3006089925765991
"March 20, 2008",https://scc.georgia.gov/document/2008-minutes/minutes-03202008/download,109.8KB,109.8154296875,2009-02-13 15:02:00,SheilaS,,,2009-02-13 15:02:00,AFPL Ghostscript 8.14,2,0,2,PDF 1.3,"['https://scc.georgia.gov/past-board-meeting-minutes#main-content', 'https://scc.georgia.gov/past-board-meeting-minutes']",['Minutes\xa003/20/2008'],Policy,0.2937029302120209
"April 23, 2008",https://scc.georgia.gov/document/2008-minutes/minutes-04232008/download,146.7KB,146.6591796875,2009-02-13 15:01:07,SheilaS,,,2009-02-13 15:01:07,AFPL Ghostscript 8.14,3,0,3,PDF 1.3,"['https://scc.georgia.gov/past-board-meeting-minutes#main-content', 'https://scc.georgia.gov/past-board-meeting-minutes']",['Minutes\xa004/23/2008'],Policy,0.41218820214271545
"July 30, 2008",https://scc.georgia.gov/document/2008-minutes/minutes-07302008/download,128.6KB,128.59375,2009-02-13 15:01:06,SheilaS,,,2009-02-13 15:01:06,AFPL Ghostscript 8.14,2,0,2,PDF 1.3,"['https://scc.georgia.gov/past-board-meeting-minutes#main-content', 'https://scc.georgia.gov/past-board-meeting-minutes']",['Minutes\xa007/30/2008'],Policy,0.290488064289093
"September 10, 2008",https://scc.georgia.gov/document/2008-minutes/minutes-09102008/download,79.1KB,79.0556640625,2009-02-13 15:01:05,SheilaS,,,2009-02-13 15:01:05,AFPL Ghostscript 8.14,2,0,2,PDF 1.3,"['https://scc.georgia.gov/past-board-meeting-minutes#main-content', 'https://scc.georgia.gov/past-board-meeting-minutes']",['Minutes\xa009/10/2008'],Policy,0.3006089925765991
"November 6, 2008",https://scc.georgia.gov/document/2008-minutes/minutes-11062008/download,155.6KB,155.619140625,2009-02-13 15:01:04,SheilaS,,,2009-02-13 15:01:04,AFPL Ghostscript 8.14,3,0,3,PDF 1.3,"['https://scc.georgia.gov/past-board-meeting-minutes#main-content', 'https://scc.georgia.gov/past-board-meeting-minutes']",['Minutes\xa011/06/2008'],Policy,0.31255704164505005
"January 24, 2007",https://scc.georgia.gov/document/2007-minutes/minutes-01242007/download,124.8KB,124.8271484375,2009-02-13 15:03:03,SheilaS,,,2009-02-13 15:03:03,AFPL Ghostscript 8.14,2,0,2,PDF 1.3,"['https://scc.georgia.gov/past-board-meeting-minutes#main-content', 'https://scc.georgia.gov/past-board-meeting-minutes']",['Minutes\xa001/24/2007'],Policy,0.2765865623950958
"April 19, 2007",https://scc.georgia.gov/document/2007-minutes/minutes-04192007/download,114.4KB,114.447265625,2009-02-13 15:03:02,SheilaS,,,2009-02-13 15:03:02,AFPL Ghostscript 8.14,2,0,2,PDF 1.3,"['https://scc.georgia.gov/past-board-meeting-minutes#main-content', 'https://scc.georgia.gov/past-board-meeting-minutes']",['Minutes\xa004/19/2007'],Policy,0.29379889369010925
"July 25, 2007",https://scc.georgia.gov/document/2007-minutes/minutes-07252007/download,63.3KB,63.2900390625,2009-02-13 15:03:02,SheilaS,,,2009-02-13 15:03:02,AFPL Ghostscript 8.14,1,0,1,PDF 1.3,"['https://scc.georgia.gov/past-board-meeting-minutes#main-content', 'https://scc.georgia.gov/past-board-meeting-minutes']",['Minutes\xa007/25/2007'],Notice,0.48190733790397644
"October 24, 2007",https://scc.georgia.gov/document/2007-minutes/minutes-10272007/download,145.7KB,145.7373046875,2009-02-13 15:02:09,SheilaS,,,2009-02-13 15:02:09,AFPL Ghostscript 8.14,3,0,3,PDF 1.3,"['https://scc.georgia.gov/past-board-meeting-minutes#main-content', 'https://scc.georgia.gov/past-board-meeting-minutes']",['Minutes\xa010/27/2007'],Policy,0.41218820214271545
"November 5, 2007",https://scc.georgia.gov/document/2007-minutes/minutes-11062007/download,42.1KB,42.142578125,2009-02-13 15:03:01,SheilaS,,,2009-02-13 15:03:01,AFPL Ghostscript 8.14,1,0,1,PDF 1.3,"['https://scc.georgia.gov/past-board-meeting-minutes#main-content', 'https://scc.georgia.gov/past-board-meeting-minutes']",['Minutes\xa011/06/2007'],Notice,0.7315120697021484
