file_name,url,file_size,file_size_kilobytes,last_modified_date,author,subject,keywords,creation_date,producer,number_of_pages,number_of_tables,number_of_images,version,source,text_around_link,predicted_category,predicted_category_confidence
GEORGIA,https://sitf.georgia.gov/document/publication/reimbuersement-request-form-pdf/download,70.6KB,70.6064453125,2012-06-20 14:00:00,SITF,,,2012-06-20 14:00:00,Microsoft® Office Word 2007,2,1,0,PDF 1.5,"['https://sitf.georgia.gov/reimbursement-request#main-content', 'https://sitf.georgia.gov/forms/reimbursement-request#main-content', 'https://sitf.georgia.gov/forms/reimbursement-request', 'https://sitf.georgia.gov', 'https://sitf.georgia.gov/reimbursement-request', 'https://sitf.georgia.gov#main-content']","['Reimbursement\xa0Request Form (PDF)', 'For\xa0SITF accepted claims: Reimbursement Request Form (PDF)']",Form,0.7928508520126343
EMPLOYER’S KNOWLEDGE AFFIDAVIT,https://sitf.georgia.gov/document/publication/employersknowledgeaffidavitpdf/download,64.8KB,64.8310546875,2008-11-25 18:03:04,Preferred Customer,,,2008-11-25 18:03:04,Microsoft® Office Word 2007,2,0,0,PDF 1.5,"['https://sitf.georgia.gov/rule-622-1-05', 'https://sitf.georgia.gov/rules-regulations/rule-622-1-05', 'https://sitf.georgia.gov/rules-regulations/rule-622-1-05#main-content', 'https://sitf.georgia.gov/rule-622-1-05#main-content']","[""Employer's_Knowledge_Affidavit.pdf""]",Letter,0.2592179477214813
download,https://sitf.georgia.gov/document/publication/notice-claim-pdf/download,28.4KB,28.353515625,2004-05-27 09:05:01,Ann Dixon,,,2004-05-27 09:05:01,Acrobat Distiller 6.0 (Windows),1,3,0,PDF 1.4,"['https://sitf.georgia.gov/notice-claim#main-content', 'https://sitf.georgia.gov/forms/notice-claim#main-content', 'https://sitf.georgia.gov/notice-claim', 'https://sitf.georgia.gov/forms/notice-claim']",['Notice\xa0of Claim (PDF)'],Notice,0.4126448333263397
EMPLOYER’S KNOWLEDGE AFFIDAVIT,https://sitf.georgia.gov/document/publication/employers-knowledge-affidavit-pdf/download,64.8KB,64.8310546875,2008-11-25 18:03:04,Preferred Customer,,,2008-11-25 18:03:04,Microsoft® Office Word 2007,2,0,0,PDF 1.5,"['https://sitf.georgia.gov/forms/employers-knowledge-affidavit#main-content', 'https://sitf.georgia.gov/forms/employers-knowledge-affidavit', 'https://sitf.georgia.gov/employers-knowledge-affidavit#main-content', 'https://sitf.georgia.gov/employers-knowledge-affidavit']","[""Employer's\xa0Knowledge Affidavit (PDF)""]",Form,0.38523539900779724
IMPORTANT ,https://sitf.georgia.gov/document/publication/checklistforclaimspdf/download,20.5KB,20.5224609375,2004-05-18 12:04:05,Ann Dixon,,,2004-05-18 12:04:05,Acrobat Distiller 6.0 (Windows),1,0,0,PDF 1.4,"['https://sitf.georgia.gov/forms/checklist-claims#main-content', 'https://sitf.georgia.gov/checklist-claims', 'https://sitf.georgia.gov/checklist-claims#main-content', 'https://sitf.georgia.gov/forms/checklist-claims']",['Checklist_for_Claims.pdf'],Form,0.38539597392082214
Subsequent Injury Trust Fund,https://sitf.georgia.gov/document/publication/checklist-settlementpdf/download,21.5KB,21.5126953125,2004-05-18 12:04:07,Ann Dixon,,,2004-05-18 12:04:07,Acrobat Distiller 6.0 (Windows),1,0,0,PDF 1.4,"['https://sitf.georgia.gov/checklist-settlement#main-content', 'https://sitf.georgia.gov/checklist-settlement', 'https://sitf.georgia.gov/forms/checklist-settlement#main-content', 'https://sitf.georgia.gov/forms/checklist-settlement']",['Checklist\xa0for Settlement.pdf'],Form,0.38994473218917847
download,https://sitf.georgia.gov/document/publication/2017-annual-report/download,856.8KB,856.8203125,2019-02-26 10:00:04,Ann Dixon,,,2019-02-26 09:05:02,Adobe PDF Library 19.10.123,61,1,1,PDF 1.6,"['https://sitf.georgia.gov/annual-reports', 'https://sitf.georgia.gov/annual-reports#main-content']",['2017\xa0Annual Report'],Report,0.931956946849823
download,https://sitf.georgia.gov/document/publication/2016-sitf-annual-reportpdf/download,1.1MB,1166.7412109375,2017-10-25 09:01:04,Ann Dixon,,,2017-10-25 08:03:07,Microsoft® Word 2010,69,1,1,PDF 1.5,"['https://sitf.georgia.gov/annual-reports', 'https://sitf.georgia.gov/annual-reports#main-content']",['2016\xa0SITF Annual Report.pdf'],Report,0.9312005043029785
download,https://sitf.georgia.gov/document/publication/2015-annual-reptpdf/download,1.6MB,1647.4755859375,2016-09-01 13:02:08,Ann Dixon,,,2016-09-01 13:02:08,Microsoft® Word 2010,54,0,1,PDF 1.5,"['https://sitf.georgia.gov/annual-reports', 'https://sitf.georgia.gov/annual-reports#main-content']",['2015\xa0Annual Rept.pdf'],Report,0.8458629250526428
download,https://sitf.georgia.gov/document/publication/sitf-2014-annual-reportpdf/download,1.7MB,1699.1513671875,2015-08-13 13:04:04,Ann Dixon,,,2015-08-13 13:04:04,Microsoft® Word 2010,76,0,1,PDF 1.5,"['https://sitf.georgia.gov/annual-reports', 'https://sitf.georgia.gov/annual-reports#main-content']",['SITF\xa02014 Annual Report.pdf'],Report,0.9324318170547485
download,https://sitf.georgia.gov/document/publication/2013-annual-reportpdf/download,1.7MB,1717.4287109375,2014-07-28 10:04:05,James L. Stephens,,,2014-07-28 10:04:05,Microsoft® Word 2010,51,0,1,PDF 1.5,"['https://sitf.georgia.gov/annual-reports', 'https://sitf.georgia.gov/annual-reports#main-content']",['2013\xa0Annual Report.pdf'],Report,0.9374133944511414
STATE OF GEORGIA,https://sitf.georgia.gov/document/document/2012-annual-report/download,1.5MB,1494.5390625,2013-07-12 10:01:09,Ann Dixon,,,2013-07-12 10:01:09,Microsoft® Office Word 2007,63,0,1,PDF 1.5,"['https://sitf.georgia.gov/annual-reports', 'https://sitf.georgia.gov/annual-reports#main-content']",['2012\xa0Annual Report'],Report,0.7570961117744446
STATE OF GEORGIA,https://sitf.georgia.gov/document/document/2011-annual-report/download,1.8MB,1873.9443359375,2012-07-17 09:04:01,Ann Dixon,,,2012-07-17 09:04:01,Microsoft® Office Word 2007,76,0,1,PDF 1.5,"['https://sitf.georgia.gov/annual-reports', 'https://sitf.georgia.gov/annual-reports#main-content']",['2011\xa0Annual Report'],Report,0.7386236786842346
STATE OF GEORGIA,https://sitf.georgia.gov/document/document/2010-annual-report/download,1.7MB,1787.796875,2011-07-05 14:04:06,Ann Dixon,,,2011-07-05 14:04:06,Microsoft® Office Word 2007,82,0,1,PDF 1.5,"['https://sitf.georgia.gov/annual-reports', 'https://sitf.georgia.gov/publications#main-content', 'https://sitf.georgia.gov/annual-reports#main-content', 'https://sitf.georgia.gov/publications']",['2010\xa0Annual Report'],Report,0.7418401837348938
SITF Annual Report -  2008,https://sitf.georgia.gov/document/document/2009-annual-report/download,2.0MB,2020.5380859375,2010-07-05 14:00:01,adixon,,,2010-07-05 14:00:01,Microsoft® Office Word 2007,92,0,1,PDF 1.5,"['https://sitf.georgia.gov/annual-reports', 'https://sitf.georgia.gov/publications#main-content', 'https://sitf.georgia.gov/annual-reports#main-content', 'https://sitf.georgia.gov/publications']",['2009\xa0Annual Report'],Report,0.9891716837882996
SITF Annual Report -  2008,https://sitf.georgia.gov/document/document/2008-annual-report/download,2.0MB,2045.974609375,2009-07-30 15:03:05,adixon,,,2009-07-30 15:03:05,Microsoft® Office Word 2007,77,0,1,PDF 1.5,"['https://sitf.georgia.gov/annual-reports', 'https://sitf.georgia.gov/publications#main-content', 'https://sitf.georgia.gov/annual-reports#main-content', 'https://sitf.georgia.gov/publications']",['2008\xa0Annual Report'],Report,0.9891716837882996
Subsequent Injury Trust Fund – 2007 Annual Report,https://sitf.georgia.gov/document/document/2007-annual-report/download,2.1MB,2161.439453125,2008-07-11 14:01:05,adixon,,,2008-07-11 14:01:05,Microsoft® Office Word 2007,96,0,1,PDF 1.5,"['https://sitf.georgia.gov/annual-reports', 'https://sitf.georgia.gov/annual-reports#main-content']",['2007\xa0Annual Report'],Report,0.9887174367904663
STATE OF GEORGIA,https://sitf.georgia.gov/document/document/2006-annual-report/download,2.2MB,2234.5234375,2007-06-25 13:01:05,Ann Dixon,,,2007-06-25 13:01:05,Microsoft® Office Word 2007,94,0,0,PDF 1.5,"['https://sitf.georgia.gov/annual-reports', 'https://sitf.georgia.gov/annual-reports#main-content']",['2006\xa0Annual Report'],Report,0.781655490398407
STATE OF GEORGIA,https://sitf.georgia.gov/document/document/2005-annual-report/download,2.6MB,2670.076171875,2006-06-07 13:05:05,adixon,,,2006-06-07 13:01:08,Acrobat Distiller 6.0.1 (Windows),80,0,1,PDF 1.4,"['https://sitf.georgia.gov/annual-reports', 'https://sitf.georgia.gov/annual-reports#main-content']",['2005\xa0Annual Report'],Report,0.7790794372558594
STATE OF GEORGIA,https://sitf.georgia.gov/document/document/2004-annual-report/download,2.3MB,2372.0537109375,2005-06-02 10:02:00,SITF,,,2005-06-02 09:04:08,Acrobat Distiller 6.0 (Windows),84,0,1,PDF 1.4,"['https://sitf.georgia.gov/annual-reports', 'https://sitf.georgia.gov/annual-reports#main-content']",['2004\xa0Annual Report'],Report,0.7527545094490051
STATE OF GEORGIA,https://sitf.georgia.gov/document/document/2003annualreportpdf/download,2.5MB,2606.453125,2004-06-24 14:03:05,SITF,,,2004-06-24 13:02:07,Acrobat Distiller 6.0.1 (Windows),89,0,1,PDF 1.4,"['https://sitf.georgia.gov/annual-reports', 'https://sitf.georgia.gov/annual-reports#main-content']",['2003_Annual_Report.pdf'],Report,0.7684570550918579
Microsoft Word - GA SITF 2013 Supplemental Report 07 30 2013 Final.docx,https://sitf.georgia.gov/document/document/2013-actuarial-supplemental-report/download,723.0KB,722.9970703125,2013-07-31 08:02:02,JohnW,,,2013-07-29 12:00:06,Acrobat Distiller 10.1.5 (Windows),16,4,2,PDF 1.6,"['https://sitf.georgia.gov/publications', 'https://sitf.georgia.gov/publications#main-content']",['2013\xa0Actuarial Supplemental Report'],Report,0.9769914746284485
download,https://sitf.georgia.gov/document/publication/stats-cy-2010pdf/download,145.0KB,144.9921875,2011-08-22 15:04:05,Ann Dixon,,,2011-08-22 15:04:05,Microsoft® Office Excel® 2007,7,6,0,PDF 1.5,"['https://sitf.georgia.gov/publications', 'https://sitf.georgia.gov/publications#main-content']",['Claims\xa0Evaluation & Payment History'],Policy,0.5739601850509644
Microsoft Word - GA SITF Report 2010 a.docx,https://sitf.georgia.gov/document/publication/ga-sitf-report-2010pdf/download,376.1KB,376.0791015625,2011-03-24 10:00:08,JohnW,,,2011-03-18 12:02:08,Acrobat Distiller 8.2.6 (Windows),76,19,2,PDF 1.4,"['https://sitf.georgia.gov/publications', 'https://sitf.georgia.gov/publications#main-content']",['2010\xa0Actuarial Report'],Report,0.9764012694358826
State of Georgia Subsequent Injury Trust Fund,https://sitf.georgia.gov/document/publication/sitffundamentalspdf/download,1.9MB,1968.25,2010-09-29 07:01:07,Ann Dixon,,,2010-09-29 07:01:07,Microsoft® Office PowerPoint® 2007,39,1,31,PDF 1.5,"['https://sitf.georgia.gov/publications', 'https://sitf.georgia.gov/publications#main-content']",['SITF\xa0Fundamentals'],Report,0.624430775642395
Dollars of Claims Paid by Injury Year,https://sitf.georgia.gov/document/publication/2006-update-acturial-reportpdf/download,879.4KB,879.4033203125,2007-02-13 19:04:09,Martin M. Simons,,,2007-02-13 19:04:09,Microsoft® Office Word 2007,25,8,0,PDF 1.5,"['https://sitf.georgia.gov/publications', 'https://sitf.georgia.gov/publications#main-content']",['Update\xa0to Actuarial Report'],Slides,0.46016520261764526
Fuente de fondos ,https://sitf.georgia.gov/document/publication/23258870sitfbrochureespanolpdf/download,230.7KB,230.73828125,2009-08-27 13:00:03,LCeledon,,,2009-08-27 13:00:03,Microsoft® Office Word 2007,2,0,1,PDF 1.5,"['https://sitf.georgia.gov/publications', 'https://sitf.georgia.gov/publications#main-content']",['SITF\xa0Brochure espanol'],Brochure,0.6666008830070496
The Georgia Subsequent Injury Trust Fund (SITF) promotes the employment and retention of workers with disabilities,https://sitf.georgia.gov/document/publication/23258643sitfbrochurepdf/download,255.0KB,254.99609375,2009-08-27 13:00:02,SITF,,,2009-08-27 13:00:02,Microsoft® Office Word 2007,2,0,1,PDF 1.5,"['https://sitf.georgia.gov/publications', 'https://sitf.georgia.gov/publications#main-content']",['SITF\xa0Brochure'],Policy,0.5103490948677063
 PART  I  ,https://sitf.georgia.gov/document/publication/23608544guidelinesforclaimspdf/download,769.8KB,769.751953125,2009-08-27 12:05:04,SITF,,,2009-08-27 12:05:04,Microsoft® Office Word 2007,41,0,3,PDF 1.5,"['https://sitf.georgia.gov/publications', 'https://sitf.georgia.gov/publications#main-content']",['Guidelines\xa0for Claims Procedures and Evaluation'],Report,0.5389002561569214
Microsoft Word - 42012F8F-5D78-109100.doc,https://sitf.georgia.gov/document/publication/75664381georgiareportfinalapdf/download,448.9KB,448.90234375,2005-02-02 11:05:04,www,,,2005-02-02 11:05:04,http://createpdf.adobe.com V5.5,75,49,0,PDF 1.2,"['https://sitf.georgia.gov/publications', 'https://sitf.georgia.gov/publications#main-content']",['Actuarial\xa0Report'],Report,0.9133647084236145
 PART  I  ,https://sitf.georgia.gov/document/publication/guidelines-claimspdf/download,769.8KB,769.751953125,2009-08-27 12:05:04,SITF,,,2009-08-27 12:05:04,Microsoft® Office Word 2007,41,0,3,PDF 1.5,"['https://sitf.georgia.gov/organization/about-subsequent-injury-trust-fund', 'https://sitf.georgia.gov/organization/about-subsequent-injury-trust-fund#main-content', 'https://sitf.georgia.gov/organization/about-subsequent-injury-trust-fund/faq#main-content', 'https://sitf.georgia.gov/organization/about-subsequent-injury-trust-fund/faq']",['Guidelines\xa0for Claims.pdf'],Report,0.6171470284461975
IMPORTANT ,https://sitf.georgia.gov/document/publication/checklist-claimspdf-0/download,20.5KB,20.5224609375,2004-05-18 12:04:05,Ann Dixon,,,2004-05-18 12:04:05,Acrobat Distiller 6.0 (Windows),1,0,0,PDF 1.4,"['https://sitf.georgia.gov/organization/about-subsequent-injury-trust-fund', 'https://sitf.georgia.gov/organization/about-subsequent-injury-trust-fund#main-content']",['Checklist-for-Claims.pdf'],Spreadsheet,0.3563225567340851
IMPORTANT ,https://sitf.georgia.gov/document/publication/checklist-claimspdf/download,20.5KB,20.5224609375,2004-05-18 12:04:05,Ann Dixon,,,2004-05-18 12:04:05,Acrobat Distiller 6.0 (Windows),1,0,0,PDF 1.4,"['https://sitf.georgia.gov/organization/about-subsequent-injury-trust-fund/faq#main-content', 'https://sitf.georgia.gov/organization/about-subsequent-injury-trust-fund/faq']",['Checklist\xa0for Claims.pdf'],Spreadsheet,0.3563225567340851
34-9-362,https://sitf.georgia.gov/document/publication/ocga-34-9-362/download,47.0KB,46.9658203125,2014-10-29 10:04:00,adixon,,,2014-10-29 10:04:00,Microsoft® Word 2010,1,0,0,PDF 1.5,"['https://sitf.georgia.gov/state-legislation', 'https://sitf.georgia.gov/state-legislation#main-content']",['O.C.G.A.\xa034-9-362'],Letter,0.17151854932308197
34-9-368,https://sitf.georgia.gov/document/publication/ocga-34-9-368/download,72.3KB,72.298828125,2014-10-29 10:04:02,adixon,,,2014-10-29 10:04:01,Microsoft® Word 2010,1,0,0,PDF 1.5,"['https://sitf.georgia.gov/state-legislation', 'https://sitf.georgia.gov/state-legislation#main-content']",['O.C.G.A.\xa034-9-368'],Spreadsheet,0.2843759059906006
