file_name,url,file_size,file_size_kilobytes,last_modified_date,author,subject,keywords,creation_date,producer,number_of_pages,number_of_tables,number_of_images,version,source,text_around_link,predicted_category,predicted_category_confidence
SEXUAL OFFENDERS REGISTRATION REVIEW BOARD MEETING,https://sorrb.georgia.gov/document/document/may-15-2025-agendapdf/download,136.2KB,136.169921875,2025-05-12 07:01:01,DHR,,,2025-05-12 07:01:01,Microsoft® Word for Microsoft 365,1,0,1,PDF 1.7,"['https://sorrb.georgia.gov/review-board/meeting-agendas-and-minutes', 'https://sorrb.georgia.gov/review-board/meeting-agendas-and-minutes#main-content']",['May\n \n2025 Meeting Agenda'],Agenda,0.34498974680900574
download,https://sorrb.georgia.gov/document/document/may-15-2025-minutespdf/download,481.4KB,481.43359375,2025-05-15 15:01:06,"Alvord, Tracy",,,2025-05-15 13:02:00,Microsoft® Word for Microsoft 365,6,11,0,PDF 1.7,"['https://sorrb.georgia.gov/review-board/meeting-agendas-and-minutes', 'https://sorrb.georgia.gov/review-board/meeting-agendas-and-minutes#main-content']",['May\n \n2025 Meeting Minutes'],Policy,0.3360380530357361
SEXUAL OFFENDERS REGISTRATION REVIEW BOARD MEETING,https://sorrb.georgia.gov/document/document/april-25-2025-agendapdf/download,87.6KB,87.58984375,2025-04-22 09:04:03,DHR,,,2025-04-22 08:00:04,Microsoft® Word for Microsoft 365,1,0,1,PDF 1.7,"['https://sorrb.georgia.gov/review-board/meeting-agendas-and-minutes', 'https://sorrb.georgia.gov/review-board/meeting-agendas-and-minutes#main-content']",['April\n \n2025 Meeting Agenda'],Notice,0.3267623484134674
download,https://sorrb.georgia.gov/document/document/april-25-2025-minutespdf/download,506.9KB,506.9248046875,2025-05-06 11:04:00,"Alvord, Tracy",,,2025-05-06 11:04:00,Microsoft® Word for Microsoft 365,6,7,0,PDF 1.7,"['https://sorrb.georgia.gov/review-board/meeting-agendas-and-minutes', 'https://sorrb.georgia.gov/review-board/meeting-agendas-and-minutes#main-content']",['April\n \n2025 Meeting Minutes'],Policy,0.3391817510128021
SEXUAL OFFENDERS REGISTRATION REVIEW BOARD MEETING,https://sorrb.georgia.gov/document/document/board-meeting-agenda-march-13-2025pdf/download,232.5KB,232.505859375,2025-03-10 15:00:03,DHR,,,2025-03-10 15:00:02,Adobe PDF Library 24.5.197,1,0,1,PDF 1.6,"['https://sorrb.georgia.gov/review-board/meeting-agendas-and-minutes', 'https://sorrb.georgia.gov/review-board/meeting-agendas-and-minutes#main-content']",['March\n \n2025 Meeting Agenda'],Agenda,0.405956894159317
download,https://sorrb.georgia.gov/document/document/march-13-2025-minutespdf/download,508.5KB,508.5439453125,2025-04-22 09:04:02,"Alvord, Tracy",,,2025-04-22 08:01:06,Microsoft® Word for Microsoft 365,7,9,0,PDF 1.7,"['https://sorrb.georgia.gov/review-board/meeting-agendas-and-minutes', 'https://sorrb.georgia.gov/review-board/meeting-agendas-and-minutes#main-content']",['March\n \n2025 Meeting Minutes'],Policy,0.4141307771205902
SEXUAL OFFENDERS REGISTRATION REVIEW BOARD MEETING,https://sorrb.georgia.gov/document/document/february-13-2025-meeting-agenda/download,143.5KB,143.5478515625,2025-02-10 11:05:01,DHR,,,2025-02-10 11:05:01,Microsoft® Word for Microsoft 365,1,0,1,PDF 1.7,"['https://sorrb.georgia.gov/review-board/meeting-agendas-and-minutes', 'https://sorrb.georgia.gov/review-board/meeting-agendas-and-minutes#main-content']",['February\n \n2025 Meeting Agenda'],Agenda,0.5033361315727234
download,https://sorrb.georgia.gov/document/document/february-13-2025-minutespdf/download,523.5KB,523.5341796875,2025-03-04 15:00:04,"Alvord, Tracy",,,2025-03-04 14:05:05,Microsoft® Word for Microsoft 365,8,8,0,PDF 1.7,"['https://sorrb.georgia.gov/review-board/meeting-agendas-and-minutes', 'https://sorrb.georgia.gov/review-board/meeting-agendas-and-minutes#main-content']",['February\n \n2025 Meeting Minutes'],Policy,0.4010060131549835
SEXUAL OFFENDERS REGISTRATION REVIEW BOARD MEETING,https://sorrb.georgia.gov/document/document/january-16-2025pdf/download,229.8KB,229.7685546875,2025-02-14 16:04:02,DHR,,,2025-02-14 16:04:02,Adobe PDF Library 24.5.175,1,0,1,PDF 1.6,"['https://sorrb.georgia.gov/review-board/meeting-agendas-and-minutes', 'https://sorrb.georgia.gov/review-board/meeting-agendas-and-minutes#main-content']",['January\n \n2025 Meeting Agenda'],Agenda,0.405956894159317
download,https://sorrb.georgia.gov/document/document/january-16-2025-minutes/download,489.6KB,489.56640625,2025-02-12 15:02:06,"Alvord, Tracy",,,2025-02-04 08:02:00,Microsoft® Word for Microsoft 365,6,7,0,PDF 1.7,"['https://sorrb.georgia.gov/review-board/meeting-agendas-and-minutes', 'https://sorrb.georgia.gov/review-board/meeting-agendas-and-minutes#main-content']",['January\n \n2025 Meeting Minutes'],Policy,0.3360047936439514
SEXUAL OFFENDERS REGISTRATION REVIEW BOARD MEETING,https://sorrb.georgia.gov/document/document/december-2024-meeting-agenda/download,90.6KB,90.646484375,2024-12-09 13:04:05,DHR,,,2024-12-09 13:04:05,Microsoft® Word for Microsoft 365,1,0,1,PDF 1.7,"['https://sorrb.georgia.gov/review-board/meeting-agendas-and-minutes', 'https://sorrb.georgia.gov/review-board/meeting-agendas-and-minutes#main-content']",['December\n \n2024 Meeting Agenda'],Notice,0.3182496428489685
download,https://sorrb.georgia.gov/document/document/december-2024-meeting-minutes/download,318.9KB,318.8837890625,2024-12-30 14:05:02,"Alvord, Tracy",,,2024-12-30 14:05:02,Microsoft® Word for Microsoft 365,7,7,0,PDF 1.7,"['https://sorrb.georgia.gov/review-board/meeting-agendas-and-minutes', 'https://sorrb.georgia.gov/review-board/meeting-agendas-and-minutes#main-content']",['December\n \n2024 Meeting Minutes'],Policy,0.375954270362854
SEXUAL OFFENDERS REGISTRATION REVIEW BOARD MEETING,https://sorrb.georgia.gov/document/document/november-2024-meeting-agenda/download,139.9KB,139.9375,2024-11-12 07:05:05,DHR,,,2024-11-12 07:05:05,Microsoft® Word for Microsoft 365,1,0,1,PDF 1.7,"['https://sorrb.georgia.gov/review-board/meeting-agendas-and-minutes', 'https://sorrb.georgia.gov/review-board/meeting-agendas-and-minutes#main-content']",['November\n \n2024 Meeting Agenda'],Agenda,0.36010515689849854
download,https://sorrb.georgia.gov/document/document/november-2024-meeting-minutes/download,522.4KB,522.3955078125,2024-12-10 11:03:02,"Alvord, Tracy",,,2024-12-10 11:03:02,Microsoft® Word for Microsoft 365,7,8,0,PDF 1.7,"['https://sorrb.georgia.gov/review-board/meeting-agendas-and-minutes', 'https://sorrb.georgia.gov/review-board/meeting-agendas-and-minutes#main-content']",['November\n \n2024 Meeting Minutes'],Policy,0.41327613592147827
download,https://sorrb.georgia.gov/document/document/october-28-2024-emergency-meeting-minutes/download,211.9KB,211.9033203125,2024-11-12 07:05:09,"Alvord, Tracy",,,2024-11-12 07:05:09,Microsoft® Word for Microsoft 365,1,1,0,PDF 1.7,"['https://sorrb.georgia.gov/review-board/meeting-agendas-and-minutes', 'https://sorrb.georgia.gov/review-board/meeting-agendas-and-minutes#main-content']","['October\n \n28, 2024 Emergency Meeting Minutes']",Notice,0.3788173794746399
SEXUAL OFFENDERS REGISTRATION REVIEW BOARD MEETING,https://sorrb.georgia.gov/document/document/october-2024-meeting-agenda/download,110.2KB,110.2099609375,2024-10-07 11:05:02,DHR,,,2024-10-07 11:05:02,Microsoft® Word for Microsoft 365,1,0,1,PDF 1.7,"['https://sorrb.georgia.gov/review-board/meeting-agendas-and-minutes', 'https://sorrb.georgia.gov/review-board/meeting-agendas-and-minutes#main-content']",['October\n \n2024 Meeting Agenda'],Agenda,0.4003957509994507
download,https://sorrb.georgia.gov/document/document/october-2024-meeting-minutes/download,490.6KB,490.57421875,2024-11-12 08:00:08,"Alvord, Tracy",,,2024-11-12 08:00:08,Microsoft® Word for Microsoft 365,7,7,0,PDF 1.7,"['https://sorrb.georgia.gov/review-board/meeting-agendas-and-minutes', 'https://sorrb.georgia.gov/review-board/meeting-agendas-and-minutes#main-content']",['October\n \n2024 Meeting Minutes'],Policy,0.4109187126159668
SEXUAL OFFENDERS REGISTRATION REVIEW BOARD MEETING,https://sorrb.georgia.gov/document/document/september-2024-meeting-agenda/download,140.0KB,140.00390625,2024-09-09 10:01:09,DHR,,,2024-09-09 10:01:09,Microsoft® Word for Microsoft 365,1,0,1,PDF 1.7,"['https://sorrb.georgia.gov/review-board/meeting-agendas-and-minutes', 'https://sorrb.georgia.gov/review-board/meeting-agendas-and-minutes#main-content']",['September\n \n2024 Meeting Agenda'],Agenda,0.36010515689849854
download,https://sorrb.georgia.gov/document/document/september-2024-meeting-minutes/download,237.8KB,237.8232421875,2024-10-07 11:04:09,"Alvord, Tracy",,,2024-10-07 11:04:09,Microsoft® Word for Microsoft 365,2,1,0,PDF 1.7,"['https://sorrb.georgia.gov/review-board/meeting-agendas-and-minutes', 'https://sorrb.georgia.gov/review-board/meeting-agendas-and-minutes#main-content']",['September\n \n2024 Meeting Minutes'],Brochure,0.46634721755981445
SEXUAL OFFENDERS REGISTRATION REVIEW BOARD MEETING,https://sorrb.georgia.gov/document/document/august-2024-meeting-agenda/download,245.5KB,245.5458984375,2024-08-01 20:01:04,DHR,,,2024-08-01 20:01:04,Adobe PDF Library 24.2.229,1,0,1,PDF 1.6,"['https://sorrb.georgia.gov/review-board/meeting-agendas-and-minutes', 'https://sorrb.georgia.gov/review-board/meeting-agendas-and-minutes#main-content']",['August\n \n2024 Meeting Agenda'],Agenda,0.4202553927898407
download,https://sorrb.georgia.gov/document/document/august-2024-meeting-minutes/download,463.5KB,463.509765625,2024-09-09 10:01:02,"Alvord, Tracy",,,2024-09-09 10:01:02,Microsoft® Word for Microsoft 365,6,7,0,PDF 1.7,"['https://sorrb.georgia.gov/review-board/meeting-agendas-and-minutes', 'https://sorrb.georgia.gov/review-board/meeting-agendas-and-minutes#main-content']",['August\n \n2024 Meeting Minutes'],Policy,0.32242488861083984
SEXUAL OFFENDERS REGISTRATION REVIEW BOARD MEETING,https://sorrb.georgia.gov/document/document/july-2024-meeting-agenda/download,141.0KB,140.9619140625,2024-07-10 15:03:06,DHR,,,2024-07-10 15:03:06,Microsoft® Word for Microsoft 365,1,0,1,PDF 1.7,"['https://sorrb.georgia.gov/review-board/meeting-agendas-and-minutes', 'https://sorrb.georgia.gov/review-board/meeting-agendas-and-minutes#main-content']",['July\n \n2024 Meeting Agenda'],Agenda,0.36010515689849854
download,https://sorrb.georgia.gov/document/document/july-2024-meeting-minutes/download,1.3MB,1292.9951171875,2024-08-05 16:05:07,"Alvord, Tracy",,,2024-08-05 16:05:07,Adobe Acrobat Pro (32-bit) 24.2.20965,7,6,4,PDF 1.7,"['https://sorrb.georgia.gov/review-board/meeting-agendas-and-minutes', 'https://sorrb.georgia.gov/review-board/meeting-agendas-and-minutes#main-content']",['July\n \n2024 Meeting Minutes'],Policy,0.35847577452659607
SEXUAL OFFENDERS REGISTRATION REVIEW BOARD MEETING,https://sorrb.georgia.gov/document/document/june-2024-meeting-agenda/download,136.7KB,136.677734375,2024-06-18 17:02:05,DHR,,,2024-06-18 17:02:05,Microsoft® Word for Microsoft 365,1,0,1,PDF 1.7,"['https://sorrb.georgia.gov/review-board/meeting-agendas-and-minutes', 'https://sorrb.georgia.gov/review-board/meeting-agendas-and-minutes#main-content']",['June\n \n2024 Meeting Agenda'],Agenda,0.34498974680900574
download,https://sorrb.georgia.gov/document/document/june-2024-meeting-minutes/download,560.4KB,560.3857421875,2024-06-24 13:01:08,"Alvord, Tracy",,,2024-06-24 13:01:06,Microsoft® Word for Microsoft 365,6,7,0,PDF 1.7,"['https://sorrb.georgia.gov/review-board/meeting-agendas-and-minutes', 'https://sorrb.georgia.gov/review-board/meeting-agendas-and-minutes#main-content']",['June\n \n2024 Meeting Minutes'],Policy,0.3197709321975708
SEXUAL OFFENDERS REGISTRATION REVIEW BOARD MEETING,https://sorrb.georgia.gov/document/document/may-2024-meeting-agenda/download,91.1KB,91.1474609375,2024-05-13 08:01:00,DHR,,,2024-05-13 08:01:00,Microsoft® Word for Microsoft 365,1,0,1,PDF 1.7,"['https://sorrb.georgia.gov/review-board/meeting-agendas-and-minutes', 'https://sorrb.georgia.gov/review-board/meeting-agendas-and-minutes#main-content']",['May\n \n2024 Meeting Agenda'],Notice,0.3182496428489685
download,https://sorrb.georgia.gov/document/document/may-2024-meeting-minutes/download,452.6KB,452.6220703125,2024-05-16 17:03:07,"Alvord, Tracy",,,2024-05-16 17:03:07,Microsoft® Word for Microsoft 365,6,7,0,PDF 1.7,"['https://sorrb.georgia.gov/review-board/meeting-agendas-and-minutes', 'https://sorrb.georgia.gov/review-board/meeting-agendas-and-minutes#main-content']",['May\n \n2024 Meeting Minutes'],Policy,0.3222750127315521
SEXUAL OFFENDERS REGISTRATION REVIEW BOARD MEETING,https://sorrb.georgia.gov/document/document/april-2024-meeting-agenda/download,136.6KB,136.6044921875,2024-04-02 15:05:04,DHR,,,2024-04-02 15:05:04,Microsoft® Word for Microsoft 365,1,0,1,PDF 1.7,"['https://sorrb.georgia.gov/review-board/meeting-agendas-and-minutes', 'https://sorrb.georgia.gov/review-board/meeting-agendas-and-minutes#main-content']",['April\n \n2024 Meeting Agenda'],Agenda,0.34498974680900574
download,https://sorrb.georgia.gov/document/document/april-2024-meeting-minutes/download,457.2KB,457.185546875,2024-04-30 17:05:02,"Alvord, Tracy",,,2024-04-30 17:05:02,Microsoft® Word for Microsoft 365,6,7,0,PDF 1.7,"['https://sorrb.georgia.gov/review-board/meeting-agendas-and-minutes', 'https://sorrb.georgia.gov/review-board/meeting-agendas-and-minutes#main-content']",['April\n \n2024 Meeting Minutes'],Policy,0.3222750127315521
SEXUAL OFFENDERS REGISTRATION REVIEW BOARD MEETING,https://sorrb.georgia.gov/document/document/march-2024-meeting-agenda/download,136.4KB,136.3681640625,2024-03-11 11:02:09,DHR,,,2024-03-11 11:02:09,Microsoft® Word for Microsoft 365,1,0,1,PDF 1.7,"['https://sorrb.georgia.gov/review-board/meeting-agendas-and-minutes', 'https://sorrb.georgia.gov/review-board/meeting-agendas-and-minutes#main-content']",['March\n \n2024 Meeting Agenda'],Agenda,0.34498974680900574
download,https://sorrb.georgia.gov/document/document/march-2024-meeting-minutes/download,453.7KB,453.6943359375,2024-03-14 13:01:04,"Alvord, Tracy",,,2024-03-14 13:01:04,Microsoft® Word for Microsoft 365,6,7,0,PDF 1.7,"['https://sorrb.georgia.gov/review-board/meeting-agendas-and-minutes', 'https://sorrb.georgia.gov/review-board/meeting-agendas-and-minutes#main-content']",['March\n \n2024 Meeting Minutes'],Policy,0.3222750127315521
SEXUAL OFFENDERS REGISTRATION REVIEW BOARD MEETING,https://sorrb.georgia.gov/document/document/february-2024-meeting-agenda/download,90.6KB,90.580078125,2024-02-05 08:01:06,DHR,,,2024-02-05 08:01:06,Microsoft® Word for Microsoft 365,1,0,1,PDF 1.7,"['https://sorrb.georgia.gov/review-board/meeting-agendas-and-minutes', 'https://sorrb.georgia.gov/review-board/meeting-agendas-and-minutes#main-content']",['February\n \n2024 Meeting Agenda'],Notice,0.3182496428489685
download,https://sorrb.georgia.gov/document/document/february-2024-meeting-minutes/download,473.0KB,473.017578125,2024-02-08 14:00:00,"Alvord, Tracy",,,2024-02-08 14:00:00,Microsoft® Word for Microsoft 365,6,7,0,PDF 1.7,"['https://sorrb.georgia.gov/review-board/meeting-agendas-and-minutes', 'https://sorrb.georgia.gov/review-board/meeting-agendas-and-minutes#main-content']",['February\n \n2024 Meeting Minutes'],Policy,0.32242488861083984
SEXUAL OFFENDERS REGISTRATION REVIEW BOARD MEETING,https://sorrb.georgia.gov/document/document/january-2024-meeting-agenda/download,139.1KB,139.09375,2025-01-09 16:05:00,DHR,,,2025-01-09 16:05:00,Microsoft® Word for Microsoft 365,1,0,1,PDF 1.7,"['https://sorrb.georgia.gov/review-board/meeting-agendas-and-minutes', 'https://sorrb.georgia.gov/review-board/meeting-agendas-and-minutes#main-content']",['January\n \n2024 Meeting Agenda'],Agenda,0.36010515689849854
download,https://sorrb.georgia.gov/document/document/january-2024-meeting-minutes/download,458.5KB,458.494140625,2024-02-05 08:00:00,"Alvord, Tracy",,,2024-02-05 08:00:00,Microsoft® Word for Microsoft 365,6,7,0,PDF 1.7,"['https://sorrb.georgia.gov/review-board/meeting-agendas-and-minutes', 'https://sorrb.georgia.gov/review-board/meeting-agendas-and-minutes#main-content']",['January\n \n2024 Meeting Minutes'],Policy,0.32173222303390503
AG-%23872100-v1-OPENGOV__Open_Records_Act_March_2016.pdf,https://law.georgia.gov/sites/law.georgia.gov/files/AG-%23872100-v1-OPENGOV__Open_Records_Act_March_2016.pdf,106.9KB,106.8642578125,2017-03-15 14:01:01,,,,2016-03-24 19:00:07,pdfDocs version 3.3.6.15 (www.docscorp.com),21,0,1,PDF 1.4,"['https://sorrb.georgia.gov/open-records-request#main-content', 'https://sorrb.georgia.gov/open-records-request']",['Georgia Open Records Act'],Procurement,0.29754331707954407
AG-%23872098-v1-OPENGOV_Open_Meetings_Act_-_March_2016.pdf,https://law.georgia.gov/sites/law.georgia.gov/files/AG-%23872098-v1-OPENGOV_Open_Meetings_Act_-_March_2016.pdf,57.2KB,57.244140625,2017-03-15 14:01:01,,,,2016-03-24 18:02:01,pdfDocs version 3.3.6.15 (www.docscorp.com),9,0,1,PDF 1.4,"['https://sorrb.georgia.gov/open-records-request#main-content', 'https://sorrb.georgia.gov/open-records-request']",['Georgia Open Meetings Act'],Procurement,0.3933310806751251
Sexual Offender Risk Review Board ,https://sorrb.georgia.gov/document/document/open-records-request-form/download,251.2KB,251.1611328125,2025-01-07 13:02:01,"Rossi, Cailin",,,2025-01-07 13:01:09,Adobe PDF Library 24.5.96,2,1,1,PDF 1.7,"['https://sorrb.georgia.gov/open-records-request#main-content', 'https://sorrb.georgia.gov/open-records-request']",['Download\n \nthe Open Records Request form.'],Form,0.6013403534889221
Adam Walsh Act,https://www.justice.gov/archive/olp/pdf/adam_walsh_act.pdf,472.4KB,472.3525390625,2007-01-24 17:05:06,,,,2006-07-26 11:00:00,Acrobat Distiller 6.0.1 (Windows),64,0,0,PDF 1.5,"['https://sorrb.georgia.gov/helpful-terms-and-definitions', 'https://sorrb.georgia.gov/helpful-terms-and-definitions#main-content']",['External link to Act document.'],Report,0.5118607878684998
Release of Info Form,https://sorrb.georgia.gov/document/document/request-expedited-classification-form/download,247.4KB,247.35546875,2025-01-07 13:02:04,"Rebecca Beaton, PhD, LPC - CONFIDENTIAL",,,2025-01-07 13:02:03,Adobe PDF Library 24.5.96,3,7,1,PDF 1.7,"['https://sorrb.georgia.gov/risk-classification/how-do-i-request-expedited-classification#hdi-176-step-2', 'https://sorrb.georgia.gov/risk-classification/how-do-i-request-expedited-classification', 'https://sorrb.georgia.gov/risk-classification/how-do-i-request-expedited-classification#hdi-176-step-4', 'https://sorrb.georgia.gov/risk-classification/how-do-i-request-expedited-classification#hdi-176-step-5', 'https://sorrb.georgia.gov/risk-classification/how-do-i-request-expedited-classification#hdi-176-step-7', 'https://sorrb.georgia.gov/risk-classification/how-do-i-request-expedited-classification#hdi-176-step-6', 'https://sorrb.georgia.gov/risk-classification/how-do-i-request-expedited-classification#main-content', 'https://sorrb.georgia.gov/risk-classification/how-do-i-request-expedited-classification#hdi-176-step-1', 'https://sorrb.georgia.gov/risk-classification/how-do-i-request-expedited-classification#hdi-176-step-3']",['Request\n \nfor SORRB Classification'],Form,0.8127668499946594
SEXUAL OFFENDER RISK REVIEW BOARD ,https://sorrb.georgia.gov/document/document/request-reevaluation-form/download,127.5KB,127.51953125,2025-01-07 13:02:03,"Alvord, Tracy",,,2025-01-07 13:02:01,Adobe PDF Library 24.5.96,1,1,1,PDF 1.7,"['https://sorrb.georgia.gov/risk-classification/how-do-i-request-reevaluation#hdi-226-step-4', 'https://sorrb.georgia.gov/risk-classification/how-do-i-request-reevaluation#hdi-226-step-2', 'https://sorrb.georgia.gov/risk-classification/how-do-i-request-reevaluation#main-content', 'https://sorrb.georgia.gov/risk-classification/how-do-i-request-reevaluation#hdi-226-step-3', 'https://sorrb.georgia.gov/risk-classification/how-do-i-request-reevaluation', 'https://sorrb.georgia.gov/risk-classification/how-do-i-request-reevaluation#hdi-226-step-1']",['Download\n \nthe Reevaluation Request form.'],Form,0.5547162890434265
download,https://sorrb.georgia.gov/document/document/request-10-year-review-form/download,187.9KB,187.9287109375,2025-01-07 13:01:06,"Alvord, Tracy",,,2025-01-07 13:01:02,Adobe PDF Library 24.5.96,1,1,1,PDF 1.6,"['https://sorrb.georgia.gov/risk-classification/how-do-i-request-10-year-review#hdi-251-step-1', 'https://sorrb.georgia.gov/risk-classification/how-do-i-request-10-year-review#main-content', 'https://sorrb.georgia.gov/risk-classification/how-do-i-request-10-year-review#hdi-251-step-2', 'https://sorrb.georgia.gov/risk-classification/how-do-i-request-10-year-review#hdi-251-step-3', 'https://sorrb.georgia.gov/risk-classification/how-do-i-request-10-year-review#hdi-251-step-4', 'https://sorrb.georgia.gov/risk-classification/how-do-i-request-10-year-review']","['Download\n \nthe ""Request for 10-Year Reevaluation"" form.']",Form,0.6096482872962952
