file_name,url,file_size,file_size_kilobytes,last_modified_date,author,subject,keywords,creation_date,producer,number_of_pages,number_of_tables,number_of_images,version,source,text_around_link,predicted_category,predicted_category_confidence
download,https://veterans.georgia.gov/document/document/georgia-department-veterans-service-resource-guide/download,16.7MB,17110.0458984375,2025-01-15 12:02:08,,,,2025-01-15 12:02:07,Adobe PDF Library 10.0.1,56,11,71,PDF 1.4,"['https://veterans.georgia.gov/services/benefits-assistance', 'https://veterans.georgia.gov/services/appeals-support', 'https://veterans.georgia.gov', 'https://veterans.georgia.gov#main-content', 'https://veterans.georgia.gov/services/suicide-prevention-and-outreach#main-content', 'https://veterans.georgia.gov?instance_overrides_key=cLUXcB498jJ3oN9mLahgzka7QDZLr682Syj8WbTWz4U&page=1#main-content', 'https://veterans.georgia.gov?instance_overrides_key=cLUXcB498jJ3oN9mLahgzka7QDZLr682Syj8WbTWz4U&page=0#main-content', 'https://veterans.georgia.gov/state-benefits#main-content', 'https://veterans.georgia.gov/state-benefits', 'https://veterans.georgia.gov/services/education-and-training', 'https://veterans.georgia.gov?instance_overrides_key=cLUXcB498jJ3oN9mLahgzka7QDZLr682Syj8WbTWz4U&page=0', 'https://veterans.georgia.gov/services/memorial-cemeteries', 'https://veterans.georgia.gov/services/appeals-support#main-content', 'https://veterans.georgia.gov/services/war-veterans-homes', 'https://veterans.georgia.gov/services/suicide-prevention-and-outreach', 'https://veterans.georgia.gov/services/memorial-cemeteries#main-content', 'https://veterans.georgia.gov/services/benefits-assistance#main-content', 'https://veterans.georgia.gov/services/education-and-training#main-content', 'https://veterans.georgia.gov/services/war-veterans-homes#main-content', 'https://veterans.georgia.gov?instance_overrides_key=cLUXcB498jJ3oN9mLahgzka7QDZLr682Syj8WbTWz4U&page=1', 'https://veterans.georgia.gov/book/export/html/1496']","[""New Resource Guide!        \nGeorgia's 2025 Veterans Resource Guide is now available!"", 'Download', 'available to download']",Brochure,0.6543511748313904
download,https://veterans.georgia.gov/document/document/january-2025-board-minutes/download,7.2MB,7362.8466796875,2025-02-20 13:05:03,,,,2025-02-20 13:05:03,HP Scan Extended Application,21,0,21,PDF 1.7,"['https://veterans.georgia.gov/about-us/state-veterans-service-board#main-content', 'https://veterans.georgia.gov/about-us/state-veterans-service-board']",['January'],Slides,0.7263047695159912
download,https://veterans.georgia.gov/document/document/february-2025-board-minutes/download,8.9MB,9095.048828125,2025-03-19 14:03:07,,,,2025-03-19 14:03:07,HP Scan Extended Application,26,0,26,PDF 1.7,"['https://veterans.georgia.gov/about-us/state-veterans-service-board#main-content', 'https://veterans.georgia.gov/about-us/state-veterans-service-board']",['February'],Slides,0.6567361950874329
download,https://veterans.georgia.gov/document/document/march-2025-board-minutes/download,8.1MB,8243.77734375,2025-04-16 13:00:04,,,,2025-04-16 13:00:04,HP Scan Extended Application,24,0,24,PDF 1.7,"['https://veterans.georgia.gov/about-us/state-veterans-service-board#main-content', 'https://veterans.georgia.gov/about-us/state-veterans-service-board']",['March'],Slides,0.6595787405967712
download,https://veterans.georgia.gov/document/document/january-2024-special-meeting-minutes/download,586.5KB,586.5361328125,2024-01-23 13:04:03,,,,2024-01-23 13:04:03,HP Scan Extended Application,2,0,2,PDF 1.7,"['https://veterans.georgia.gov/about-us/state-veterans-service-board#main-content', 'https://veterans.georgia.gov/about-us/state-veterans-service-board']",['January\xa0- Special Called Meeting'],Brochure,0.6032117605209351
download,https://veterans.georgia.gov/document/document/january-2024-board-minutes/download,7.6MB,7794.51171875,2024-02-27 14:03:06,,,,2024-02-27 14:03:06,HP Scan Extended Application,24,0,24,PDF 1.7,"['https://veterans.georgia.gov/about-us/state-veterans-service-board#main-content', 'https://veterans.georgia.gov/about-us/state-veterans-service-board']",['January'],Slides,0.6595787405967712
download,https://veterans.georgia.gov/document/document/february-2024-board-minutes/download,9.7MB,9959.1318359375,2024-04-01 11:02:06,,,,2024-04-01 11:02:06,HP Scan Extended Application,37,0,37,PDF 1.7,"['https://veterans.georgia.gov/about-us/state-veterans-service-board#main-content', 'https://veterans.georgia.gov/about-us/state-veterans-service-board']",['February'],Report,0.7006129622459412
download,https://veterans.georgia.gov/document/document/march-2024-board-minutes/download,7.4MB,7528.01171875,2024-05-20 13:03:09,,,,2024-05-20 13:03:09,HP Scan Extended Application,21,0,21,PDF 1.7,"['https://veterans.georgia.gov/about-us/state-veterans-service-board#main-content', 'https://veterans.georgia.gov/about-us/state-veterans-service-board']",['March'],Slides,0.7263047695159912
download,https://veterans.georgia.gov/document/document/april-2024-board-minutes/download,766.2KB,766.1552734375,2024-05-22 10:02:01,"Hammond, Julie",,,2024-05-22 10:02:01,Microsoft® Word for Microsoft 365,23,10,5,PDF 1.7,"['https://veterans.georgia.gov/about-us/state-veterans-service-board#main-content', 'https://veterans.georgia.gov/about-us/state-veterans-service-board']",['April'],Slides,0.45321959257125854
download,https://veterans.georgia.gov/document/document/may-2024-board-minutes/download,6.7MB,6872.0458984375,2024-07-24 13:05:00,,,,2024-07-24 13:05:00,HP Scan Extended Application,20,0,20,PDF 1.7,"['https://veterans.georgia.gov/about-us/state-veterans-service-board#main-content', 'https://veterans.georgia.gov/about-us/state-veterans-service-board']",['May'],Slides,0.7034204006195068
download,https://veterans.georgia.gov/document/document/july-2024-board-minutes/download,18.9MB,19384.548828125,2024-08-14 14:00:07,,,,2024-08-14 14:00:07,HP Scan Extended Application,57,0,57,PDF 1.7,"['https://veterans.georgia.gov/about-us/state-veterans-service-board#main-content', 'https://veterans.georgia.gov/about-us/state-veterans-service-board']",['July'],Report,0.7709850668907166
download,https://veterans.georgia.gov/document/document/august-2024-board-minutes/download,7.9MB,8062.8642578125,2024-09-25 13:04:09,,,,2024-09-25 13:04:09,HP Scan Extended Application,23,0,23,PDF 1.7,"['https://veterans.georgia.gov/about-us/state-veterans-service-board#main-content', 'https://veterans.georgia.gov/about-us/state-veterans-service-board']",['August'],Slides,0.6505340933799744
download,https://veterans.georgia.gov/document/document/august-2024-joint-board-meeting-minutes/download,22.4MB,22887.779296875,2024-09-25 14:01:04,,,,2024-09-25 14:01:04,HP Scan Extended Application,57,0,57,PDF 1.7,"['https://veterans.georgia.gov/about-us/state-veterans-service-board#main-content', 'https://veterans.georgia.gov/about-us/state-veterans-service-board']",['August\xa0Joint VSB-GVSF Meeting'],Report,0.7036641836166382
download,https://veterans.georgia.gov/document/document/september-2024-board-minutes/download,11.0MB,11213.7607421875,2024-10-24 09:01:09,,,,2024-10-24 09:01:09,HP Scan Extended Application,30,0,30,PDF 1.7,"['https://veterans.georgia.gov/about-us/state-veterans-service-board#main-content', 'https://veterans.georgia.gov/about-us/state-veterans-service-board']",['September'],Slides,0.45257437229156494
download,https://veterans.georgia.gov/document/document/october-2024-board-minutes/download,9.8MB,10004.3662109375,2024-11-21 08:04:01,,,,2024-11-21 08:04:01,HP Scan Extended Application,28,0,28,PDF 1.7,"['https://veterans.georgia.gov/about-us/state-veterans-service-board#main-content', 'https://veterans.georgia.gov/about-us/state-veterans-service-board']",['October'],Slides,0.510910153388977
download,https://veterans.georgia.gov/document/document/november-2024-special-called-meeting/download,519.7KB,519.7294921875,2024-11-21 08:02:06,,,,2024-11-21 08:02:06,HP Scan Extended Application,2,0,2,PDF 1.7,"['https://veterans.georgia.gov/about-us/state-veterans-service-board#main-content', 'https://veterans.georgia.gov/about-us/state-veterans-service-board']",['November\xa0- Special Called Meeting'],Brochure,0.7058854699134827
download,https://veterans.georgia.gov/document/document/november-2024-board-minutes/download,8.6MB,8787.9208984375,2024-12-19 14:00:02,,,,2024-12-19 14:00:02,HP Scan Extended Application,25,0,25,PDF 1.7,"['https://veterans.georgia.gov/about-us/state-veterans-service-board#main-content', 'https://veterans.georgia.gov/about-us/state-veterans-service-board']",['November'],Slides,0.6567361950874329
download,https://veterans.georgia.gov/document/document/december-2024-board-minutes/download,7.2MB,7399.87109375,2025-01-15 14:01:09,,,,2025-01-15 14:01:09,HP Scan Extended Application,21,0,21,PDF 1.7,"['https://veterans.georgia.gov/about-us/state-veterans-service-board#main-content', 'https://veterans.georgia.gov/about-us/state-veterans-service-board']",['December'],Slides,0.7263047695159912
download,https://veterans.georgia.gov/document/document/january-2023-board-minutes/download,7.6MB,7757.767578125,2023-02-23 14:05:05,,,,2023-02-23 14:05:05,HP Scan Extended Application,23,0,23,PDF 1.7,"['https://veterans.georgia.gov/about-us/state-veterans-service-board#main-content', 'https://veterans.georgia.gov/events/2023-02-23/veterans-service-board-meeting', 'https://veterans.georgia.gov/about-us/state-veterans-service-board', 'https://veterans.georgia.gov/events/2023-02-23/veterans-service-board-meeting#main-content']","['January', 'January\xa02023 Board Minutes']",Slides,0.6758005023002625
download,https://veterans.georgia.gov/document/document/february-2023-board-minutes/download,9.7MB,9894.1015625,2023-03-24 09:00:00,,,,2023-03-24 09:00:00,HP Scan Extended Application,28,0,28,PDF 1.7,"['https://veterans.georgia.gov/about-us/state-veterans-service-board#main-content', 'https://veterans.georgia.gov/about-us/state-veterans-service-board', 'https://veterans.georgia.gov/events/2023-03-23/veterans-service-board-meeting#main-content', 'https://veterans.georgia.gov/events/2023-03-23/veterans-service-board-meeting']","['February\xa02023 Board Minutes', 'February']",Slides,0.5431334972381592
download,https://veterans.georgia.gov/document/document/march-2023-board-minutes/download,8.9MB,9155.09375,2023-04-19 13:02:07,,,,2023-04-19 13:02:07,HP Scan Extended Application,27,0,27,PDF 1.7,"['https://veterans.georgia.gov/about-us/state-veterans-service-board#main-content', 'https://veterans.georgia.gov/about-us/state-veterans-service-board']",['March'],Slides,0.49415627121925354
download,https://veterans.georgia.gov/document/document/april-2023-board-minutes/download,572.5KB,572.4697265625,2023-07-05 10:01:02,"Hammond, Julie",,,2023-07-05 10:01:02,Microsoft® Word for Microsoft 365,24,11,5,PDF 1.7,"['https://veterans.georgia.gov/about-us/state-veterans-service-board#main-content', 'https://veterans.georgia.gov/about-us/state-veterans-service-board']",['April'],Slides,0.4610191583633423
download,https://veterans.georgia.gov/document/document/may-2023-board-minutes/download,307.3KB,307.33203125,2023-07-05 10:01:05,"Hammond, Julie",,,2023-07-05 10:01:05,Adobe PDF Library 15.0,26,12,4,PDF 1.5,"['https://veterans.georgia.gov/about-us/state-veterans-service-board#main-content', 'https://veterans.georgia.gov/about-us/state-veterans-service-board']",['May'],Report,0.39614248275756836
download,https://veterans.georgia.gov/document/document/june-2023-board-minutes/download,9.5MB,9720.748046875,2023-07-31 13:02:05,,,,2023-07-31 13:02:05,HP Scan Extended Application,29,0,29,PDF 1.7,"['https://veterans.georgia.gov/about-us/state-veterans-service-board#main-content', 'https://veterans.georgia.gov/about-us/state-veterans-service-board']",['June'],Slides,0.5100430846214294
download,https://veterans.georgia.gov/document/document/july-2023-board-minutes/download,933.8KB,933.7861328125,2023-08-23 11:02:00,"Hammond, Julie",,,2023-08-23 11:02:00,Microsoft® Word for Microsoft 365,24,13,8,PDF 1.7,"['https://veterans.georgia.gov/about-us/state-veterans-service-board#main-content', 'https://veterans.georgia.gov/about-us/state-veterans-service-board']",['July'],Slides,0.46456781029701233
download,https://veterans.georgia.gov/document/document/august-2023-board-minutes/download,10.4MB,10604.4033203125,2023-09-27 14:00:00,,,,2023-09-27 14:00:00,HP Scan Extended Application,31,0,31,PDF 1.7,"['https://veterans.georgia.gov/about-us/state-veterans-service-board#main-content', 'https://veterans.georgia.gov/about-us/state-veterans-service-board']",['August'],Report,0.44406068325042725
download,https://veterans.georgia.gov/document/document/september-2023-board-minutes/download,8.4MB,8608.419921875,2023-10-30 13:03:01,,,,2023-10-30 13:03:01,HP Scan Extended Application,25,0,25,PDF 1.7,"['https://veterans.georgia.gov/about-us/state-veterans-service-board#main-content', 'https://veterans.georgia.gov/about-us/state-veterans-service-board']",['September'],Slides,0.6567361950874329
download,https://veterans.georgia.gov/document/document/october-2023-board-minutes/download,505.9KB,505.9296875,2023-11-17 09:02:07,"Hammond, Julie",,,2023-11-17 09:02:07,Microsoft® Word for Microsoft 365,20,11,4,PDF 1.7,"['https://veterans.georgia.gov/about-us/state-veterans-service-board#main-content', 'https://veterans.georgia.gov/about-us/state-veterans-service-board']",['October'],Slides,0.30370864272117615
download,https://veterans.georgia.gov/document/document/november-2023-board-minutes/download,6.7MB,6831.6484375,2023-12-19 13:04:03,,,,2023-12-19 13:04:03,HP Scan Extended Application,20,0,20,PDF 1.7,"['https://veterans.georgia.gov/about-us/state-veterans-service-board#main-content', 'https://veterans.georgia.gov/about-us/state-veterans-service-board']",['November'],Slides,0.7034204006195068
download,https://veterans.georgia.gov/document/document/december-2023-board-minutes/download,7.5MB,7714.0078125,2024-01-23 13:03:07,,,,2024-01-23 13:03:07,HP Scan Extended Application,22,0,22,PDF 1.7,"['https://veterans.georgia.gov/about-us/state-veterans-service-board#main-content', 'https://veterans.georgia.gov/about-us/state-veterans-service-board']",['December'],Slides,0.7637107968330383
download,https://veterans.georgia.gov/document/document/january-2022-board-minutes/download,7.5MB,7713.625,2022-03-03 09:04:07,,,,2022-03-03 09:04:07,HP Scan Extended Application,21,0,21,PDF 1.7,"['https://veterans.georgia.gov/about-us/state-veterans-service-board#main-content', 'https://veterans.georgia.gov/about-us/state-veterans-service-board']",['January'],Slides,0.7261936068534851
download,https://veterans.georgia.gov/document/document/february-2022-board-minutes/download,8.2MB,8395.6728515625,2022-04-14 08:03:09,,,,2022-04-14 08:03:09,HP Scan Extended Application,24,0,24,PDF 1.7,"['https://veterans.georgia.gov/about-us/state-veterans-service-board#main-content', 'https://veterans.georgia.gov/about-us/state-veterans-service-board']",['February'],Slides,0.6595787405967712
download,https://veterans.georgia.gov/document/document/march-2022-board-minutes/download,8.0MB,8229.1474609375,2022-05-25 14:04:08,,,,2022-05-25 14:04:08,HP Scan Extended Application,23,0,23,PDF 1.7,"['https://veterans.georgia.gov/about-us/state-veterans-service-board#main-content', 'https://veterans.georgia.gov/about-us/state-veterans-service-board']",['March'],Slides,0.6505340933799744
download,https://veterans.georgia.gov/document/document/may-2022-board-minutes/download,18.6MB,19058.70703125,2022-07-07 10:01:04,,,,2022-07-07 10:01:04,HP Scan Extended Application,54,0,54,PDF 1.7,"['https://veterans.georgia.gov/about-us/state-veterans-service-board#main-content', 'https://veterans.georgia.gov/about-us/state-veterans-service-board']",['May'],Report,0.7867249846458435
download,https://veterans.georgia.gov/document/document/june-2022-board-minutes/download,7.7MB,7886.892578125,2022-08-03 08:03:08,,,,2022-08-03 08:03:08,HP Scan Extended Application,22,0,22,PDF 1.7,"['https://veterans.georgia.gov/about-us/state-veterans-service-board#main-content', 'https://veterans.georgia.gov/about-us/state-veterans-service-board']",['June'],Slides,0.7637107968330383
download,https://veterans.georgia.gov/document/document/july-2022-board-minutes/download,5.7MB,5812.6337890625,2022-09-19 13:04:04,,,,2022-09-19 13:04:04,HP Scan Extended Application,16,0,16,PDF 1.7,"['https://veterans.georgia.gov/about-us/state-veterans-service-board#main-content', 'https://veterans.georgia.gov/about-us/state-veterans-service-board']",['July'],Report,0.43767112493515015
download,https://veterans.georgia.gov/document/document/august-2022-board-minutes/download,14.6MB,14942.919921875,2022-10-24 11:05:03,,,,2022-10-24 11:05:03,HP Scan Extended Application,40,0,40,PDF 1.7,"['https://veterans.georgia.gov/about-us/state-veterans-service-board#main-content', 'https://veterans.georgia.gov/about-us/state-veterans-service-board']",['August'],Report,0.781636118888855
download,https://veterans.georgia.gov/document/document/september-2022-board-minutes/download,8.5MB,8713.8466796875,2022-10-25 14:01:06,,,,2022-10-25 14:01:06,HP Scan Extended Application,25,0,25,PDF 1.7,"['https://veterans.georgia.gov/about-us/state-veterans-service-board#main-content', 'https://veterans.georgia.gov/about-us/state-veterans-service-board']",['September'],Slides,0.6567361950874329
download,https://veterans.georgia.gov/document/document/october-2022-board-minutes/download,9.7MB,9975.619140625,2022-12-19 08:00:08,,,,,,28,0,28,PDF 1.3,"['https://veterans.georgia.gov/about-us/state-veterans-service-board#main-content', 'https://veterans.georgia.gov/about-us/state-veterans-service-board']",['October'],Slides,0.510910153388977
download,https://veterans.georgia.gov/document/document/december-2022-board-minutes/download,11.9MB,12199.373046875,2023-02-23 14:04:04,,,,2023-02-23 14:04:04,HP Scan Extended Application,34,0,34,PDF 1.7,"['https://veterans.georgia.gov/about-us/state-veterans-service-board#main-content', 'https://veterans.georgia.gov/about-us/state-veterans-service-board']",['December'],Report,0.4959048330783844
download,https://veterans.georgia.gov/document/document/january-2021-board-minutespdf/download,3.5MB,3552.6728515625,2021-06-29 10:00:09,,,,2021-06-28 14:04:03,Adobe Acrobat 10.1.16 Paper Capture Plug-in,15,5,15,PDF 1.7,"['https://veterans.georgia.gov/about-us/state-veterans-service-board#main-content', 'https://veterans.georgia.gov/about-us/state-veterans-service-board']",['January'],Report,0.31192201375961304
download,https://veterans.georgia.gov/document/document/february-2021-board-minutespdf/download,3.9MB,3960.142578125,2021-06-29 09:04:00,,,,2021-06-28 15:02:01,Adobe Acrobat 10.1.16 Paper Capture Plug-in,19,11,19,PDF 1.7,"['https://veterans.georgia.gov/about-us/state-veterans-service-board#main-content', 'https://veterans.georgia.gov/about-us/state-veterans-service-board']",['February'],Slides,0.7508540153503418
download,https://veterans.georgia.gov/document/document/march-2021-board-minutespdf/download,3.8MB,3884.6962890625,2021-06-29 09:03:05,,,,2021-06-28 15:03:08,Adobe Acrobat 10.1.16 Paper Capture Plug-in,16,3,16,PDF 1.7,"['https://veterans.georgia.gov/about-us/state-veterans-service-board#main-content', 'https://veterans.georgia.gov/about-us/state-veterans-service-board']",['March'],Report,0.4043855667114258
download,https://veterans.georgia.gov/document/document/april-2021-board-minutespdf/download,7.2MB,7387.40234375,2021-08-27 13:00:08,,,,2021-08-27 13:00:08,HP Scan Extended Application,19,0,19,PDF 1.7,"['https://veterans.georgia.gov/about-us/state-veterans-service-board#main-content', 'https://veterans.georgia.gov/about-us/state-veterans-service-board']",['April'],Slides,0.7014769911766052
download,https://veterans.georgia.gov/document/document/may-2021-board-minutespdf/download,6.2MB,6360.52734375,2021-08-27 13:01:04,,,,2021-08-27 13:01:04,HP Scan Extended Application,18,0,18,PDF 1.7,"['https://veterans.georgia.gov/about-us/state-veterans-service-board#main-content', 'https://veterans.georgia.gov/about-us/state-veterans-service-board']",['May'],Slides,0.5670158863067627
download,https://veterans.georgia.gov/document/document/june-2021-board-minutespdf/download,5.7MB,5873.611328125,2021-08-27 13:01:09,,,,2021-08-27 13:01:09,HP Scan Extended Application,17,0,17,PDF 1.7,"['https://veterans.georgia.gov/about-us/state-veterans-service-board#main-content', 'https://veterans.georgia.gov/about-us/state-veterans-service-board']",['June'],Slides,0.5692903995513916
download,https://veterans.georgia.gov/document/document/august-2021-board-minutes/download,12.6MB,12882.2626953125,2021-08-31 11:00:07,,,,2021-08-31 11:00:07,HP Scan Extended Application,35,0,35,PDF 1.7,"['https://veterans.georgia.gov/about-us/state-veterans-service-board#main-content', 'https://veterans.georgia.gov/about-us/state-veterans-service-board']",['August'],Report,0.6338609457015991
download,https://veterans.georgia.gov/document/document/september-2021-board-minutes/download,9.4MB,9674.9482421875,2021-11-01 09:02:02,,,,2021-11-01 09:02:02,HP Scan Extended Application,26,0,26,PDF 1.7,"['https://veterans.georgia.gov/about-us/state-veterans-service-board#main-content', 'https://veterans.georgia.gov/about-us/state-veterans-service-board']",['September'],Slides,0.6718732714653015
download,https://veterans.georgia.gov/document/document/october-2021-board-minutes/download,6.8MB,6927.2626953125,2021-11-18 15:00:08,,,,2021-11-18 15:00:08,HP Scan Extended Application,20,0,20,PDF 1.7,"['https://veterans.georgia.gov/about-us/state-veterans-service-board#main-content', 'https://veterans.georgia.gov/about-us/state-veterans-service-board']",['October'],Slides,0.7034204006195068
download,https://veterans.georgia.gov/document/document/november-2021-board-minutes/download,6.7MB,6865.4365234375,2021-12-20 08:01:02,,,,2021-12-20 08:01:02,HP Scan Extended Application,20,0,20,PDF 1.7,"['https://veterans.georgia.gov/about-us/state-veterans-service-board#main-content', 'https://veterans.georgia.gov/about-us/state-veterans-service-board']",['November'],Slides,0.7034204006195068
download,https://veterans.georgia.gov/document/document/december-2021-board-minutes/download,6.6MB,6768.759765625,2022-01-28 07:04:04,,,,2022-01-28 07:04:04,HP Scan Extended Application,20,0,20,PDF 1.7,"['https://veterans.georgia.gov/about-us/state-veterans-service-board#main-content', 'https://veterans.georgia.gov/about-us/state-veterans-service-board']",['December'],Slides,0.7034204006195068
download,https://veterans.georgia.gov/document/document/foundation-minutes-june-2019/download,985.6KB,985.5546875,2024-10-03 09:03:07,,,,2024-10-03 09:03:07,HP Scan Extended Application,3,0,3,PDF 1.7,"['https://veterans.georgia.gov/about-us/veterans-service-foundation', 'https://veterans.georgia.gov/about-us/veterans-service-foundation#main-content']",['June\xa02019'],Brochure,0.7105957269668579
download,https://veterans.georgia.gov/document/document/foundation-minutes-august-2020/download,622.9KB,622.9248046875,2024-10-03 09:03:09,,,,2024-10-03 09:03:09,HP Scan Extended Application,2,0,2,PDF 1.7,"['https://veterans.georgia.gov/about-us/veterans-service-foundation', 'https://veterans.georgia.gov/about-us/veterans-service-foundation#main-content']",['August\xa02020'],Brochure,0.7155464291572571
download,https://veterans.georgia.gov/document/document/foundation-minutes-october-2020/download,568.5KB,568.544921875,2024-10-03 09:04:00,,,,2024-10-03 09:04:00,HP Scan Extended Application,2,0,2,PDF 1.7,"['https://veterans.georgia.gov/about-us/veterans-service-foundation', 'https://veterans.georgia.gov/about-us/veterans-service-foundation#main-content']",['October\xa02020'],Brochure,0.7008287310600281
download,https://veterans.georgia.gov/document/document/foundation-minutes-february-2021/download,802.5KB,802.462890625,2024-10-03 09:04:01,,,,2024-10-03 09:04:01,HP Scan Extended Application,3,0,3,PDF 1.7,"['https://veterans.georgia.gov/about-us/veterans-service-foundation', 'https://veterans.georgia.gov/about-us/veterans-service-foundation#main-content']",['February\xa02021'],Brochure,0.6859135627746582
download,https://veterans.georgia.gov/document/document/foundation-minutes-september-2021/download,250.5KB,250.5048828125,2024-10-03 09:03:07,jhammond,,,2024-10-03 09:03:07,Microsoft® Word for Microsoft 365,10,0,1,PDF 1.7,"['https://veterans.georgia.gov/about-us/veterans-service-foundation', 'https://veterans.georgia.gov/about-us/veterans-service-foundation#main-content']",['September\xa02021'],Policy,0.240106463432312
Board Meeting,https://veterans.georgia.gov/document/document/foundation-minutes-june-2022/download,166.2KB,166.1787109375,2024-10-03 09:03:07,"Anita Nelson, Confidential Secretary",,,2024-10-03 09:03:07,Microsoft® Word for Microsoft 365,2,0,2,PDF 1.7,"['https://veterans.georgia.gov/about-us/veterans-service-foundation', 'https://veterans.georgia.gov/about-us/veterans-service-foundation#main-content']",['June\xa02022'],Agenda,0.46167653799057007
download,https://veterans.georgia.gov/document/document/foundation-minutes-july-2023/download,1.8MB,1817.2880859375,2024-10-03 09:04:02,,,,2024-10-03 09:04:02,HP Scan Extended Application,6,0,6,PDF 1.7,"['https://veterans.georgia.gov/about-us/veterans-service-foundation', 'https://veterans.georgia.gov/about-us/veterans-service-foundation#main-content']",['July\xa02023'],Brochure,0.19502012431621552
download,https://veterans.georgia.gov/document/document/foundation-minutes-october-2023/download,582.1KB,582.119140625,2024-10-03 09:04:04,,,,2024-10-03 09:04:04,HP Scan Extended Application,2,0,2,PDF 1.7,"['https://veterans.georgia.gov/about-us/veterans-service-foundation', 'https://veterans.georgia.gov/about-us/veterans-service-foundation#main-content']",['October\xa02023'],Brochure,0.7008287310600281
download,https://veterans.georgia.gov/document/document/foundation-minutes-november-2023/download,1.5MB,1565.7705078125,2024-10-03 09:04:06,,,,2024-10-03 09:04:06,HP Scan Extended Application,6,0,6,PDF 1.7,"['https://veterans.georgia.gov/about-us/veterans-service-foundation', 'https://veterans.georgia.gov/about-us/veterans-service-foundation#main-content']",['November\xa02023'],Brochure,0.20564672350883484
download,https://veterans.georgia.gov/document/document/foundation-minutes-december-2023/download,642.1KB,642.0595703125,2024-10-03 09:04:07,,,,2024-10-03 09:04:07,HP Scan Extended Application,2,0,2,PDF 1.7,"['https://veterans.georgia.gov/about-us/veterans-service-foundation', 'https://veterans.georgia.gov/about-us/veterans-service-foundation#main-content']",['December\xa02023'],Brochure,0.7234737873077393
download,https://veterans.georgia.gov/document/document/foundation-minutes-february-2024/download,558.6KB,558.638671875,2024-10-03 09:04:08,,,,2024-10-03 09:04:08,HP Scan Extended Application,2,0,2,PDF 1.7,"['https://veterans.georgia.gov/about-us/veterans-service-foundation', 'https://veterans.georgia.gov/about-us/veterans-service-foundation#main-content']",['February\xa02024'],Brochure,0.704391360282898
download,https://veterans.georgia.gov/document/document/foundation-minutes-march-2024/download,585.2KB,585.2216796875,2024-10-03 09:04:09,,,,2024-10-03 09:04:09,HP Scan Extended Application,2,0,2,PDF 1.7,"['https://veterans.georgia.gov/about-us/veterans-service-foundation', 'https://veterans.georgia.gov/about-us/veterans-service-foundation#main-content']",['March\xa02024'],Brochure,0.7003995776176453
download,https://veterans.georgia.gov/document/document/foundation-minutes-june-2024/download,767.0KB,767.0068359375,2024-10-03 09:05:00,,,,2024-10-03 09:05:00,HP Scan Extended Application,3,0,3,PDF 1.7,"['https://veterans.georgia.gov/about-us/veterans-service-foundation', 'https://veterans.georgia.gov/about-us/veterans-service-foundation#main-content']",['June\xa02024'],Brochure,0.682877779006958
download,https://veterans.georgia.gov/document/document/foundation-minutes-august-2024/download,1.3MB,1290.01953125,2024-10-03 09:05:02,,,,2024-10-03 09:05:02,HP Scan Extended Application,4,0,4,PDF 1.7,"['https://veterans.georgia.gov/about-us/veterans-service-foundation', 'https://veterans.georgia.gov/about-us/veterans-service-foundation#main-content']",['August\xa02024'],Brochure,0.692377507686615
download,https://veterans.georgia.gov/document/document/foundation-minutes-september-2024/download,1.6MB,1687.2080078125,2024-10-03 14:01:09,,,,2024-10-03 14:01:09,HP Scan Extended Application,5,0,5,PDF 1.7,"['https://veterans.georgia.gov/about-us/veterans-service-foundation', 'https://veterans.georgia.gov/about-us/veterans-service-foundation#main-content']",['September\xa02024'],Brochure,0.1996922343969345
download,https://veterans.georgia.gov/document/document/foundation-minutes-october-2024/download,177.6KB,177.5751953125,2025-01-07 10:01:05,"Hammond, Julie",,,2025-01-07 10:00:08,Microsoft® Word for Microsoft 365,4,0,1,PDF 1.7,"['https://veterans.georgia.gov/about-us/veterans-service-foundation', 'https://veterans.georgia.gov/about-us/veterans-service-foundation#main-content']",['October\xa02024'],Brochure,0.4448714554309845
download,https://veterans.georgia.gov/document/document/foundation-minutes-december-6-2024/download,198.7KB,198.6650390625,2025-02-07 11:04:00,"Hammond, Julie",,,2025-02-07 11:03:06,Microsoft® Word for Microsoft 365,6,0,1,PDF 1.7,"['https://veterans.georgia.gov/about-us/veterans-service-foundation', 'https://veterans.georgia.gov/about-us/veterans-service-foundation#main-content']",['December\xa06 2024'],Policy,0.2956167161464691
download,https://veterans.georgia.gov/document/document/foundation-minutes-december-27-2024/download,1.4MB,1384.078125,2025-02-07 08:01:01,,,,2025-02-07 08:01:01,HP Scan Extended Application,4,0,4,PDF 1.7,"['https://veterans.georgia.gov/about-us/veterans-service-foundation', 'https://veterans.georgia.gov/about-us/veterans-service-foundation#main-content']",['December\xa027 2024'],Brochure,0.6959036588668823
download,https://veterans.georgia.gov/document/document/foundation-minutes-february-2025/download,2.8MB,2879.646484375,2025-03-07 10:03:09,,,,2025-03-07 10:03:09,HP Scan Extended Application,8,0,8,PDF 1.7,"['https://veterans.georgia.gov/about-us/veterans-service-foundation', 'https://veterans.georgia.gov/about-us/veterans-service-foundation#main-content']",['February\xa02025'],Slides,0.26261669397354126
download,https://veterans.georgia.gov/document/document/march-2025-foundation-minutes/download,1.3MB,1334.0673828125,2025-05-07 07:01:00,,,,2025-05-07 07:01:00,HP Scan Extended Application,4,0,4,PDF 1.7,"['https://veterans.georgia.gov/about-us/veterans-service-foundation', 'https://veterans.georgia.gov/about-us/veterans-service-foundation#main-content']",['March\xa02025'],Brochure,0.6959036588668823
download,https://veterans.georgia.gov/document/document/april-2025-foundation-minutes/download,1.3MB,1300.0205078125,2025-05-07 07:00:07,,,,2025-05-07 07:00:07,HP Scan Extended Application,4,0,4,PDF 1.7,"['https://veterans.georgia.gov/about-us/veterans-service-foundation', 'https://veterans.georgia.gov/about-us/veterans-service-foundation#main-content']",['April\xa02025'],Brochure,0.692377507686615
download,https://veterans.georgia.gov/document/publication/sdvs-2009-ar-2pdf/download,9.1MB,9298.689453125,2010-04-08 12:01:04,,,,2010-04-08 12:00:08,Adobe PDF Library 7.0,64,66,183,PDF 1.4,"['https://veterans.georgia.gov/about-us/annual-report', 'https://veterans.georgia.gov/about-us/annual-report#main-content']",['2009\xa0Annual Report'],Report,0.9454392194747925
download,https://veterans.georgia.gov/document/publication/2010-annual-reportpdf/download,11.1MB,11416.1181640625,2011-04-14 12:03:03,,,,2011-04-14 12:02:07,Adobe PDF Library 7.0,72,72,164,PDF 1.4,"['https://veterans.georgia.gov/about-us/annual-report', 'https://veterans.georgia.gov/about-us/annual-report#main-content']",['2010\xa0Annual Report'],Report,0.9246589541435242
download,https://veterans.georgia.gov/document/publication/2011-annual-report/download,15.0MB,15343.80859375,2012-05-30 10:02:00,,,,2012-05-30 10:01:08,Adobe PDF Library 7.0,76,86,267,PDF 1.4,"['https://veterans.georgia.gov/about-us/annual-report', 'https://veterans.georgia.gov/about-us/annual-report#main-content']",['2011\xa0Annual Report'],Report,0.9255776405334473
download,https://veterans.georgia.gov/document/publication/2012-annual-report/download,8.7MB,8859.2763671875,2013-05-15 09:03:01,,,,2013-05-15 09:03:00,Adobe PDF Library 7.0,76,81,241,PDF 1.4,"['https://veterans.georgia.gov/about-us/annual-report', 'https://veterans.georgia.gov/about-us/annual-report#main-content']",['2012\xa0Annual Report'],Report,0.9465464353561401
download,https://veterans.georgia.gov/document/publication/2013-annual-report/download,6.1MB,6224.5654296875,2014-07-28 11:03:04,,,,2014-07-28 11:03:02,Adobe PDF Library 10.0.1,68,1,165,PDF 1.5,"['https://veterans.georgia.gov/about-us/annual-report', 'https://veterans.georgia.gov/about-us/annual-report#main-content']",['2013\xa0Annual Report'],Report,0.9529728293418884
download,https://veterans.georgia.gov/document/publication/2014-annual-report/download,3.6MB,3701.5,2015-01-13 09:02:07,,,,2015-01-13 09:02:07,Adobe PDF Library 10.0.1,33,3,184,PDF 1.7,"['https://veterans.georgia.gov/about-us/annual-report', 'https://veterans.georgia.gov/about-us/annual-report#main-content']",['2014\xa0Annual Report'],Report,0.8313628435134888
download,https://veterans.georgia.gov/document/publication/2015-annual-report/download,7.0MB,7118.9423828125,2016-01-22 11:03:02,,,,2016-01-14 13:05:00,Adobe PDF Library 10.0.1,36,3,115,PDF 1.4,"['https://veterans.georgia.gov/about-us/annual-report', 'https://veterans.georgia.gov/about-us/annual-report#main-content']",['2015\xa0Annual Report'],Report,0.947431206703186
download,https://veterans.georgia.gov/document/publication/2016-annual-report/download,6.9MB,7018.4560546875,2017-01-30 09:00:08,,,,2017-01-30 09:00:05,Adobe PDF Library 10.0.1,30,2,76,PDF 1.4,"['https://veterans.georgia.gov/about-us/annual-report', 'https://veterans.georgia.gov/about-us/annual-report#main-content']",['2016\xa0Annual Report'],Report,0.8630517721176147
download,https://veterans.georgia.gov/document/publication/2017-annual-report/download,4.3MB,4433.5810546875,2018-01-29 09:01:00,,,,2018-01-26 14:00:05,Adobe PDF Library 10.0.1,28,2,68,PDF 1.4,"['https://veterans.georgia.gov/about-us/annual-report', 'https://veterans.georgia.gov/about-us/annual-report#main-content']",['2017\xa0Annual Report'],Report,0.8640986084938049
download,https://veterans.georgia.gov/document/publication/2018-annual-report/download,5.3MB,5388.7314453125,2019-01-15 11:03:02,,,,2019-01-15 08:04:04,Adobe PDF Library 10.0.1,31,2,80,PDF 1.4,"['https://veterans.georgia.gov/about-us/annual-report', 'https://veterans.georgia.gov/about-us/annual-report#main-content']",['2018\xa0Annual Report'],Report,0.838372528553009
download,https://veterans.georgia.gov/document/document/2019-annual-report/download,5.8MB,5980.251953125,2020-01-16 15:04:02,,,,2020-01-16 15:03:08,Adobe PDF Library 10.0.1,34,2,103,PDF 1.4,"['https://veterans.georgia.gov/about-us/annual-report', 'https://veterans.georgia.gov/about-us/annual-report#main-content']",['2019\xa0Annual Report'],Report,0.8640244007110596
download,https://veterans.georgia.gov/document/document/2020-annual-report/download,9.3MB,9561.201171875,2021-12-10 14:03:02,,,,2021-12-10 14:03:02,Adobe PDF Library 10.0.1,25,0,66,PDF 1.4,"['https://veterans.georgia.gov/about-us/annual-report', 'https://veterans.georgia.gov/about-us/annual-report#main-content']",['2020\xa0Annual Report'],Report,0.8082866072654724
download,https://veterans.georgia.gov/document/document/2021-annual-report/download,12.3MB,12630.5849609375,2023-01-26 11:04:02,,,,2023-01-26 11:04:02,Adobe PDF Library 17.0,26,2,77,PDF 1.4,"['https://veterans.georgia.gov/about-us/annual-report', 'https://veterans.georgia.gov/about-us/annual-report#main-content']",['2021\xa0Annual Report'],Report,0.7991277575492859
download,https://veterans.georgia.gov/document/document/2022-annual-report/download,17.2MB,17633.5703125,2023-07-17 15:03:07,,,,2023-07-14 16:00:02,Adobe PDF Library 17.0,32,3,102,PDF 1.4,"['https://veterans.georgia.gov/about-us/annual-report', 'https://veterans.georgia.gov/about-us/annual-report#main-content']",['2022\xa0Annual Report'],Report,0.8550750613212585
download,https://veterans.georgia.gov/document/document/2023-annual-report/download,5.1MB,5199.7177734375,2024-11-15 10:02:00,,,,2024-11-15 10:01:09,Adobe PDF Library 17.0,32,2,81,PDF 1.4,"['https://veterans.georgia.gov/about-us/annual-report', 'https://veterans.georgia.gov/about-us/annual-report#main-content']",['2023\xa0Annual Report'],Report,0.8384831547737122
download,https://veterans.georgia.gov/document/document/gdvs-ada-public-notice-letter/download,67.1KB,67.0947265625,2025-03-24 14:04:05,GWVH Coordinator,,,2025-03-24 14:04:05,Microsoft® Word for Microsoft 365,2,0,1,PDF 1.7,"['https://veterans.georgia.gov/about-us/ada-notice', 'https://veterans.georgia.gov/about-us/ada-notice#main-content']",['GDVS\xa0ADA Public Notice Letter'],Letter,0.5160332918167114
download,https://veterans.georgia.gov/document/document/dd-24-104-americans-disabilities-act-1990-gdvs/download,725.6KB,725.5908203125,2022-08-15 09:00:01,,,,,Adobe Acrobat Pro DC (64-bit) 22 Paper Capture Plug-in,5,0,7,PDF 1.6,"['https://veterans.georgia.gov/about-us/ada-notice', 'https://veterans.georgia.gov/about-us/ada-notice#main-content']",['Americans\xa0with Disabilities Act'],Brochure,0.2055315375328064
VA S.A.V.E. Training One-Pager ,https://www.mentalhealth.va.gov/suicide_prevention/docs/VA_SAVE_Training.pdf,1.8MB,1862.8291015625,2023-09-05 14:01:00,U.S. Department of Veterans Affairs,VA S.A.V.E. Training Online Course,,2023-09-05 10:05:03,Adobe PDF Library 17.0,2,1,10,PDF 1.5,"['https://veterans.georgia.gov/services/suicide-prevention-and-outreach#main-content', 'https://veterans.georgia.gov/services/suicide-prevention-and-outreach']",['S.A.V.E.'],Brochure,0.8501800298690796
download,https://veterans.georgia.gov/document/document/january-2025-newsletter/download,236.5KB,236.505859375,2025-01-29 08:00:03,Charlotte May,,,2025-01-29 08:00:03,Microsoft® Publisher for Microsoft 365,2,0,10,PDF 1.7,"['https://veterans.georgia.gov/newsletter', 'https://veterans.georgia.gov/newsletter#main-content']",['January'],Brochure,0.6704199910163879
download,https://veterans.georgia.gov/document/document/february-2025-newsletter/download,248.7KB,248.650390625,2025-02-27 09:04:04,Charlotte May,,,2025-02-27 09:04:04,Microsoft® Publisher for Microsoft 365,2,0,11,PDF 1.7,"['https://veterans.georgia.gov/newsletter', 'https://veterans.georgia.gov/newsletter#main-content']",['February'],Brochure,0.6724282503128052
download,https://veterans.georgia.gov/document/document/march-2025-newsletter/download,967.1KB,967.09375,2025-03-28 16:05:09,Charlotte May,,,2025-03-28 16:05:09,Microsoft® Publisher for Microsoft 365,2,1,15,PDF 1.7,"['https://veterans.georgia.gov/newsletter', 'https://veterans.georgia.gov/newsletter#main-content']",['March'],Brochure,0.7111693620681763
download,https://veterans.georgia.gov/document/document/april-2025-newsletter/download,799.6KB,799.5966796875,2025-04-28 13:03:02,Charlotte May,,,2025-04-28 13:03:02,Microsoft® Publisher for Microsoft 365,2,1,14,PDF 1.7,"['https://veterans.georgia.gov/newsletter', 'https://veterans.georgia.gov/newsletter#main-content']",['April'],Brochure,0.7002795934677124
download,https://veterans.georgia.gov/document/document/january-2024-newsletter/download,271.5KB,271.45703125,2024-01-31 08:00:05,Charlotte May,,,2024-01-31 08:00:05,Microsoft® Publisher for Microsoft 365,2,1,11,PDF 1.7,"['https://veterans.georgia.gov/newsletter', 'https://veterans.georgia.gov/newsletter#main-content']",['January'],Brochure,0.694765031337738
download,https://veterans.georgia.gov/document/document/february-2024-newsletter/download,451.2KB,451.205078125,2024-02-29 10:03:05,Charlotte May,,,2024-02-29 10:03:05,Microsoft® Publisher for Microsoft 365,2,0,12,PDF 1.7,"['https://veterans.georgia.gov/newsletter', 'https://veterans.georgia.gov/newsletter#main-content']",['February'],Brochure,0.7465805411338806
download,https://veterans.georgia.gov/document/document/march-2024-newsletter/download,611.5KB,611.4501953125,2024-03-28 08:04:08,Charlotte May,,,2024-03-28 08:04:08,Microsoft® Publisher for Microsoft 365,2,2,14,PDF 1.7,"['https://veterans.georgia.gov/newsletter', 'https://veterans.georgia.gov/newsletter#main-content']",['March'],Brochure,0.6795384883880615
download,https://veterans.georgia.gov/document/document/april-2024-newsletter/download,672.6KB,672.5595703125,2024-04-29 13:03:02,Charlotte May,,,2024-04-29 13:03:02,Microsoft® Publisher for Microsoft 365,2,1,15,PDF 1.7,"['https://veterans.georgia.gov/newsletter', 'https://veterans.georgia.gov/newsletter#main-content']",['April'],Brochure,0.7027043104171753
download,https://veterans.georgia.gov/document/document/may-2024-newsletter/download,696.3KB,696.28125,2024-05-30 08:05:04,Charlotte May,,,2024-05-30 08:05:04,Microsoft® Publisher for Microsoft 365,2,2,17,PDF 1.7,"['https://veterans.georgia.gov/newsletter', 'https://veterans.georgia.gov/newsletter#main-content']",['May'],Brochure,0.7011856436729431
download,https://veterans.georgia.gov/document/document/june-2024-newsletter/download,422.8KB,422.7861328125,2024-06-28 07:01:06,Charlotte May,,,2024-06-28 07:01:06,Microsoft® Publisher for Microsoft 365,2,1,13,PDF 1.7,"['https://veterans.georgia.gov/newsletter', 'https://veterans.georgia.gov/newsletter#main-content']",['June'],Brochure,0.7453872561454773
download,https://veterans.georgia.gov/document/document/july-2024-newsletter/download,344.4KB,344.4033203125,2024-07-26 09:00:05,Charlotte May,,,2024-07-26 09:00:05,Microsoft® Publisher for Microsoft 365,2,0,11,PDF 1.7,"['https://veterans.georgia.gov/newsletter', 'https://veterans.georgia.gov/newsletter#main-content']",['July'],Brochure,0.6932342648506165
download,https://veterans.georgia.gov/document/document/august-2024-newsletter/download,315.2KB,315.1962890625,2024-08-28 16:02:01,Charlotte May,,,2024-08-28 16:02:01,Microsoft® Publisher for Microsoft 365,2,0,11,PDF 1.7,"['https://veterans.georgia.gov/newsletter', 'https://veterans.georgia.gov/newsletter#main-content']",['August'],Brochure,0.6835936903953552
download,https://veterans.georgia.gov/document/document/september-2024-newsletter/download,420.3KB,420.3427734375,2024-09-27 09:01:00,Charlotte May,,,2024-09-27 09:01:00,Microsoft® Publisher for Microsoft 365,2,1,14,PDF 1.7,"['https://veterans.georgia.gov/newsletter', 'https://veterans.georgia.gov/newsletter#main-content']",['September'],Brochure,0.7453872561454773
download,https://veterans.georgia.gov/document/document/october-2024-newsletter/download,1.1MB,1154.3984375,2024-10-29 12:04:00,Charlotte May,,,2024-10-29 12:04:00,Microsoft® Publisher for Microsoft 365,2,1,12,PDF 1.7,"['https://veterans.georgia.gov/newsletter', 'https://veterans.georgia.gov/newsletter#main-content']",['October'],Brochure,0.7307016849517822
download,https://veterans.georgia.gov/document/document/november-2024-newsletter/download,1.4MB,1444.2158203125,2024-11-22 14:04:03,Charlotte May,,,2024-11-22 14:04:03,Microsoft® Publisher for Microsoft 365,2,3,21,PDF 1.7,"['https://veterans.georgia.gov/newsletter', 'https://veterans.georgia.gov/newsletter#main-content']",['November'],Brochure,0.6838541626930237
download,https://veterans.georgia.gov/document/document/december-2024-newsletter/download,2.0MB,2056.85546875,2024-12-18 16:01:01,Charlotte May,,,2024-12-18 16:01:01,Microsoft® Publisher for Microsoft 365,2,3,23,PDF 1.7,"['https://veterans.georgia.gov/newsletter', 'https://veterans.georgia.gov/newsletter#main-content']",['December'],Brochure,0.6759015321731567
download,https://veterans.georgia.gov/document/document/january-2023-newsletter/download,457.4KB,457.3857421875,2023-01-25 15:01:00,Charlotte May,,,2023-01-25 15:01:00,Microsoft® Publisher for Microsoft 365,2,0,15,PDF 1.7,"['https://veterans.georgia.gov/newsletter', 'https://veterans.georgia.gov/newsletter#main-content']",['January'],Brochure,0.7475488781929016
download,https://veterans.georgia.gov/document/document/february-2023-newsletter/download,702.8KB,702.80078125,2023-02-27 14:03:01,Charlotte May,,,2023-02-27 14:03:01,Microsoft® Publisher for Microsoft 365,2,2,15,PDF 1.7,"['https://veterans.georgia.gov/newsletter', 'https://veterans.georgia.gov/newsletter#main-content']",['February'],Brochure,0.7011856436729431
download,https://veterans.georgia.gov/document/document/march-2023-newsletter/download,730.2KB,730.201171875,2023-03-28 11:05:09,Charlotte May,,,2023-03-28 11:05:09,Microsoft® Publisher for Microsoft 365,2,1,14,PDF 1.7,"['https://veterans.georgia.gov/newsletter', 'https://veterans.georgia.gov/newsletter#main-content']",['March'],Brochure,0.7011856436729431
download,https://veterans.georgia.gov/document/document/april-2023-newsletter/download,736.0KB,736.0380859375,2023-04-28 07:04:00,Charlotte May,,,2023-04-28 07:04:00,Microsoft® Publisher for Microsoft 365,2,2,20,PDF 1.7,"['https://veterans.georgia.gov/newsletter', 'https://veterans.georgia.gov/newsletter#main-content']",['April'],Brochure,0.7011856436729431
download,https://veterans.georgia.gov/document/document/may-2023-newsletter/download,1.4MB,1466.8115234375,2023-05-31 08:04:05,Charlotte May,,,2023-05-31 08:04:05,Microsoft® Publisher for Microsoft 365,3,4,32,PDF 1.7,"['https://veterans.georgia.gov/newsletter', 'https://veterans.georgia.gov/newsletter#main-content']",['May'],Brochure,0.6657379865646362
download,https://veterans.georgia.gov/document/document/june-2023-newsletter/download,1.1MB,1119.001953125,2023-06-29 14:05:07,Charlotte May,,,2023-06-29 14:05:07,Microsoft® Publisher for Microsoft 365,2,3,18,PDF 1.7,"['https://veterans.georgia.gov/newsletter', 'https://veterans.georgia.gov/newsletter#main-content']",['June'],Brochure,0.7231314778327942
download,https://veterans.georgia.gov/document/document/july-2023-newsletter/download,641.4KB,641.35546875,2023-07-31 08:02:03,Charlotte May,,,2023-07-31 08:02:03,Microsoft® Publisher for Microsoft 365,2,0,15,PDF 1.7,"['https://veterans.georgia.gov/newsletter', 'https://veterans.georgia.gov/newsletter#main-content']",['July'],Brochure,0.7027043104171753
download,https://veterans.georgia.gov/document/document/august-2023-newsletter/download,771.9KB,771.865234375,2023-08-31 08:02:08,Charlotte May,,,2023-08-31 08:02:08,Microsoft® Publisher for Microsoft 365,2,1,16,PDF 1.7,"['https://veterans.georgia.gov/newsletter', 'https://veterans.georgia.gov/newsletter#main-content']",['August'],Brochure,0.6987543106079102
download,https://veterans.georgia.gov/document/document/september-2023-newsletter/download,765.0KB,765.0498046875,2023-09-27 07:03:08,Charlotte May,,,2023-09-27 07:03:08,Microsoft® Publisher for Microsoft 365,2,1,16,PDF 1.7,"['https://veterans.georgia.gov/newsletter', 'https://veterans.georgia.gov/newsletter#main-content']",['September'],Brochure,0.6987543106079102
download,https://veterans.georgia.gov/document/document/october-2023-newsletter/download,854.4KB,854.4208984375,2023-10-26 09:04:02,Charlotte May,,,2023-10-26 09:04:02,Microsoft® Publisher for Microsoft 365,2,1,15,PDF 1.7,"['https://veterans.georgia.gov/newsletter', 'https://veterans.georgia.gov/newsletter#main-content']",['October'],Brochure,0.7031525373458862
download,https://veterans.georgia.gov/document/document/november-2023-newsletter/download,1.0MB,1075.1162109375,2023-11-29 10:03:02,Charlotte May,,,2023-11-29 10:03:02,Microsoft® Publisher for Microsoft 365,2,1,19,PDF 1.7,"['https://veterans.georgia.gov/newsletter', 'https://veterans.georgia.gov/newsletter#main-content']",['November'],Brochure,0.7231314778327942
download,https://veterans.georgia.gov/document/document/december-2023-newsletter/download,819.3KB,819.3427734375,2023-12-20 08:05:05,Charlotte May,,,2023-12-20 08:05:05,Microsoft® Publisher for Microsoft 365,2,2,13,PDF 1.7,"['https://veterans.georgia.gov/newsletter', 'https://veterans.georgia.gov/newsletter#main-content']",['December'],Brochure,0.6969953179359436
download,https://veterans.georgia.gov/document/document/newsletter-may-2022/download,455.5KB,455.515625,2022-04-29 15:04:04,Charlotte May,,,2022-04-29 15:04:04,Microsoft® Publisher for Microsoft 365,2,0,12,PDF 1.7,"['https://veterans.georgia.gov/newsletter', 'https://veterans.georgia.gov/newsletter#main-content']",['May'],Brochure,0.7465805411338806
download,https://veterans.georgia.gov/document/document/june-2022-newsletter/download,1.9MB,1929.1240234375,2022-06-02 15:00:07,Charlotte May,,,2022-06-02 15:00:07,Microsoft® Publisher for Microsoft 365,2,1,24,PDF 1.7,"['https://veterans.georgia.gov/newsletter', 'https://veterans.georgia.gov/newsletter#main-content']",['June'],Brochure,0.642469584941864
download,https://veterans.georgia.gov/document/document/july-2022-newsletter/download,658.9KB,658.9228515625,2022-07-11 15:03:03,Charlotte May,,,2022-07-11 15:03:03,Microsoft® Publisher for Microsoft 365,2,0,14,PDF 1.7,"['https://veterans.georgia.gov/newsletter', 'https://veterans.georgia.gov/newsletter#main-content']",['July'],Brochure,0.7027043104171753
download,https://veterans.georgia.gov/document/document/august-newsletter/download,1.0MB,1055.0419921875,2022-08-25 08:02:08,Charlotte May,,,2022-08-25 08:02:08,Microsoft® Publisher for Microsoft 365,2,1,15,PDF 1.7,"['https://veterans.georgia.gov/newsletter', 'https://veterans.georgia.gov/newsletter#main-content']",['August'],Brochure,0.7231314778327942
download,https://veterans.georgia.gov/document/document/september-newsletter/download,1.4MB,1460.34375,2022-09-27 16:05:08,Charlotte May,,,2022-09-27 16:05:08,Microsoft® Publisher for Microsoft 365,2,1,16,PDF 1.7,"['https://veterans.georgia.gov/newsletter', 'https://veterans.georgia.gov/newsletter#main-content']",['September'],Brochure,0.6838541626930237
download,https://veterans.georgia.gov/document/document/october-2022-newsletter/download,1.2MB,1240.8916015625,2022-10-26 12:04:02,Charlotte May,,,2022-10-26 12:04:02,Microsoft® Publisher for Microsoft 365,2,1,14,PDF 1.7,"['https://veterans.georgia.gov/newsletter', 'https://veterans.georgia.gov/newsletter#main-content']",['October'],Brochure,0.7324613332748413
download,https://veterans.georgia.gov/document/document/newsletter-november-2022/download,1.1MB,1138.853515625,2022-11-28 13:05:00,Charlotte May,,,2022-11-21 15:01:01,Microsoft® Publisher for Microsoft 365,2,1,19,PDF 1.7,"['https://veterans.georgia.gov/newsletter', 'https://veterans.georgia.gov/newsletter#main-content']",['November'],Brochure,0.7307016849517822
download,https://veterans.georgia.gov/document/document/newsletter-december-2022/download,2.5MB,2525.21875,2022-12-21 10:01:00,Charlotte May,,,2022-12-21 10:01:00,Microsoft® Publisher for Microsoft 365,2,2,15,PDF 1.7,"['https://veterans.georgia.gov/newsletter', 'https://veterans.georgia.gov/newsletter#main-content']",['December'],Brochure,0.5559432506561279
VA Form 22-1990,https://www.vba.va.gov/pubs/forms/vba-22-1990-are.pdf,1.7MB,1693.6708984375,2025-02-10 08:02:04,N. Kessinger,APPLICATION FOR VA EDUCATION BENEFITS ,,2025-02-10 08:02:04,Designer 6.5,7,5,2,PDF 1.7,"['https://veterans.georgia.gov/services/education-training/educational-benefits/chapter-1607-montgomery-gi-bill', 'https://veterans.georgia.gov/services/education-training/educational-benefits/chapter-1607-montgomery-gi-bill#main-content']","['VA Form 22-1990 Application for VA Education Benefits', '""Application for VA Education Benefits"" (VA Form 22-1990)']",Form,0.9959898591041565
VA Form 22-1995,https://www.vba.va.gov/pubs/forms/VBA-22-1995-ARE.pdf,958.4KB,958.419921875,2024-09-04 12:00:05,,REQUEST FOR CHANGE OF PROGRAM OR PLACE OF TRAINING,,2024-09-04 12:00:05,Designer 6.5,4,4,1,PDF 1.7,"['https://veterans.georgia.gov/services/education-training/educational-benefits/chapter-1607-montgomery-gi-bill', 'https://veterans.georgia.gov/services/education-training/educational-benefits/chapter-1607-montgomery-gi-bill#main-content']",['VA Form 22-1995 Request For Change of Program or Place of Training'],Form,0.994371235370636
download,https://veterans.georgia.gov/document/document/va-form-10-10ez-2022/download,993.7KB,993.7080078125,,,,,2022-03-14 16:00:00,PDFium,5,4,2,PDF 1.7,"['https://veterans.georgia.gov/services/nursing-homes/gwvh-milledgeville/gwvh-forms#main-content', 'https://veterans.georgia.gov/services/nursing-homes/gwvh-milledgeville/gwvh-forms', 'https://veterans.georgia.gov/services/nursing-homes/gwvnh-augusta/gwvnh-forms#main-content', 'https://veterans.georgia.gov/services/nursing-homes/gwvnh-augusta/gwvnh-forms']",['Application\xa0for Health Benefits'],Form,0.9256138801574707
download,https://veterans.georgia.gov/document/document/va-form-10-10ezr-2022/download,923.8KB,923.759765625,,,,,2022-03-14 16:00:00,PDFium,4,3,2,PDF 1.7,"['https://veterans.georgia.gov/services/nursing-homes/gwvh-milledgeville/gwvh-forms#main-content', 'https://veterans.georgia.gov/services/nursing-homes/gwvh-milledgeville/gwvh-forms', 'https://veterans.georgia.gov/services/nursing-homes/gwvnh-augusta/gwvnh-forms#main-content', 'https://veterans.georgia.gov/services/nursing-homes/gwvnh-augusta/gwvnh-forms']",['Health\xa0Benefits Update Form'],Form,0.9625763297080994
VA Form 10-10SH,https://veterans.georgia.gov/document/document/va-form-10-10sh-2021/download,1.2MB,1181.439453125,2021-08-23 09:04:09,VHA,"
STATE HOME PROGRAM APPLICATION FOR VETERAN CARE MEDICAL CERTIFICATION",,2021-03-05 10:05:06,Designer 6.3,5,6,5,PDF 1.7,"['https://veterans.georgia.gov/services/nursing-homes/gwvnh-augusta/gwvnh-forms#main-content', 'https://veterans.georgia.gov/services/nursing-homes/gwvnh-augusta/gwvnh-forms']",['State\xa0Home Program Application for Veteran Care Medical Certification'],Form,0.9819632768630981
Application for Admission to a Georgia War Veterans Home,https://veterans.georgia.gov/document/publication/application-admission-georgia-war-veterans-home/download,129.3KB,129.2802734375,2017-06-27 12:04:01,Georgia Department of Veterans Service,,,2015-06-12 09:04:05,Adobe PDF Library 10.0.1,4,0,0,PDF 1.7,"['https://veterans.georgia.gov/services/nursing-homes/gwvh-milledgeville/gwvh-forms#main-content', 'https://veterans.georgia.gov/services/nursing-homes/gwvh-milledgeville/gwvh-forms', 'https://veterans.georgia.gov/services/nursing-homes/gwvnh-augusta/gwvnh-forms#main-content', 'https://veterans.georgia.gov/services/nursing-homes/gwvnh-augusta/gwvnh-forms']",['Application\xa0for Admission to a Georgia War Veterans Home'],Form,0.92760169506073
Applicant Activities of Daily Living Survey Form,https://veterans.georgia.gov/document/publication/applicant-activities-daily-living-survey-form/download,979.2KB,979.2041015625,2015-06-15 14:04:02,,Georgia Department of Veterans Service,,2015-06-12 10:03:00,Adobe PDF Library 10.0.1,2,0,0,PDF 1.7,"['https://veterans.georgia.gov/services/nursing-homes/gwvh-milledgeville/gwvh-forms#main-content', 'https://veterans.georgia.gov/services/nursing-homes/gwvh-milledgeville/gwvh-forms', 'https://veterans.georgia.gov/services/nursing-homes/gwvnh-augusta/gwvnh-forms#main-content', 'https://veterans.georgia.gov/services/nursing-homes/gwvnh-augusta/gwvnh-forms']",['Applicant\xa0Activities of Daily Living Survey Form'],Form,0.9959242343902588
download,https://veterans.georgia.gov/document/publication/state-veterans-home-payment-agreement/download,530.6KB,530.640625,2022-11-08 09:03:07,Charles Esposito,,,2013-02-01 09:04:07,Adobe LiveCycle Designer ES 9.0,3,1,1,PDF 1.6,"['https://veterans.georgia.gov/services/nursing-homes/gwvh-milledgeville/gwvh-forms#main-content', 'https://veterans.georgia.gov/services/nursing-homes/gwvh-milledgeville/gwvh-forms', 'https://veterans.georgia.gov/services/nursing-homes/gwvnh-augusta/gwvnh-forms#main-content', 'https://veterans.georgia.gov/services/nursing-homes/gwvnh-augusta/gwvnh-forms']",['State\xa0Veterans Home Payment Agreement'],Form,0.7190665602684021
10-10SH,https://veterans.georgia.gov/document/publication/state-home-program-application-veteran-care-medical-certification/download,3.0MB,3069.908203125,2017-03-17 12:03:09,"Information Analysis, Inc.",STATE HOME PROGRAM APPLICATION FOR VETERAN CARE MEDICAL CERTIFICATION,,2016-12-22 14:00:01,Adobe LiveCycle Designer ES 10.0,1,0,0,PDF 1.7,"['https://veterans.georgia.gov/services/nursing-homes/gwvh-milledgeville/gwvh-forms#main-content', 'https://veterans.georgia.gov/services/nursing-homes/gwvh-milledgeville/gwvh-forms']",['State\xa0Home Program Application for Veteran Care Medical Certification'],Form,0.6990675330162048
Microsoft Word - Application For Burial- Glennville.doc,https://veterans.georgia.gov/document/document/burial-app-vs-form-28-001g/download,346.4KB,346.443359375,2024-11-05 10:04:04,GDVSCEMDIR01,,,2024-10-28 11:00:08,Adobe PDF Library 17.11.238,2,0,0,PDF 1.6,"['https://veterans.georgia.gov/node/941#main-content', 'https://veterans.georgia.gov/services/memorial-cemeteries/gvmc-glennville/application-burial', 'https://veterans.georgia.gov/node/941', 'https://veterans.georgia.gov/services/memorial-cemeteries/gvmc-glennville/application-burial#main-content']",['Burial\xa0App VS Form 28-003G'],Form,0.9683042168617249
Microsoft Word - Application For Burial - Milledgeville1015.docx,https://veterans.georgia.gov/document/publication/vs-form-28-002m/download,50.1KB,50.142578125,2016-02-19 09:05:04,GDVSCEMDIR01,,,2016-02-19 09:03:07,Nuance PDF Create,2,0,0,PDF 1.5,"['https://veterans.georgia.gov/node/946#main-content', 'https://veterans.georgia.gov/services/memorial-cemeteries/gvmc-milledgeville/application-burial#main-content', 'https://veterans.georgia.gov/node/946', 'https://veterans.georgia.gov/services/memorial-cemeteries/gvmc-milledgeville/application-burial']",['VS Form 28-002M'],Form,0.9934133887290955
National Strategy for Preventing Veteran Suicide,https://www.mentalhealth.va.gov/suicide_prevention/docs/Office-of-Mental-Health-and-Suicide-Prevention-National-Strategy-for-Preventing-Veterans-Suicide.pdf,2.8MB,2867.4208984375,2018-06-19 18:03:08,,"U.S. Department of Veterans Affairs, Office of Mental Health and Suicide Prevention",,2018-06-14 11:04:08,Adobe PDF Library 15.0,42,1,15,PDF 1.6,"['https://veterans.georgia.gov/services/suicide-prevention-and-outreach/governors-challenge#main-content', 'https://veterans.georgia.gov/services/suicide-prevention-and-outreach/governors-challenge']",['National Strategy for Preventing Veteran Suicide'],Report,0.5973119735717773
Disability%20License%20Application%20with%20Memo%20and%20Affidavit%20-%2008-29-2023%20-%20Web.pdf,https://georgiawildlife.com/sites/default/files/Disability%20License%20Application%20with%20Memo%20and%20Affidavit%20-%2008-29-2023%20-%20Web.pdf,527.9KB,527.9306640625,2023-08-29 13:04:03,sdearman1,,,2023-08-29 12:03:02,Microsoft® Word for Microsoft 365,4,2,3,PDF 1.7,"['https://veterans.georgia.gov/book/export/html/1496', 'https://veterans.georgia.gov/hunting-and-fishing-licenses#main-content', 'https://veterans.georgia.gov/hunting-and-fishing-licenses', 'https://veterans.georgia.gov/book/export/html/1566']","['on the form', 'the application form']",Form,0.9853687882423401
download,https://veterans.georgia.gov/document/document/vso-form-40-025/download,261.4KB,261.373046875,2022-07-28 14:02:01,dholtz,,,2022-06-03 08:04:09,,1,0,1,PDF 1.7,"['https://veterans.georgia.gov/business-certificate-exemption#main-content', 'https://veterans.georgia.gov/business-certificate-exemption', 'https://veterans.georgia.gov/book/export/html/18001', 'https://veterans.georgia.gov/book/export/html/1496', 'https://veterans.georgia.gov/book/export/html/1506']","['VSO\xa0Form 40-025', 'VS\n \nForm 40-025 Application for a Veterans Business Certificate of Exemption']",Form,0.9509856104850769
LGS-Homestead - Application for Homestead Exemption,https://veterans.georgia.gov/document/document/lgs-homesteadapplicationforhomesteadexemptionpdf/download,374.0KB,373.9970703125,2022-02-07 12:05:00,,APPLICATION FOR HOMESTEAD EXEMPTION,APPLICATION FOR HOMESTEAD EXEMPTION,2007-02-14 07:04:00,Adobe PDF library 7.77,2,3,0,PDF 1.6,"['https://veterans.georgia.gov/book/export/html/1511', 'https://veterans.georgia.gov/disabled-veteran-homestead-tax-exemption#main-content', 'https://veterans.georgia.gov/book/export/html/1496', 'https://veterans.georgia.gov/book/export/html/1506', 'https://veterans.georgia.gov/disabled-veteran-homestead-tax-exemption']",['Application\n \nfor Homestead Exemption'],Form,0.887007474899292
Microsoft Word - DS516B (021522),https://dds.georgia.gov/document/document/application-veterans-licenseid-card/download,806.0KB,805.994140625,2025-04-15 10:00:06,lgoseer,,,2022-03-03 10:04:00,Microsoft: Print To PDF,1,1,0,PDF 1.7,"['https://veterans.georgia.gov/honorary-drivers-license-spouse#main-content', 'https://veterans.georgia.gov/book/export/html/1521', 'https://veterans.georgia.gov/honorary-drivers-license-spouse', 'https://veterans.georgia.gov/book/export/html/1531', 'https://veterans.georgia.gov/book/export/html/1496']",['Certificate of Eligibility (DS-516)'],Diagram,0.6084741950035095
Safe Messaging Best Practices: A guide for anyone communicating and writing about Veteran suicide,https://www.mentalhealth.va.gov/suicide_prevention/docs/OMH-086-VA-OMHSP-Safe-Messaging-Factsheet-4-9-2019.pdf,2.5MB,2609.666015625,2019-03-25 13:04:08,U.S. Department of Veterans Affairs Office of Mental Health and Suicide Prevention,Safe messaging best practices,,2019-03-25 10:01:01,Adobe PDF Library 15.0,6,5,18,PDF 1.5,"['https://veterans.georgia.gov/press-releases/2023-09-12/media-advisory-ssg-fox-suicide-prevention-awareness-forum#main-content', 'https://veterans.georgia.gov/press-releases/2022-10-13/gdvs-awarded-va-suicide-prevention-grant#main-content', 'https://veterans.georgia.gov/press-releases/2024-10-15/gdvs-ames-awarded-3rd-year-ssg-fox-spgp#main-content', 'https://veterans.georgia.gov/press-releases/2024-10-15/gdvs-ames-awarded-3rd-year-ssg-fox-spgp', 'https://veterans.georgia.gov/press-releases/2022-10-13/gdvs-awarded-va-suicide-prevention-grant', 'https://veterans.georgia.gov/press-releases/2023-09-12/media-advisory-ssg-fox-suicide-prevention-awareness-forum']",['VA’s Safe Messaging Best Practices'],Policy,0.25862768292427063
VA 1-on-1 Veteran Assistance Expo,https://veterans.georgia.gov/document/document/v2-augusta-veterans-exposave-date508pdf/download,901.5KB,901.494140625,2025-04-16 09:05:08,US Department of Veterans Affairs/VA/VEO,"Event flyer: place, time, services offered",,2025-03-27 12:00:08,Adobe PDF Library 16.0.7,1,1,10,PDF 1.7,"['https://veterans.georgia.gov/events/2025-05-14/augusta-veterans-expo', 'https://veterans.georgia.gov/events/2025-05-14/augusta-veterans-expo#main-content']",['V2-\xa0Augusta Veterans Expo__Save-the-Date_508.pdf'],Diagram,0.81638103723526
download,https://veterans.georgia.gov/document/document/sponsorship-groups-supporting-state-cemeteries-2023/download,103.3KB,103.341796875,2023-11-16 15:05:04,"Memorials, Health",,,2023-11-16 15:05:04,Microsoft® Word for Microsoft 365,1,0,0,PDF 1.7,"['https://veterans.georgia.gov/events/2023-12-16/wreaths-across-america', 'https://veterans.georgia.gov/events/2023-12-16/wreaths-across-america#main-content']",['Sponsorship\xa0Groups Supporting State Cemeteries 2023'],Letter,0.23355348408222198
download,https://veterans.georgia.gov/document/document/waa-milledgeville/download,207.3KB,207.2783203125,2023-11-16 15:05:06,,,,,,1,3,2,PDF 1.6,"['https://veterans.georgia.gov/events/2023-12-16/wreaths-across-america', 'https://veterans.georgia.gov/events/2023-12-16/wreaths-across-america#main-content']",['WAA-Milledgeville'],Diagram,0.3101957142353058
download,https://veterans.georgia.gov/document/document/waa-glennville/download,61.6KB,61.6123046875,2023-11-16 15:05:05,,,,,,1,0,1,PDF 1.6,"['https://veterans.georgia.gov/events/2023-12-16/wreaths-across-america', 'https://veterans.georgia.gov/events/2023-12-16/wreaths-across-america#main-content']",['WAA-Glennville'],Form,0.338887482881546
Give Thanks Flyer v2.pdf,https://veterans.georgia.gov/document/document/give-thanks-flyer-v211pdf/download,1.3MB,1310.2138671875,2023-10-03 20:05:07,brada,,,2023-10-03 20:05:07,Acrobat Distiller 23.0 (Windows),1,0,77,PDF 1.6,"['https://veterans.georgia.gov/events/2023-11-04/give-thanks-veteran-appreciation-celebration#main-content', 'https://veterans.georgia.gov/events/2023-11-04/give-thanks-veteran-appreciation-celebration']",['Give\xa0Thanks Flyer v2_1(1).pdf'],Flyer,0.9178715348243713
download,https://veterans.georgia.gov/document/document/womenvetsymposium2023pdf/download,1.1MB,1098.8271484375,2023-10-11 11:03:00,,,,2023-10-11 11:02:09,Adobe Acrobat 23.6 Image Conversion Plug-in,1,0,1,PDF 1.6,"['https://veterans.georgia.gov/events/2023-11-04/women-veterans-symposium', 'https://veterans.georgia.gov/events/2023-11-04/women-veterans-symposium#main-content']",['womenvet_symposium2023.pdf'],Diagram,0.36951833963394165
download,https://veterans.georgia.gov/document/document/sba-veteran-sbw-ga-vectr-flyerpdf/download,110.1KB,110.1015625,2023-10-11 11:04:04,,,,2023-10-10 16:03:05,,1,0,0,PDF 1.7,"['https://veterans.georgia.gov/events/2023-11-01/veterans-small-business-week#main-content', 'https://veterans.georgia.gov/events/2023-11-01/veterans-small-business-week']",['SBA\xa0Veteran SBW GA VECTR_ Flyer.pdf'],Letter,0.2106848508119583
